* Collecting dependencies............................................................................................................................................................................................................................................................

 * libavdevice.63.1.101.dylib from /opt/homebrew/Cellar/ffmpeg/9.0.1/lib/
     symlink --> /opt/homebrew/Cellar/ffmpeg/9.0.1/lib/libavdevice.63.dylib

 * libavfilter.12.1.101.dylib from /opt/homebrew/Cellar/ffmpeg/9.0.1/lib/
     symlink --> /opt/homebrew/Cellar/ffmpeg/9.0.1/lib/libavfilter.12.dylib

 * libavformat.63.1.101.dylib from /opt/homebrew/Cellar/ffmpeg/9.0.1/lib/
     symlink --> /opt/homebrew/Cellar/ffmpeg/9.0.1/lib/libavformat.63.dylib

 * libavcodec.63.1.101.dylib from /opt/homebrew/Cellar/ffmpeg/9.0.1/lib/
     symlink --> /opt/homebrew/Cellar/ffmpeg/9.0.1/lib/libavcodec.63.dylib

 * libswresample.7.1.101.dylib from /opt/homebrew/Cellar/ffmpeg/9.0.1/lib/
     symlink --> /opt/homebrew/Cellar/ffmpeg/9.0.1/lib/libswresample.7.dylib

 * libswscale.10.1.101.dylib from /opt/homebrew/Cellar/ffmpeg/9.0.1/lib/
     symlink --> /opt/homebrew/Cellar/ffmpeg/9.0.1/lib/libswscale.10.dylib

 * libavutil.61.1.101.dylib from /opt/homebrew/Cellar/ffmpeg/9.0.1/lib/
     symlink --> /opt/homebrew/Cellar/ffmpeg/9.0.1/lib/libavutil.61.dylib

 * libvmaf.3.dylib from /opt/homebrew/Cellar/libvmaf/3.2.0/lib/
     symlink --> /opt/homebrew/opt/libvmaf/lib/libvmaf.3.dylib

 * libssl.3.dylib from /opt/homebrew/Cellar/openssl@3/3.6.3/lib/
     symlink --> /opt/homebrew/opt/openssl@3/lib/libssl.3.dylib

 * libcrypto.3.dylib from /opt/homebrew/Cellar/openssl@3/3.6.3/lib/
     symlink --> /opt/homebrew/opt/openssl@3/lib/libcrypto.3.dylib

 * libvpx.12.dylib from /opt/homebrew/Cellar/libvpx/1.16.0/lib/
     symlink --> /opt/homebrew/opt/libvpx/lib/libvpx.12.dylib

 * liblzma.5.dylib from /opt/homebrew/Cellar/xz/5.8.3/lib/
     symlink --> /opt/homebrew/opt/xz/lib/liblzma.5.dylib

 * libdav1d.7.dylib from /opt/homebrew/Cellar/dav1d/1.5.4/lib/
     symlink --> /opt/homebrew/opt/dav1d/lib/libdav1d.7.dylib

 * libmp3lame.0.dylib from /opt/homebrew/Cellar/lame/4.0/lib/
     symlink --> /opt/homebrew/opt/lame/lib/libmp3lame.0.dylib

 * libopus.0.dylib from /opt/homebrew/Cellar/opus/1.6.1/lib/
     symlink --> /opt/homebrew/opt/opus/lib/libopus.0.dylib

 * libSvtAv1Enc.4.2.0.dylib from /opt/homebrew/Cellar/svt-av1/4.2.0/lib/
     symlink --> /opt/homebrew/opt/svt-av1/lib/libSvtAv1Enc.4.dylib

 * libx264.165.dylib from /opt/homebrew/Cellar/x264/r3222/lib/
     symlink --> /opt/homebrew/opt/x264/lib/libx264.165.dylib

 * libx265.216.dylib from /opt/homebrew/Cellar/x265/4.2/lib/
     symlink --> /opt/homebrew/opt/x265/lib/libx265.216.dylib

 * libmpg123.0.dylib from /opt/homebrew/Cellar/mpg123/1.33.7/lib/
     symlink --> /opt/homebrew/opt/mpg123/lib/libmpg123.0.dylib

* Checking output directory /Users/jaydenmanno/AI/MoneyPrinterTurbo/desktop/build/final/stage/lib/

* Processing dependency /Users/jaydenmanno/AI/MoneyPrinterTurbo/desktop/build/final/stage/lib/libmpg123.0.dylib
    cp -f "/opt/homebrew/Cellar/mpg123/1.33.7/lib/libmpg123.0.dylib" "/Users/jaydenmanno/AI/MoneyPrinterTurbo/desktop/build/final/stage/lib/libmpg123.0.dylib"
    chmod +w "/Users/jaydenmanno/AI/MoneyPrinterTurbo/desktop/build/final/stage/lib/libmpg123.0.dylib"
    install_name_tool -id "@executable_path/../lib/libmpg123.0.dylib" "/Users/jaydenmanno/AI/MoneyPrinterTurbo/desktop/build/final/stage/lib/libmpg123.0.dylib"
/Applications/Xcode.app/Contents/Developer/Toolchains/XcodeDefault.xctoolchain/usr/bin/install_name_tool: warning: changes being made to the file will invalidate the code signature in: /Users/jaydenmanno/AI/MoneyPrinterTurbo/desktop/build/final/stage/lib/libmpg123.0.dylib
    ..
  * Fixing dependencies on /Users/jaydenmanno/AI/MoneyPrinterTurbo/desktop/build/final/stage/lib/libmpg123.0.dylib
    codesign --force --deep --preserve-metadata=entitlements,requirements,flags,runtime --sign - "/Users/jaydenmanno/AI/MoneyPrinterTurbo/desktop/build/final/stage/lib/libmpg123.0.dylib"
/Users/jaydenmanno/AI/MoneyPrinterTurbo/desktop/build/final/stage/lib/libmpg123.0.dylib: replacing existing signature

* Processing dependency /Users/jaydenmanno/AI/MoneyPrinterTurbo/desktop/build/final/stage/lib/libx265.216.dylib
    cp -f "/opt/homebrew/Cellar/x265/4.2/lib/libx265.216.dylib" "/Users/jaydenmanno/AI/MoneyPrinterTurbo/desktop/build/final/stage/lib/libx265.216.dylib"
    chmod +w "/Users/jaydenmanno/AI/MoneyPrinterTurbo/desktop/build/final/stage/lib/libx265.216.dylib"
    install_name_tool -id "@executable_path/../lib/libx265.216.dylib" "/Users/jaydenmanno/AI/MoneyPrinterTurbo/desktop/build/final/stage/lib/libx265.216.dylib"
/Applications/Xcode.app/Contents/Developer/Toolchains/XcodeDefault.xctoolchain/usr/bin/install_name_tool: warning: changes being made to the file will invalidate the code signature in: /Users/jaydenmanno/AI/MoneyPrinterTurbo/desktop/build/final/stage/lib/libx265.216.dylib
    ...
  * Fixing dependencies on /Users/jaydenmanno/AI/MoneyPrinterTurbo/desktop/build/final/stage/lib/libx265.216.dylib
    install_name_tool -rpath "@loader_path/../lib" "@executable_path/../lib/" "/Users/jaydenmanno/AI/MoneyPrinterTurbo/desktop/build/final/stage/lib/libx265.216.dylib"
/Applications/Xcode.app/Contents/Developer/Toolchains/XcodeDefault.xctoolchain/usr/bin/install_name_tool: warning: changes being made to the file will invalidate the code signature in: /Users/jaydenmanno/AI/MoneyPrinterTurbo/desktop/build/final/stage/lib/libx265.216.dylib
    codesign --force --deep --preserve-metadata=entitlements,requirements,flags,runtime --sign - "/Users/jaydenmanno/AI/MoneyPrinterTurbo/desktop/build/final/stage/lib/libx265.216.dylib"
/Users/jaydenmanno/AI/MoneyPrinterTurbo/desktop/build/final/stage/lib/libx265.216.dylib: replacing existing signature

* Processing dependency /Users/jaydenmanno/AI/MoneyPrinterTurbo/desktop/build/final/stage/lib/libx264.165.dylib
    cp -f "/opt/homebrew/Cellar/x264/r3222/lib/libx264.165.dylib" "/Users/jaydenmanno/AI/MoneyPrinterTurbo/desktop/build/final/stage/lib/libx264.165.dylib"
    chmod +w "/Users/jaydenmanno/AI/MoneyPrinterTurbo/desktop/build/final/stage/lib/libx264.165.dylib"
    install_name_tool -id "@executable_path/../lib/libx264.165.dylib" "/Users/jaydenmanno/AI/MoneyPrinterTurbo/desktop/build/final/stage/lib/libx264.165.dylib"
/Applications/Xcode.app/Contents/Developer/Toolchains/XcodeDefault.xctoolchain/usr/bin/install_name_tool: warning: changes being made to the file will invalidate the code signature in: /Users/jaydenmanno/AI/MoneyPrinterTurbo/desktop/build/final/stage/lib/libx264.165.dylib
    ..
  * Fixing dependencies on /Users/jaydenmanno/AI/MoneyPrinterTurbo/desktop/build/final/stage/lib/libx264.165.dylib
    codesign --force --deep --preserve-metadata=entitlements,requirements,flags,runtime --sign - "/Users/jaydenmanno/AI/MoneyPrinterTurbo/desktop/build/final/stage/lib/libx264.165.dylib"
/Users/jaydenmanno/AI/MoneyPrinterTurbo/desktop/build/final/stage/lib/libx264.165.dylib: replacing existing signature

* Processing dependency /Users/jaydenmanno/AI/MoneyPrinterTurbo/desktop/build/final/stage/lib/libSvtAv1Enc.4.2.0.dylib
    cp -f "/opt/homebrew/Cellar/svt-av1/4.2.0/lib/libSvtAv1Enc.4.2.0.dylib" "/Users/jaydenmanno/AI/MoneyPrinterTurbo/desktop/build/final/stage/lib/libSvtAv1Enc.4.2.0.dylib"
    chmod +w "/Users/jaydenmanno/AI/MoneyPrinterTurbo/desktop/build/final/stage/lib/libSvtAv1Enc.4.2.0.dylib"
    install_name_tool -id "@executable_path/../lib/libSvtAv1Enc.4.2.0.dylib" "/Users/jaydenmanno/AI/MoneyPrinterTurbo/desktop/build/final/stage/lib/libSvtAv1Enc.4.2.0.dylib"
/Applications/Xcode.app/Contents/Developer/Toolchains/XcodeDefault.xctoolchain/usr/bin/install_name_tool: warning: changes being made to the file will invalidate the code signature in: /Users/jaydenmanno/AI/MoneyPrinterTurbo/desktop/build/final/stage/lib/libSvtAv1Enc.4.2.0.dylib
    ..
  * Fixing dependencies on /Users/jaydenmanno/AI/MoneyPrinterTurbo/desktop/build/final/stage/lib/libSvtAv1Enc.4.2.0.dylib
    install_name_tool -rpath "@loader_path/../lib" "@executable_path/../lib/" "/Users/jaydenmanno/AI/MoneyPrinterTurbo/desktop/build/final/stage/lib/libSvtAv1Enc.4.2.0.dylib"
/Applications/Xcode.app/Contents/Developer/Toolchains/XcodeDefault.xctoolchain/usr/bin/install_name_tool: warning: changes being made to the file will invalidate the code signature in: /Users/jaydenmanno/AI/MoneyPrinterTurbo/desktop/build/final/stage/lib/libSvtAv1Enc.4.2.0.dylib
    codesign --force --deep --preserve-metadata=entitlements,requirements,flags,runtime --sign - "/Users/jaydenmanno/AI/MoneyPrinterTurbo/desktop/build/final/stage/lib/libSvtAv1Enc.4.2.0.dylib"
/Users/jaydenmanno/AI/MoneyPrinterTurbo/desktop/build/final/stage/lib/libSvtAv1Enc.4.2.0.dylib: replacing existing signature

* Processing dependency /Users/jaydenmanno/AI/MoneyPrinterTurbo/desktop/build/final/stage/lib/libopus.0.dylib
    cp -f "/opt/homebrew/Cellar/opus/1.6.1/lib/libopus.0.dylib" "/Users/jaydenmanno/AI/MoneyPrinterTurbo/desktop/build/final/stage/lib/libopus.0.dylib"
    chmod +w "/Users/jaydenmanno/AI/MoneyPrinterTurbo/desktop/build/final/stage/lib/libopus.0.dylib"
    install_name_tool -id "@executable_path/../lib/libopus.0.dylib" "/Users/jaydenmanno/AI/MoneyPrinterTurbo/desktop/build/final/stage/lib/libopus.0.dylib"
/Applications/Xcode.app/Contents/Developer/Toolchains/XcodeDefault.xctoolchain/usr/bin/install_name_tool: warning: changes being made to the file will invalidate the code signature in: /Users/jaydenmanno/AI/MoneyPrinterTurbo/desktop/build/final/stage/lib/libopus.0.dylib
    ..
  * Fixing dependencies on /Users/jaydenmanno/AI/MoneyPrinterTurbo/desktop/build/final/stage/lib/libopus.0.dylib
    codesign --force --deep --preserve-metadata=entitlements,requirements,flags,runtime --sign - "/Users/jaydenmanno/AI/MoneyPrinterTurbo/desktop/build/final/stage/lib/libopus.0.dylib"
/Users/jaydenmanno/AI/MoneyPrinterTurbo/desktop/build/final/stage/lib/libopus.0.dylib: replacing existing signature

* Processing dependency /Users/jaydenmanno/AI/MoneyPrinterTurbo/desktop/build/final/stage/lib/libmp3lame.0.dylib
    cp -f "/opt/homebrew/Cellar/lame/4.0/lib/libmp3lame.0.dylib" "/Users/jaydenmanno/AI/MoneyPrinterTurbo/desktop/build/final/stage/lib/libmp3lame.0.dylib"
    chmod +w "/Users/jaydenmanno/AI/MoneyPrinterTurbo/desktop/build/final/stage/lib/libmp3lame.0.dylib"
    install_name_tool -id "@executable_path/../lib/libmp3lame.0.dylib" "/Users/jaydenmanno/AI/MoneyPrinterTurbo/desktop/build/final/stage/lib/libmp3lame.0.dylib"
/Applications/Xcode.app/Contents/Developer/Toolchains/XcodeDefault.xctoolchain/usr/bin/install_name_tool: warning: changes being made to the file will invalidate the code signature in: /Users/jaydenmanno/AI/MoneyPrinterTurbo/desktop/build/final/stage/lib/libmp3lame.0.dylib
    ...
  * Fixing dependencies on /Users/jaydenmanno/AI/MoneyPrinterTurbo/desktop/build/final/stage/lib/libmp3lame.0.dylib
    install_name_tool -change "/opt/homebrew/Cellar/mpg123/1.33.7/lib/libmpg123.0.dylib" "@executable_path/../lib/libmpg123.0.dylib" "/Users/jaydenmanno/AI/MoneyPrinterTurbo/desktop/build/final/stage/lib/libmp3lame.0.dylib"
/Applications/Xcode.app/Contents/Developer/Toolchains/XcodeDefault.xctoolchain/usr/bin/install_name_tool: warning: changes being made to the file will invalidate the code signature in: /Users/jaydenmanno/AI/MoneyPrinterTurbo/desktop/build/final/stage/lib/libmp3lame.0.dylib
    install_name_tool -change "/opt/homebrew/opt/mpg123/lib/libmpg123.0.dylib" "@executable_path/../lib/libmpg123.0.dylib" "/Users/jaydenmanno/AI/MoneyPrinterTurbo/desktop/build/final/stage/lib/libmp3lame.0.dylib"
/Applications/Xcode.app/Contents/Developer/Toolchains/XcodeDefault.xctoolchain/usr/bin/install_name_tool: warning: changes being made to the file will invalidate the code signature in: /Users/jaydenmanno/AI/MoneyPrinterTurbo/desktop/build/final/stage/lib/libmp3lame.0.dylib
    codesign --force --deep --preserve-metadata=entitlements,requirements,flags,runtime --sign - "/Users/jaydenmanno/AI/MoneyPrinterTurbo/desktop/build/final/stage/lib/libmp3lame.0.dylib"
/Users/jaydenmanno/AI/MoneyPrinterTurbo/desktop/build/final/stage/lib/libmp3lame.0.dylib: replacing existing signature

* Processing dependency /Users/jaydenmanno/AI/MoneyPrinterTurbo/desktop/build/final/stage/lib/libdav1d.7.dylib
    cp -f "/opt/homebrew/Cellar/dav1d/1.5.4/lib/libdav1d.7.dylib" "/Users/jaydenmanno/AI/MoneyPrinterTurbo/desktop/build/final/stage/lib/libdav1d.7.dylib"
    chmod +w "/Users/jaydenmanno/AI/MoneyPrinterTurbo/desktop/build/final/stage/lib/libdav1d.7.dylib"
    install_name_tool -id "@executable_path/../lib/libdav1d.7.dylib" "/Users/jaydenmanno/AI/MoneyPrinterTurbo/desktop/build/final/stage/lib/libdav1d.7.dylib"
/Applications/Xcode.app/Contents/Developer/Toolchains/XcodeDefault.xctoolchain/usr/bin/install_name_tool: warning: changes being made to the file will invalidate the code signature in: /Users/jaydenmanno/AI/MoneyPrinterTurbo/desktop/build/final/stage/lib/libdav1d.7.dylib
    ..
  * Fixing dependencies on /Users/jaydenmanno/AI/MoneyPrinterTurbo/desktop/build/final/stage/lib/libdav1d.7.dylib
    codesign --force --deep --preserve-metadata=entitlements,requirements,flags,runtime --sign - "/Users/jaydenmanno/AI/MoneyPrinterTurbo/desktop/build/final/stage/lib/libdav1d.7.dylib"
/Users/jaydenmanno/AI/MoneyPrinterTurbo/desktop/build/final/stage/lib/libdav1d.7.dylib: replacing existing signature

* Processing dependency /Users/jaydenmanno/AI/MoneyPrinterTurbo/desktop/build/final/stage/lib/liblzma.5.dylib
    cp -f "/opt/homebrew/Cellar/xz/5.8.3/lib/liblzma.5.dylib" "/Users/jaydenmanno/AI/MoneyPrinterTurbo/desktop/build/final/stage/lib/liblzma.5.dylib"
    chmod +w "/Users/jaydenmanno/AI/MoneyPrinterTurbo/desktop/build/final/stage/lib/liblzma.5.dylib"
    install_name_tool -id "@executable_path/../lib/liblzma.5.dylib" "/Users/jaydenmanno/AI/MoneyPrinterTurbo/desktop/build/final/stage/lib/liblzma.5.dylib"
/Applications/Xcode.app/Contents/Developer/Toolchains/XcodeDefault.xctoolchain/usr/bin/install_name_tool: warning: changes being made to the file will invalidate the code signature in: /Users/jaydenmanno/AI/MoneyPrinterTurbo/desktop/build/final/stage/lib/liblzma.5.dylib
    ..
  * Fixing dependencies on /Users/jaydenmanno/AI/MoneyPrinterTurbo/desktop/build/final/stage/lib/liblzma.5.dylib
    codesign --force --deep --preserve-metadata=entitlements,requirements,flags,runtime --sign - "/Users/jaydenmanno/AI/MoneyPrinterTurbo/desktop/build/final/stage/lib/liblzma.5.dylib"
/Users/jaydenmanno/AI/MoneyPrinterTurbo/desktop/build/final/stage/lib/liblzma.5.dylib: replacing existing signature

* Processing dependency /Users/jaydenmanno/AI/MoneyPrinterTurbo/desktop/build/final/stage/lib/libvpx.12.dylib
    cp -f "/opt/homebrew/Cellar/libvpx/1.16.0/lib/libvpx.12.dylib" "/Users/jaydenmanno/AI/MoneyPrinterTurbo/desktop/build/final/stage/lib/libvpx.12.dylib"
    chmod +w "/Users/jaydenmanno/AI/MoneyPrinterTurbo/desktop/build/final/stage/lib/libvpx.12.dylib"
    install_name_tool -id "@executable_path/../lib/libvpx.12.dylib" "/Users/jaydenmanno/AI/MoneyPrinterTurbo/desktop/build/final/stage/lib/libvpx.12.dylib"
/Applications/Xcode.app/Contents/Developer/Toolchains/XcodeDefault.xctoolchain/usr/bin/install_name_tool: warning: changes being made to the file will invalidate the code signature in: /Users/jaydenmanno/AI/MoneyPrinterTurbo/desktop/build/final/stage/lib/libvpx.12.dylib
    ...
  * Fixing dependencies on /Users/jaydenmanno/AI/MoneyPrinterTurbo/desktop/build/final/stage/lib/libvpx.12.dylib
    codesign --force --deep --preserve-metadata=entitlements,requirements,flags,runtime --sign - "/Users/jaydenmanno/AI/MoneyPrinterTurbo/desktop/build/final/stage/lib/libvpx.12.dylib"
/Users/jaydenmanno/AI/MoneyPrinterTurbo/desktop/build/final/stage/lib/libvpx.12.dylib: replacing existing signature

* Processing dependency /Users/jaydenmanno/AI/MoneyPrinterTurbo/desktop/build/final/stage/lib/libcrypto.3.dylib
    cp -f "/opt/homebrew/Cellar/openssl@3/3.6.3/lib/libcrypto.3.dylib" "/Users/jaydenmanno/AI/MoneyPrinterTurbo/desktop/build/final/stage/lib/libcrypto.3.dylib"
    chmod +w "/Users/jaydenmanno/AI/MoneyPrinterTurbo/desktop/build/final/stage/lib/libcrypto.3.dylib"
    install_name_tool -id "@executable_path/../lib/libcrypto.3.dylib" "/Users/jaydenmanno/AI/MoneyPrinterTurbo/desktop/build/final/stage/lib/libcrypto.3.dylib"
/Applications/Xcode.app/Contents/Developer/Toolchains/XcodeDefault.xctoolchain/usr/bin/install_name_tool: warning: changes being made to the file will invalidate the code signature in: /Users/jaydenmanno/AI/MoneyPrinterTurbo/desktop/build/final/stage/lib/libcrypto.3.dylib
    ..
  * Fixing dependencies on /Users/jaydenmanno/AI/MoneyPrinterTurbo/desktop/build/final/stage/lib/libcrypto.3.dylib
    codesign --force --deep --preserve-metadata=entitlements,requirements,flags,runtime --sign - "/Users/jaydenmanno/AI/MoneyPrinterTurbo/desktop/build/final/stage/lib/libcrypto.3.dylib"
/Users/jaydenmanno/AI/MoneyPrinterTurbo/desktop/build/final/stage/lib/libcrypto.3.dylib: replacing existing signature

* Processing dependency /Users/jaydenmanno/AI/MoneyPrinterTurbo/desktop/build/final/stage/lib/libssl.3.dylib
    cp -f "/opt/homebrew/Cellar/openssl@3/3.6.3/lib/libssl.3.dylib" "/Users/jaydenmanno/AI/MoneyPrinterTurbo/desktop/build/final/stage/lib/libssl.3.dylib"
    chmod +w "/Users/jaydenmanno/AI/MoneyPrinterTurbo/desktop/build/final/stage/lib/libssl.3.dylib"
    install_name_tool -id "@executable_path/../lib/libssl.3.dylib" "/Users/jaydenmanno/AI/MoneyPrinterTurbo/desktop/build/final/stage/lib/libssl.3.dylib"
/Applications/Xcode.app/Contents/Developer/Toolchains/XcodeDefault.xctoolchain/usr/bin/install_name_tool: warning: changes being made to the file will invalidate the code signature in: /Users/jaydenmanno/AI/MoneyPrinterTurbo/desktop/build/final/stage/lib/libssl.3.dylib
    ...
  * Fixing dependencies on /Users/jaydenmanno/AI/MoneyPrinterTurbo/desktop/build/final/stage/lib/libssl.3.dylib
    install_name_tool -change "/opt/homebrew/Cellar/openssl@3/3.6.3/lib/libcrypto.3.dylib" "@executable_path/../lib/libcrypto.3.dylib" "/Users/jaydenmanno/AI/MoneyPrinterTurbo/desktop/build/final/stage/lib/libssl.3.dylib"
/Applications/Xcode.app/Contents/Developer/Toolchains/XcodeDefault.xctoolchain/usr/bin/install_name_tool: warning: changes being made to the file will invalidate the code signature in: /Users/jaydenmanno/AI/MoneyPrinterTurbo/desktop/build/final/stage/lib/libssl.3.dylib
    codesign --force --deep --preserve-metadata=entitlements,requirements,flags,runtime --sign - "/Users/jaydenmanno/AI/MoneyPrinterTurbo/desktop/build/final/stage/lib/libssl.3.dylib"
/Users/jaydenmanno/AI/MoneyPrinterTurbo/desktop/build/final/stage/lib/libssl.3.dylib: replacing existing signature

* Processing dependency /Users/jaydenmanno/AI/MoneyPrinterTurbo/desktop/build/final/stage/lib/libvmaf.3.dylib
    cp -f "/opt/homebrew/Cellar/libvmaf/3.2.0/lib/libvmaf.3.dylib" "/Users/jaydenmanno/AI/MoneyPrinterTurbo/desktop/build/final/stage/lib/libvmaf.3.dylib"
    chmod +w "/Users/jaydenmanno/AI/MoneyPrinterTurbo/desktop/build/final/stage/lib/libvmaf.3.dylib"
    install_name_tool -id "@executable_path/../lib/libvmaf.3.dylib" "/Users/jaydenmanno/AI/MoneyPrinterTurbo/desktop/build/final/stage/lib/libvmaf.3.dylib"
/Applications/Xcode.app/Contents/Developer/Toolchains/XcodeDefault.xctoolchain/usr/bin/install_name_tool: warning: changes being made to the file will invalidate the code signature in: /Users/jaydenmanno/AI/MoneyPrinterTurbo/desktop/build/final/stage/lib/libvmaf.3.dylib
    ...
  * Fixing dependencies on /Users/jaydenmanno/AI/MoneyPrinterTurbo/desktop/build/final/stage/lib/libvmaf.3.dylib
    codesign --force --deep --preserve-metadata=entitlements,requirements,flags,runtime --sign - "/Users/jaydenmanno/AI/MoneyPrinterTurbo/desktop/build/final/stage/lib/libvmaf.3.dylib"
/Users/jaydenmanno/AI/MoneyPrinterTurbo/desktop/build/final/stage/lib/libvmaf.3.dylib: replacing existing signature

* Processing dependency /Users/jaydenmanno/AI/MoneyPrinterTurbo/desktop/build/final/stage/lib/libavutil.61.1.101.dylib
    cp -f "/opt/homebrew/Cellar/ffmpeg/9.0.1/lib/libavutil.61.1.101.dylib" "/Users/jaydenmanno/AI/MoneyPrinterTurbo/desktop/build/final/stage/lib/libavutil.61.1.101.dylib"
    chmod +w "/Users/jaydenmanno/AI/MoneyPrinterTurbo/desktop/build/final/stage/lib/libavutil.61.1.101.dylib"
    install_name_tool -id "@executable_path/../lib/libavutil.61.1.101.dylib" "/Users/jaydenmanno/AI/MoneyPrinterTurbo/desktop/build/final/stage/lib/libavutil.61.1.101.dylib"
/Applications/Xcode.app/Contents/Developer/Toolchains/XcodeDefault.xctoolchain/usr/bin/install_name_tool: warning: changes being made to the file will invalidate the code signature in: /Users/jaydenmanno/AI/MoneyPrinterTurbo/desktop/build/final/stage/lib/libavutil.61.1.101.dylib
    ..........
  * Fixing dependencies on /Users/jaydenmanno/AI/MoneyPrinterTurbo/desktop/build/final/stage/lib/libavutil.61.1.101.dylib
    install_name_tool -change "/opt/homebrew/Cellar/openssl@3/3.6.3/lib/libssl.3.dylib" "@executable_path/../lib/libssl.3.dylib" "/Users/jaydenmanno/AI/MoneyPrinterTurbo/desktop/build/final/stage/lib/libavutil.61.1.101.dylib"
/Applications/Xcode.app/Contents/Developer/Toolchains/XcodeDefault.xctoolchain/usr/bin/install_name_tool: warning: changes being made to the file will invalidate the code signature in: /Users/jaydenmanno/AI/MoneyPrinterTurbo/desktop/build/final/stage/lib/libavutil.61.1.101.dylib
    install_name_tool -change "/opt/homebrew/opt/openssl@3/lib/libssl.3.dylib" "@executable_path/../lib/libssl.3.dylib" "/Users/jaydenmanno/AI/MoneyPrinterTurbo/desktop/build/final/stage/lib/libavutil.61.1.101.dylib"
/Applications/Xcode.app/Contents/Developer/Toolchains/XcodeDefault.xctoolchain/usr/bin/install_name_tool: warning: changes being made to the file will invalidate the code signature in: /Users/jaydenmanno/AI/MoneyPrinterTurbo/desktop/build/final/stage/lib/libavutil.61.1.101.dylib
    install_name_tool -change "/opt/homebrew/Cellar/openssl@3/3.6.3/lib/libcrypto.3.dylib" "@executable_path/../lib/libcrypto.3.dylib" "/Users/jaydenmanno/AI/MoneyPrinterTurbo/desktop/build/final/stage/lib/libavutil.61.1.101.dylib"
/Applications/Xcode.app/Contents/Developer/Toolchains/XcodeDefault.xctoolchain/usr/bin/install_name_tool: warning: changes being made to the file will invalidate the code signature in: /Users/jaydenmanno/AI/MoneyPrinterTurbo/desktop/build/final/stage/lib/libavutil.61.1.101.dylib
    install_name_tool -change "/opt/homebrew/opt/openssl@3/lib/libcrypto.3.dylib" "@executable_path/../lib/libcrypto.3.dylib" "/Users/jaydenmanno/AI/MoneyPrinterTurbo/desktop/build/final/stage/lib/libavutil.61.1.101.dylib"
/Applications/Xcode.app/Contents/Developer/Toolchains/XcodeDefault.xctoolchain/usr/bin/install_name_tool: warning: changes being made to the file will invalidate the code signature in: /Users/jaydenmanno/AI/MoneyPrinterTurbo/desktop/build/final/stage/lib/libavutil.61.1.101.dylib
    codesign --force --deep --preserve-metadata=entitlements,requirements,flags,runtime --sign - "/Users/jaydenmanno/AI/MoneyPrinterTurbo/desktop/build/final/stage/lib/libavutil.61.1.101.dylib"
/Users/jaydenmanno/AI/MoneyPrinterTurbo/desktop/build/final/stage/lib/libavutil.61.1.101.dylib: replacing existing signature

* Processing dependency /Users/jaydenmanno/AI/MoneyPrinterTurbo/desktop/build/final/stage/lib/libswscale.10.1.101.dylib
    cp -f "/opt/homebrew/Cellar/ffmpeg/9.0.1/lib/libswscale.10.1.101.dylib" "/Users/jaydenmanno/AI/MoneyPrinterTurbo/desktop/build/final/stage/lib/libswscale.10.1.101.dylib"
    chmod +w "/Users/jaydenmanno/AI/MoneyPrinterTurbo/desktop/build/final/stage/lib/libswscale.10.1.101.dylib"
    install_name_tool -id "@executable_path/../lib/libswscale.10.1.101.dylib" "/Users/jaydenmanno/AI/MoneyPrinterTurbo/desktop/build/final/stage/lib/libswscale.10.1.101.dylib"
/Applications/Xcode.app/Contents/Developer/Toolchains/XcodeDefault.xctoolchain/usr/bin/install_name_tool: warning: changes being made to the file will invalidate the code signature in: /Users/jaydenmanno/AI/MoneyPrinterTurbo/desktop/build/final/stage/lib/libswscale.10.1.101.dylib
    ...........
  * Fixing dependencies on /Users/jaydenmanno/AI/MoneyPrinterTurbo/desktop/build/final/stage/lib/libswscale.10.1.101.dylib
    install_name_tool -change "/opt/homebrew/Cellar/ffmpeg/9.0.1/lib/libavutil.61.1.101.dylib" "@executable_path/../lib/libavutil.61.1.101.dylib" "/Users/jaydenmanno/AI/MoneyPrinterTurbo/desktop/build/final/stage/lib/libswscale.10.1.101.dylib"
/Applications/Xcode.app/Contents/Developer/Toolchains/XcodeDefault.xctoolchain/usr/bin/install_name_tool: warning: changes being made to the file will invalidate the code signature in: /Users/jaydenmanno/AI/MoneyPrinterTurbo/desktop/build/final/stage/lib/libswscale.10.1.101.dylib
    install_name_tool -change "/opt/homebrew/Cellar/ffmpeg/9.0.1/lib/libavutil.61.dylib" "@executable_path/../lib/libavutil.61.1.101.dylib" "/Users/jaydenmanno/AI/MoneyPrinterTurbo/desktop/build/final/stage/lib/libswscale.10.1.101.dylib"
/Applications/Xcode.app/Contents/Developer/Toolchains/XcodeDefault.xctoolchain/usr/bin/install_name_tool: warning: changes being made to the file will invalidate the code signature in: /Users/jaydenmanno/AI/MoneyPrinterTurbo/desktop/build/final/stage/lib/libswscale.10.1.101.dylib
    install_name_tool -change "/opt/homebrew/Cellar/openssl@3/3.6.3/lib/libssl.3.dylib" "@executable_path/../lib/libssl.3.dylib" "/Users/jaydenmanno/AI/MoneyPrinterTurbo/desktop/build/final/stage/lib/libswscale.10.1.101.dylib"
/Applications/Xcode.app/Contents/Developer/Toolchains/XcodeDefault.xctoolchain/usr/bin/install_name_tool: warning: changes being made to the file will invalidate the code signature in: /Users/jaydenmanno/AI/MoneyPrinterTurbo/desktop/build/final/stage/lib/libswscale.10.1.101.dylib
    install_name_tool -change "/opt/homebrew/opt/openssl@3/lib/libssl.3.dylib" "@executable_path/../lib/libssl.3.dylib" "/Users/jaydenmanno/AI/MoneyPrinterTurbo/desktop/build/final/stage/lib/libswscale.10.1.101.dylib"
/Applications/Xcode.app/Contents/Developer/Toolchains/XcodeDefault.xctoolchain/usr/bin/install_name_tool: warning: changes being made to the file will invalidate the code signature in: /Users/jaydenmanno/AI/MoneyPrinterTurbo/desktop/build/final/stage/lib/libswscale.10.1.101.dylib
    install_name_tool -change "/opt/homebrew/Cellar/openssl@3/3.6.3/lib/libcrypto.3.dylib" "@executable_path/../lib/libcrypto.3.dylib" "/Users/jaydenmanno/AI/MoneyPrinterTurbo/desktop/build/final/stage/lib/libswscale.10.1.101.dylib"
/Applications/Xcode.app/Contents/Developer/Toolchains/XcodeDefault.xctoolchain/usr/bin/install_name_tool: warning: changes being made to the file will invalidate the code signature in: /Users/jaydenmanno/AI/MoneyPrinterTurbo/desktop/build/final/stage/lib/libswscale.10.1.101.dylib
    install_name_tool -change "/opt/homebrew/opt/openssl@3/lib/libcrypto.3.dylib" "@executable_path/../lib/libcrypto.3.dylib" "/Users/jaydenmanno/AI/MoneyPrinterTurbo/desktop/build/final/stage/lib/libswscale.10.1.101.dylib"
/Applications/Xcode.app/Contents/Developer/Toolchains/XcodeDefault.xctoolchain/usr/bin/install_name_tool: warning: changes being made to the file will invalidate the code signature in: /Users/jaydenmanno/AI/MoneyPrinterTurbo/desktop/build/final/stage/lib/libswscale.10.1.101.dylib
    codesign --force --deep --preserve-metadata=entitlements,requirements,flags,runtime --sign - "/Users/jaydenmanno/AI/MoneyPrinterTurbo/desktop/build/final/stage/lib/libswscale.10.1.101.dylib"
/Users/jaydenmanno/AI/MoneyPrinterTurbo/desktop/build/final/stage/lib/libswscale.10.1.101.dylib: replacing existing signature

* Processing dependency /Users/jaydenmanno/AI/MoneyPrinterTurbo/desktop/build/final/stage/lib/libswresample.7.1.101.dylib
    cp -f "/opt/homebrew/Cellar/ffmpeg/9.0.1/lib/libswresample.7.1.101.dylib" "/Users/jaydenmanno/AI/MoneyPrinterTurbo/desktop/build/final/stage/lib/libswresample.7.1.101.dylib"
    chmod +w "/Users/jaydenmanno/AI/MoneyPrinterTurbo/desktop/build/final/stage/lib/libswresample.7.1.101.dylib"
    install_name_tool -id "@executable_path/../lib/libswresample.7.1.101.dylib" "/Users/jaydenmanno/AI/MoneyPrinterTurbo/desktop/build/final/stage/lib/libswresample.7.1.101.dylib"
/Applications/Xcode.app/Contents/Developer/Toolchains/XcodeDefault.xctoolchain/usr/bin/install_name_tool: warning: changes being made to the file will invalidate the code signature in: /Users/jaydenmanno/AI/MoneyPrinterTurbo/desktop/build/final/stage/lib/libswresample.7.1.101.dylib
    ...........
  * Fixing dependencies on /Users/jaydenmanno/AI/MoneyPrinterTurbo/desktop/build/final/stage/lib/libswresample.7.1.101.dylib
    install_name_tool -change "/opt/homebrew/Cellar/ffmpeg/9.0.1/lib/libavutil.61.1.101.dylib" "@executable_path/../lib/libavutil.61.1.101.dylib" "/Users/jaydenmanno/AI/MoneyPrinterTurbo/desktop/build/final/stage/lib/libswresample.7.1.101.dylib"
/Applications/Xcode.app/Contents/Developer/Toolchains/XcodeDefault.xctoolchain/usr/bin/install_name_tool: warning: changes being made to the file will invalidate the code signature in: /Users/jaydenmanno/AI/MoneyPrinterTurbo/desktop/build/final/stage/lib/libswresample.7.1.101.dylib
    install_name_tool -change "/opt/homebrew/Cellar/ffmpeg/9.0.1/lib/libavutil.61.dylib" "@executable_path/../lib/libavutil.61.1.101.dylib" "/Users/jaydenmanno/AI/MoneyPrinterTurbo/desktop/build/final/stage/lib/libswresample.7.1.101.dylib"
/Applications/Xcode.app/Contents/Developer/Toolchains/XcodeDefault.xctoolchain/usr/bin/install_name_tool: warning: changes being made to the file will invalidate the code signature in: /Users/jaydenmanno/AI/MoneyPrinterTurbo/desktop/build/final/stage/lib/libswresample.7.1.101.dylib
    install_name_tool -change "/opt/homebrew/Cellar/openssl@3/3.6.3/lib/libssl.3.dylib" "@executable_path/../lib/libssl.3.dylib" "/Users/jaydenmanno/AI/MoneyPrinterTurbo/desktop/build/final/stage/lib/libswresample.7.1.101.dylib"
/Applications/Xcode.app/Contents/Developer/Toolchains/XcodeDefault.xctoolchain/usr/bin/install_name_tool: warning: changes being made to the file will invalidate the code signature in: /Users/jaydenmanno/AI/MoneyPrinterTurbo/desktop/build/final/stage/lib/libswresample.7.1.101.dylib
    install_name_tool -change "/opt/homebrew/opt/openssl@3/lib/libssl.3.dylib" "@executable_path/../lib/libssl.3.dylib" "/Users/jaydenmanno/AI/MoneyPrinterTurbo/desktop/build/final/stage/lib/libswresample.7.1.101.dylib"
/Applications/Xcode.app/Contents/Developer/Toolchains/XcodeDefault.xctoolchain/usr/bin/install_name_tool: warning: changes being made to the file will invalidate the code signature in: /Users/jaydenmanno/AI/MoneyPrinterTurbo/desktop/build/final/stage/lib/libswresample.7.1.101.dylib
    install_name_tool -change "/opt/homebrew/Cellar/openssl@3/3.6.3/lib/libcrypto.3.dylib" "@executable_path/../lib/libcrypto.3.dylib" "/Users/jaydenmanno/AI/MoneyPrinterTurbo/desktop/build/final/stage/lib/libswresample.7.1.101.dylib"
/Applications/Xcode.app/Contents/Developer/Toolchains/XcodeDefault.xctoolchain/usr/bin/install_name_tool: warning: changes being made to the file will invalidate the code signature in: /Users/jaydenmanno/AI/MoneyPrinterTurbo/desktop/build/final/stage/lib/libswresample.7.1.101.dylib
    install_name_tool -change "/opt/homebrew/opt/openssl@3/lib/libcrypto.3.dylib" "@executable_path/../lib/libcrypto.3.dylib" "/Users/jaydenmanno/AI/MoneyPrinterTurbo/desktop/build/final/stage/lib/libswresample.7.1.101.dylib"
/Applications/Xcode.app/Contents/Developer/Toolchains/XcodeDefault.xctoolchain/usr/bin/install_name_tool: warning: changes being made to the file will invalidate the code signature in: /Users/jaydenmanno/AI/MoneyPrinterTurbo/desktop/build/final/stage/lib/libswresample.7.1.101.dylib
    codesign --force --deep --preserve-metadata=entitlements,requirements,flags,runtime --sign - "/Users/jaydenmanno/AI/MoneyPrinterTurbo/desktop/build/final/stage/lib/libswresample.7.1.101.dylib"
/Users/jaydenmanno/AI/MoneyPrinterTurbo/desktop/build/final/stage/lib/libswresample.7.1.101.dylib: replacing existing signature

* Processing dependency /Users/jaydenmanno/AI/MoneyPrinterTurbo/desktop/build/final/stage/lib/libavcodec.63.1.101.dylib
    cp -f "/opt/homebrew/Cellar/ffmpeg/9.0.1/lib/libavcodec.63.1.101.dylib" "/Users/jaydenmanno/AI/MoneyPrinterTurbo/desktop/build/final/stage/lib/libavcodec.63.1.101.dylib"
    chmod +w "/Users/jaydenmanno/AI/MoneyPrinterTurbo/desktop/build/final/stage/lib/libavcodec.63.1.101.dylib"
    install_name_tool -id "@executable_path/../lib/libavcodec.63.1.101.dylib" "/Users/jaydenmanno/AI/MoneyPrinterTurbo/desktop/build/final/stage/lib/libavcodec.63.1.101.dylib"
/Applications/Xcode.app/Contents/Developer/Toolchains/XcodeDefault.xctoolchain/usr/bin/install_name_tool: warning: changes being made to the file will invalidate the code signature in: /Users/jaydenmanno/AI/MoneyPrinterTurbo/desktop/build/final/stage/lib/libavcodec.63.1.101.dylib
    ......................
  * Fixing dependencies on /Users/jaydenmanno/AI/MoneyPrinterTurbo/desktop/build/final/stage/lib/libavcodec.63.1.101.dylib
    install_name_tool -change "/opt/homebrew/Cellar/ffmpeg/9.0.1/lib/libswresample.7.1.101.dylib" "@executable_path/../lib/libswresample.7.1.101.dylib" "/Users/jaydenmanno/AI/MoneyPrinterTurbo/desktop/build/final/stage/lib/libavcodec.63.1.101.dylib"
/Applications/Xcode.app/Contents/Developer/Toolchains/XcodeDefault.xctoolchain/usr/bin/install_name_tool: warning: changes being made to the file will invalidate the code signature in: /Users/jaydenmanno/AI/MoneyPrinterTurbo/desktop/build/final/stage/lib/libavcodec.63.1.101.dylib
    install_name_tool -change "/opt/homebrew/Cellar/ffmpeg/9.0.1/lib/libswresample.7.dylib" "@executable_path/../lib/libswresample.7.1.101.dylib" "/Users/jaydenmanno/AI/MoneyPrinterTurbo/desktop/build/final/stage/lib/libavcodec.63.1.101.dylib"
/Applications/Xcode.app/Contents/Developer/Toolchains/XcodeDefault.xctoolchain/usr/bin/install_name_tool: warning: changes being made to the file will invalidate the code signature in: /Users/jaydenmanno/AI/MoneyPrinterTurbo/desktop/build/final/stage/lib/libavcodec.63.1.101.dylib
    install_name_tool -change "/opt/homebrew/Cellar/ffmpeg/9.0.1/lib/libavutil.61.1.101.dylib" "@executable_path/../lib/libavutil.61.1.101.dylib" "/Users/jaydenmanno/AI/MoneyPrinterTurbo/desktop/build/final/stage/lib/libavcodec.63.1.101.dylib"
/Applications/Xcode.app/Contents/Developer/Toolchains/XcodeDefault.xctoolchain/usr/bin/install_name_tool: warning: changes being made to the file will invalidate the code signature in: /Users/jaydenmanno/AI/MoneyPrinterTurbo/desktop/build/final/stage/lib/libavcodec.63.1.101.dylib
    install_name_tool -change "/opt/homebrew/Cellar/ffmpeg/9.0.1/lib/libavutil.61.dylib" "@executable_path/../lib/libavutil.61.1.101.dylib" "/Users/jaydenmanno/AI/MoneyPrinterTurbo/desktop/build/final/stage/lib/libavcodec.63.1.101.dylib"
/Applications/Xcode.app/Contents/Developer/Toolchains/XcodeDefault.xctoolchain/usr/bin/install_name_tool: warning: changes being made to the file will invalidate the code signature in: /Users/jaydenmanno/AI/MoneyPrinterTurbo/desktop/build/final/stage/lib/libavcodec.63.1.101.dylib
    install_name_tool -change "/opt/homebrew/Cellar/libvpx/1.16.0/lib/libvpx.12.dylib" "@executable_path/../lib/libvpx.12.dylib" "/Users/jaydenmanno/AI/MoneyPrinterTurbo/desktop/build/final/stage/lib/libavcodec.63.1.101.dylib"
/Applications/Xcode.app/Contents/Developer/Toolchains/XcodeDefault.xctoolchain/usr/bin/install_name_tool: warning: changes being made to the file will invalidate the code signature in: /Users/jaydenmanno/AI/MoneyPrinterTurbo/desktop/build/final/stage/lib/libavcodec.63.1.101.dylib
    install_name_tool -change "/opt/homebrew/opt/libvpx/lib/libvpx.12.dylib" "@executable_path/../lib/libvpx.12.dylib" "/Users/jaydenmanno/AI/MoneyPrinterTurbo/desktop/build/final/stage/lib/libavcodec.63.1.101.dylib"
/Applications/Xcode.app/Contents/Developer/Toolchains/XcodeDefault.xctoolchain/usr/bin/install_name_tool: warning: changes being made to the file will invalidate the code signature in: /Users/jaydenmanno/AI/MoneyPrinterTurbo/desktop/build/final/stage/lib/libavcodec.63.1.101.dylib
    install_name_tool -change "/opt/homebrew/Cellar/xz/5.8.3/lib/liblzma.5.dylib" "@executable_path/../lib/liblzma.5.dylib" "/Users/jaydenmanno/AI/MoneyPrinterTurbo/desktop/build/final/stage/lib/libavcodec.63.1.101.dylib"
/Applications/Xcode.app/Contents/Developer/Toolchains/XcodeDefault.xctoolchain/usr/bin/install_name_tool: warning: changes being made to the file will invalidate the code signature in: /Users/jaydenmanno/AI/MoneyPrinterTurbo/desktop/build/final/stage/lib/libavcodec.63.1.101.dylib
    install_name_tool -change "/opt/homebrew/opt/xz/lib/liblzma.5.dylib" "@executable_path/../lib/liblzma.5.dylib" "/Users/jaydenmanno/AI/MoneyPrinterTurbo/desktop/build/final/stage/lib/libavcodec.63.1.101.dylib"
/Applications/Xcode.app/Contents/Developer/Toolchains/XcodeDefault.xctoolchain/usr/bin/install_name_tool: warning: changes being made to the file will invalidate the code signature in: /Users/jaydenmanno/AI/MoneyPrinterTurbo/desktop/build/final/stage/lib/libavcodec.63.1.101.dylib
    install_name_tool -change "/opt/homebrew/Cellar/dav1d/1.5.4/lib/libdav1d.7.dylib" "@executable_path/../lib/libdav1d.7.dylib" "/Users/jaydenmanno/AI/MoneyPrinterTurbo/desktop/build/final/stage/lib/libavcodec.63.1.101.dylib"
/Applications/Xcode.app/Contents/Developer/Toolchains/XcodeDefault.xctoolchain/usr/bin/install_name_tool: warning: changes being made to the file will invalidate the code signature in: /Users/jaydenmanno/AI/MoneyPrinterTurbo/desktop/build/final/stage/lib/libavcodec.63.1.101.dylib
    install_name_tool -change "/opt/homebrew/opt/dav1d/lib/libdav1d.7.dylib" "@executable_path/../lib/libdav1d.7.dylib" "/Users/jaydenmanno/AI/MoneyPrinterTurbo/desktop/build/final/stage/lib/libavcodec.63.1.101.dylib"
/Applications/Xcode.app/Contents/Developer/Toolchains/XcodeDefault.xctoolchain/usr/bin/install_name_tool: warning: changes being made to the file will invalidate the code signature in: /Users/jaydenmanno/AI/MoneyPrinterTurbo/desktop/build/final/stage/lib/libavcodec.63.1.101.dylib
    install_name_tool -change "/opt/homebrew/Cellar/lame/4.0/lib/libmp3lame.0.dylib" "@executable_path/../lib/libmp3lame.0.dylib" "/Users/jaydenmanno/AI/MoneyPrinterTurbo/desktop/build/final/stage/lib/libavcodec.63.1.101.dylib"
/Applications/Xcode.app/Contents/Developer/Toolchains/XcodeDefault.xctoolchain/usr/bin/install_name_tool: warning: changes being made to the file will invalidate the code signature in: /Users/jaydenmanno/AI/MoneyPrinterTurbo/desktop/build/final/stage/lib/libavcodec.63.1.101.dylib
    install_name_tool -change "/opt/homebrew/opt/lame/lib/libmp3lame.0.dylib" "@executable_path/../lib/libmp3lame.0.dylib" "/Users/jaydenmanno/AI/MoneyPrinterTurbo/desktop/build/final/stage/lib/libavcodec.63.1.101.dylib"
/Applications/Xcode.app/Contents/Developer/Toolchains/XcodeDefault.xctoolchain/usr/bin/install_name_tool: warning: changes being made to the file will invalidate the code signature in: /Users/jaydenmanno/AI/MoneyPrinterTurbo/desktop/build/final/stage/lib/libavcodec.63.1.101.dylib
    install_name_tool -change "/opt/homebrew/Cellar/opus/1.6.1/lib/libopus.0.dylib" "@executable_path/../lib/libopus.0.dylib" "/Users/jaydenmanno/AI/MoneyPrinterTurbo/desktop/build/final/stage/lib/libavcodec.63.1.101.dylib"
/Applications/Xcode.app/Contents/Developer/Toolchains/XcodeDefault.xctoolchain/usr/bin/install_name_tool: warning: changes being made to the file will invalidate the code signature in: /Users/jaydenmanno/AI/MoneyPrinterTurbo/desktop/build/final/stage/lib/libavcodec.63.1.101.dylib
    install_name_tool -change "/opt/homebrew/opt/opus/lib/libopus.0.dylib" "@executable_path/../lib/libopus.0.dylib" "/Users/jaydenmanno/AI/MoneyPrinterTurbo/desktop/build/final/stage/lib/libavcodec.63.1.101.dylib"
/Applications/Xcode.app/Contents/Developer/Toolchains/XcodeDefault.xctoolchain/usr/bin/install_name_tool: warning: changes being made to the file will invalidate the code signature in: /Users/jaydenmanno/AI/MoneyPrinterTurbo/desktop/build/final/stage/lib/libavcodec.63.1.101.dylib
    install_name_tool -change "/opt/homebrew/Cellar/svt-av1/4.2.0/lib/libSvtAv1Enc.4.2.0.dylib" "@executable_path/../lib/libSvtAv1Enc.4.2.0.dylib" "/Users/jaydenmanno/AI/MoneyPrinterTurbo/desktop/build/final/stage/lib/libavcodec.63.1.101.dylib"
/Applications/Xcode.app/Contents/Developer/Toolchains/XcodeDefault.xctoolchain/usr/bin/install_name_tool: warning: changes being made to the file will invalidate the code signature in: /Users/jaydenmanno/AI/MoneyPrinterTurbo/desktop/build/final/stage/lib/libavcodec.63.1.101.dylib
    install_name_tool -change "/opt/homebrew/opt/svt-av1/lib/libSvtAv1Enc.4.dylib" "@executable_path/../lib/libSvtAv1Enc.4.2.0.dylib" "/Users/jaydenmanno/AI/MoneyPrinterTurbo/desktop/build/final/stage/lib/libavcodec.63.1.101.dylib"
/Applications/Xcode.app/Contents/Developer/Toolchains/XcodeDefault.xctoolchain/usr/bin/install_name_tool: warning: changes being made to the file will invalidate the code signature in: /Users/jaydenmanno/AI/MoneyPrinterTurbo/desktop/build/final/stage/lib/libavcodec.63.1.101.dylib
    install_name_tool -change "/opt/homebrew/Cellar/x264/r3222/lib/libx264.165.dylib" "@executable_path/../lib/libx264.165.dylib" "/Users/jaydenmanno/AI/MoneyPrinterTurbo/desktop/build/final/stage/lib/libavcodec.63.1.101.dylib"
/Applications/Xcode.app/Contents/Developer/Toolchains/XcodeDefault.xctoolchain/usr/bin/install_name_tool: warning: changes being made to the file will invalidate the code signature in: /Users/jaydenmanno/AI/MoneyPrinterTurbo/desktop/build/final/stage/lib/libavcodec.63.1.101.dylib
    install_name_tool -change "/opt/homebrew/opt/x264/lib/libx264.165.dylib" "@executable_path/../lib/libx264.165.dylib" "/Users/jaydenmanno/AI/MoneyPrinterTurbo/desktop/build/final/stage/lib/libavcodec.63.1.101.dylib"
/Applications/Xcode.app/Contents/Developer/Toolchains/XcodeDefault.xctoolchain/usr/bin/install_name_tool: warning: changes being made to the file will invalidate the code signature in: /Users/jaydenmanno/AI/MoneyPrinterTurbo/desktop/build/final/stage/lib/libavcodec.63.1.101.dylib
    install_name_tool -change "/opt/homebrew/Cellar/x265/4.2/lib/libx265.216.dylib" "@executable_path/../lib/libx265.216.dylib" "/Users/jaydenmanno/AI/MoneyPrinterTurbo/desktop/build/final/stage/lib/libavcodec.63.1.101.dylib"
/Applications/Xcode.app/Contents/Developer/Toolchains/XcodeDefault.xctoolchain/usr/bin/install_name_tool: warning: changes being made to the file will invalidate the code signature in: /Users/jaydenmanno/AI/MoneyPrinterTurbo/desktop/build/final/stage/lib/libavcodec.63.1.101.dylib
    install_name_tool -change "/opt/homebrew/opt/x265/lib/libx265.216.dylib" "@executable_path/../lib/libx265.216.dylib" "/Users/jaydenmanno/AI/MoneyPrinterTurbo/desktop/build/final/stage/lib/libavcodec.63.1.101.dylib"
/Applications/Xcode.app/Contents/Developer/Toolchains/XcodeDefault.xctoolchain/usr/bin/install_name_tool: warning: changes being made to the file will invalidate the code signature in: /Users/jaydenmanno/AI/MoneyPrinterTurbo/desktop/build/final/stage/lib/libavcodec.63.1.101.dylib
    install_name_tool -change "/opt/homebrew/Cellar/openssl@3/3.6.3/lib/libssl.3.dylib" "@executable_path/../lib/libssl.3.dylib" "/Users/jaydenmanno/AI/MoneyPrinterTurbo/desktop/build/final/stage/lib/libavcodec.63.1.101.dylib"
/Applications/Xcode.app/Contents/Developer/Toolchains/XcodeDefault.xctoolchain/usr/bin/install_name_tool: warning: changes being made to the file will invalidate the code signature in: /Users/jaydenmanno/AI/MoneyPrinterTurbo/desktop/build/final/stage/lib/libavcodec.63.1.101.dylib
    install_name_tool -change "/opt/homebrew/opt/openssl@3/lib/libssl.3.dylib" "@executable_path/../lib/libssl.3.dylib" "/Users/jaydenmanno/AI/MoneyPrinterTurbo/desktop/build/final/stage/lib/libavcodec.63.1.101.dylib"
/Applications/Xcode.app/Contents/Developer/Toolchains/XcodeDefault.xctoolchain/usr/bin/install_name_tool: warning: changes being made to the file will invalidate the code signature in: /Users/jaydenmanno/AI/MoneyPrinterTurbo/desktop/build/final/stage/lib/libavcodec.63.1.101.dylib
    install_name_tool -change "/opt/homebrew/Cellar/openssl@3/3.6.3/lib/libcrypto.3.dylib" "@executable_path/../lib/libcrypto.3.dylib" "/Users/jaydenmanno/AI/MoneyPrinterTurbo/desktop/build/final/stage/lib/libavcodec.63.1.101.dylib"
/Applications/Xcode.app/Contents/Developer/Toolchains/XcodeDefault.xctoolchain/usr/bin/install_name_tool: warning: changes being made to the file will invalidate the code signature in: /Users/jaydenmanno/AI/MoneyPrinterTurbo/desktop/build/final/stage/lib/libavcodec.63.1.101.dylib
    install_name_tool -change "/opt/homebrew/opt/openssl@3/lib/libcrypto.3.dylib" "@executable_path/../lib/libcrypto.3.dylib" "/Users/jaydenmanno/AI/MoneyPrinterTurbo/desktop/build/final/stage/lib/libavcodec.63.1.101.dylib"
/Applications/Xcode.app/Contents/Developer/Toolchains/XcodeDefault.xctoolchain/usr/bin/install_name_tool: warning: changes being made to the file will invalidate the code signature in: /Users/jaydenmanno/AI/MoneyPrinterTurbo/desktop/build/final/stage/lib/libavcodec.63.1.101.dylib
    codesign --force --deep --preserve-metadata=entitlements,requirements,flags,runtime --sign - "/Users/jaydenmanno/AI/MoneyPrinterTurbo/desktop/build/final/stage/lib/libavcodec.63.1.101.dylib"
/Users/jaydenmanno/AI/MoneyPrinterTurbo/desktop/build/final/stage/lib/libavcodec.63.1.101.dylib: replacing existing signature

* Processing dependency /Users/jaydenmanno/AI/MoneyPrinterTurbo/desktop/build/final/stage/lib/libavformat.63.1.101.dylib
    cp -f "/opt/homebrew/Cellar/ffmpeg/9.0.1/lib/libavformat.63.1.101.dylib" "/Users/jaydenmanno/AI/MoneyPrinterTurbo/desktop/build/final/stage/lib/libavformat.63.1.101.dylib"
    chmod +w "/Users/jaydenmanno/AI/MoneyPrinterTurbo/desktop/build/final/stage/lib/libavformat.63.1.101.dylib"
    install_name_tool -id "@executable_path/../lib/libavformat.63.1.101.dylib" "/Users/jaydenmanno/AI/MoneyPrinterTurbo/desktop/build/final/stage/lib/libavformat.63.1.101.dylib"
/Applications/Xcode.app/Contents/Developer/Toolchains/XcodeDefault.xctoolchain/usr/bin/install_name_tool: warning: changes being made to the file will invalidate the code signature in: /Users/jaydenmanno/AI/MoneyPrinterTurbo/desktop/build/final/stage/lib/libavformat.63.1.101.dylib
    ........................
  * Fixing dependencies on /Users/jaydenmanno/AI/MoneyPrinterTurbo/desktop/build/final/stage/lib/libavformat.63.1.101.dylib
    install_name_tool -change "/opt/homebrew/Cellar/ffmpeg/9.0.1/lib/libavcodec.63.1.101.dylib" "@executable_path/../lib/libavcodec.63.1.101.dylib" "/Users/jaydenmanno/AI/MoneyPrinterTurbo/desktop/build/final/stage/lib/libavformat.63.1.101.dylib"
/Applications/Xcode.app/Contents/Developer/Toolchains/XcodeDefault.xctoolchain/usr/bin/install_name_tool: warning: changes being made to the file will invalidate the code signature in: /Users/jaydenmanno/AI/MoneyPrinterTurbo/desktop/build/final/stage/lib/libavformat.63.1.101.dylib
    install_name_tool -change "/opt/homebrew/Cellar/ffmpeg/9.0.1/lib/libavcodec.63.dylib" "@executable_path/../lib/libavcodec.63.1.101.dylib" "/Users/jaydenmanno/AI/MoneyPrinterTurbo/desktop/build/final/stage/lib/libavformat.63.1.101.dylib"
/Applications/Xcode.app/Contents/Developer/Toolchains/XcodeDefault.xctoolchain/usr/bin/install_name_tool: warning: changes being made to the file will invalidate the code signature in: /Users/jaydenmanno/AI/MoneyPrinterTurbo/desktop/build/final/stage/lib/libavformat.63.1.101.dylib
    install_name_tool -change "/opt/homebrew/Cellar/ffmpeg/9.0.1/lib/libswresample.7.1.101.dylib" "@executable_path/../lib/libswresample.7.1.101.dylib" "/Users/jaydenmanno/AI/MoneyPrinterTurbo/desktop/build/final/stage/lib/libavformat.63.1.101.dylib"
/Applications/Xcode.app/Contents/Developer/Toolchains/XcodeDefault.xctoolchain/usr/bin/install_name_tool: warning: changes being made to the file will invalidate the code signature in: /Users/jaydenmanno/AI/MoneyPrinterTurbo/desktop/build/final/stage/lib/libavformat.63.1.101.dylib
    install_name_tool -change "/opt/homebrew/Cellar/ffmpeg/9.0.1/lib/libswresample.7.dylib" "@executable_path/../lib/libswresample.7.1.101.dylib" "/Users/jaydenmanno/AI/MoneyPrinterTurbo/desktop/build/final/stage/lib/libavformat.63.1.101.dylib"
/Applications/Xcode.app/Contents/Developer/Toolchains/XcodeDefault.xctoolchain/usr/bin/install_name_tool: warning: changes being made to the file will invalidate the code signature in: /Users/jaydenmanno/AI/MoneyPrinterTurbo/desktop/build/final/stage/lib/libavformat.63.1.101.dylib
    install_name_tool -change "/opt/homebrew/Cellar/ffmpeg/9.0.1/lib/libavutil.61.1.101.dylib" "@executable_path/../lib/libavutil.61.1.101.dylib" "/Users/jaydenmanno/AI/MoneyPrinterTurbo/desktop/build/final/stage/lib/libavformat.63.1.101.dylib"
/Applications/Xcode.app/Contents/Developer/Toolchains/XcodeDefault.xctoolchain/usr/bin/install_name_tool: warning: changes being made to the file will invalidate the code signature in: /Users/jaydenmanno/AI/MoneyPrinterTurbo/desktop/build/final/stage/lib/libavformat.63.1.101.dylib
    install_name_tool -change "/opt/homebrew/Cellar/ffmpeg/9.0.1/lib/libavutil.61.dylib" "@executable_path/../lib/libavutil.61.1.101.dylib" "/Users/jaydenmanno/AI/MoneyPrinterTurbo/desktop/build/final/stage/lib/libavformat.63.1.101.dylib"
/Applications/Xcode.app/Contents/Developer/Toolchains/XcodeDefault.xctoolchain/usr/bin/install_name_tool: warning: changes being made to the file will invalidate the code signature in: /Users/jaydenmanno/AI/MoneyPrinterTurbo/desktop/build/final/stage/lib/libavformat.63.1.101.dylib
    install_name_tool -change "/opt/homebrew/Cellar/openssl@3/3.6.3/lib/libssl.3.dylib" "@executable_path/../lib/libssl.3.dylib" "/Users/jaydenmanno/AI/MoneyPrinterTurbo/desktop/build/final/stage/lib/libavformat.63.1.101.dylib"
/Applications/Xcode.app/Contents/Developer/Toolchains/XcodeDefault.xctoolchain/usr/bin/install_name_tool: warning: changes being made to the file will invalidate the code signature in: /Users/jaydenmanno/AI/MoneyPrinterTurbo/desktop/build/final/stage/lib/libavformat.63.1.101.dylib
    install_name_tool -change "/opt/homebrew/opt/openssl@3/lib/libssl.3.dylib" "@executable_path/../lib/libssl.3.dylib" "/Users/jaydenmanno/AI/MoneyPrinterTurbo/desktop/build/final/stage/lib/libavformat.63.1.101.dylib"
/Applications/Xcode.app/Contents/Developer/Toolchains/XcodeDefault.xctoolchain/usr/bin/install_name_tool: warning: changes being made to the file will invalidate the code signature in: /Users/jaydenmanno/AI/MoneyPrinterTurbo/desktop/build/final/stage/lib/libavformat.63.1.101.dylib
    install_name_tool -change "/opt/homebrew/Cellar/openssl@3/3.6.3/lib/libcrypto.3.dylib" "@executable_path/../lib/libcrypto.3.dylib" "/Users/jaydenmanno/AI/MoneyPrinterTurbo/desktop/build/final/stage/lib/libavformat.63.1.101.dylib"
/Applications/Xcode.app/Contents/Developer/Toolchains/XcodeDefault.xctoolchain/usr/bin/install_name_tool: warning: changes being made to the file will invalidate the code signature in: /Users/jaydenmanno/AI/MoneyPrinterTurbo/desktop/build/final/stage/lib/libavformat.63.1.101.dylib
    install_name_tool -change "/opt/homebrew/opt/openssl@3/lib/libcrypto.3.dylib" "@executable_path/../lib/libcrypto.3.dylib" "/Users/jaydenmanno/AI/MoneyPrinterTurbo/desktop/build/final/stage/lib/libavformat.63.1.101.dylib"
/Applications/Xcode.app/Contents/Developer/Toolchains/XcodeDefault.xctoolchain/usr/bin/install_name_tool: warning: changes being made to the file will invalidate the code signature in: /Users/jaydenmanno/AI/MoneyPrinterTurbo/desktop/build/final/stage/lib/libavformat.63.1.101.dylib
    install_name_tool -change "/opt/homebrew/Cellar/libvpx/1.16.0/lib/libvpx.12.dylib" "@executable_path/../lib/libvpx.12.dylib" "/Users/jaydenmanno/AI/MoneyPrinterTurbo/desktop/build/final/stage/lib/libavformat.63.1.101.dylib"
/Applications/Xcode.app/Contents/Developer/Toolchains/XcodeDefault.xctoolchain/usr/bin/install_name_tool: warning: changes being made to the file will invalidate the code signature in: /Users/jaydenmanno/AI/MoneyPrinterTurbo/desktop/build/final/stage/lib/libavformat.63.1.101.dylib
    install_name_tool -change "/opt/homebrew/opt/libvpx/lib/libvpx.12.dylib" "@executable_path/../lib/libvpx.12.dylib" "/Users/jaydenmanno/AI/MoneyPrinterTurbo/desktop/build/final/stage/lib/libavformat.63.1.101.dylib"
/Applications/Xcode.app/Contents/Developer/Toolchains/XcodeDefault.xctoolchain/usr/bin/install_name_tool: warning: changes being made to the file will invalidate the code signature in: /Users/jaydenmanno/AI/MoneyPrinterTurbo/desktop/build/final/stage/lib/libavformat.63.1.101.dylib
    install_name_tool -change "/opt/homebrew/Cellar/xz/5.8.3/lib/liblzma.5.dylib" "@executable_path/../lib/liblzma.5.dylib" "/Users/jaydenmanno/AI/MoneyPrinterTurbo/desktop/build/final/stage/lib/libavformat.63.1.101.dylib"
/Applications/Xcode.app/Contents/Developer/Toolchains/XcodeDefault.xctoolchain/usr/bin/install_name_tool: warning: changes being made to the file will invalidate the code signature in: /Users/jaydenmanno/AI/MoneyPrinterTurbo/desktop/build/final/stage/lib/libavformat.63.1.101.dylib
    install_name_tool -change "/opt/homebrew/opt/xz/lib/liblzma.5.dylib" "@executable_path/../lib/liblzma.5.dylib" "/Users/jaydenmanno/AI/MoneyPrinterTurbo/desktop/build/final/stage/lib/libavformat.63.1.101.dylib"
/Applications/Xcode.app/Contents/Developer/Toolchains/XcodeDefault.xctoolchain/usr/bin/install_name_tool: warning: changes being made to the file will invalidate the code signature in: /Users/jaydenmanno/AI/MoneyPrinterTurbo/desktop/build/final/stage/lib/libavformat.63.1.101.dylib
    install_name_tool -change "/opt/homebrew/Cellar/dav1d/1.5.4/lib/libdav1d.7.dylib" "@executable_path/../lib/libdav1d.7.dylib" "/Users/jaydenmanno/AI/MoneyPrinterTurbo/desktop/build/final/stage/lib/libavformat.63.1.101.dylib"
/Applications/Xcode.app/Contents/Developer/Toolchains/XcodeDefault.xctoolchain/usr/bin/install_name_tool: warning: changes being made to the file will invalidate the code signature in: /Users/jaydenmanno/AI/MoneyPrinterTurbo/desktop/build/final/stage/lib/libavformat.63.1.101.dylib
    install_name_tool -change "/opt/homebrew/opt/dav1d/lib/libdav1d.7.dylib" "@executable_path/../lib/libdav1d.7.dylib" "/Users/jaydenmanno/AI/MoneyPrinterTurbo/desktop/build/final/stage/lib/libavformat.63.1.101.dylib"
/Applications/Xcode.app/Contents/Developer/Toolchains/XcodeDefault.xctoolchain/usr/bin/install_name_tool: warning: changes being made to the file will invalidate the code signature in: /Users/jaydenmanno/AI/MoneyPrinterTurbo/desktop/build/final/stage/lib/libavformat.63.1.101.dylib
    install_name_tool -change "/opt/homebrew/Cellar/lame/4.0/lib/libmp3lame.0.dylib" "@executable_path/../lib/libmp3lame.0.dylib" "/Users/jaydenmanno/AI/MoneyPrinterTurbo/desktop/build/final/stage/lib/libavformat.63.1.101.dylib"
/Applications/Xcode.app/Contents/Developer/Toolchains/XcodeDefault.xctoolchain/usr/bin/install_name_tool: warning: changes being made to the file will invalidate the code signature in: /Users/jaydenmanno/AI/MoneyPrinterTurbo/desktop/build/final/stage/lib/libavformat.63.1.101.dylib
    install_name_tool -change "/opt/homebrew/opt/lame/lib/libmp3lame.0.dylib" "@executable_path/../lib/libmp3lame.0.dylib" "/Users/jaydenmanno/AI/MoneyPrinterTurbo/desktop/build/final/stage/lib/libavformat.63.1.101.dylib"
/Applications/Xcode.app/Contents/Developer/Toolchains/XcodeDefault.xctoolchain/usr/bin/install_name_tool: warning: changes being made to the file will invalidate the code signature in: /Users/jaydenmanno/AI/MoneyPrinterTurbo/desktop/build/final/stage/lib/libavformat.63.1.101.dylib
    install_name_tool -change "/opt/homebrew/Cellar/opus/1.6.1/lib/libopus.0.dylib" "@executable_path/../lib/libopus.0.dylib" "/Users/jaydenmanno/AI/MoneyPrinterTurbo/desktop/build/final/stage/lib/libavformat.63.1.101.dylib"
/Applications/Xcode.app/Contents/Developer/Toolchains/XcodeDefault.xctoolchain/usr/bin/install_name_tool: warning: changes being made to the file will invalidate the code signature in: /Users/jaydenmanno/AI/MoneyPrinterTurbo/desktop/build/final/stage/lib/libavformat.63.1.101.dylib
    install_name_tool -change "/opt/homebrew/opt/opus/lib/libopus.0.dylib" "@executable_path/../lib/libopus.0.dylib" "/Users/jaydenmanno/AI/MoneyPrinterTurbo/desktop/build/final/stage/lib/libavformat.63.1.101.dylib"
/Applications/Xcode.app/Contents/Developer/Toolchains/XcodeDefault.xctoolchain/usr/bin/install_name_tool: warning: changes being made to the file will invalidate the code signature in: /Users/jaydenmanno/AI/MoneyPrinterTurbo/desktop/build/final/stage/lib/libavformat.63.1.101.dylib
    install_name_tool -change "/opt/homebrew/Cellar/svt-av1/4.2.0/lib/libSvtAv1Enc.4.2.0.dylib" "@executable_path/../lib/libSvtAv1Enc.4.2.0.dylib" "/Users/jaydenmanno/AI/MoneyPrinterTurbo/desktop/build/final/stage/lib/libavformat.63.1.101.dylib"
/Applications/Xcode.app/Contents/Developer/Toolchains/XcodeDefault.xctoolchain/usr/bin/install_name_tool: warning: changes being made to the file will invalidate the code signature in: /Users/jaydenmanno/AI/MoneyPrinterTurbo/desktop/build/final/stage/lib/libavformat.63.1.101.dylib
    install_name_tool -change "/opt/homebrew/opt/svt-av1/lib/libSvtAv1Enc.4.dylib" "@executable_path/../lib/libSvtAv1Enc.4.2.0.dylib" "/Users/jaydenmanno/AI/MoneyPrinterTurbo/desktop/build/final/stage/lib/libavformat.63.1.101.dylib"
/Applications/Xcode.app/Contents/Developer/Toolchains/XcodeDefault.xctoolchain/usr/bin/install_name_tool: warning: changes being made to the file will invalidate the code signature in: /Users/jaydenmanno/AI/MoneyPrinterTurbo/desktop/build/final/stage/lib/libavformat.63.1.101.dylib
    install_name_tool -change "/opt/homebrew/Cellar/x264/r3222/lib/libx264.165.dylib" "@executable_path/../lib/libx264.165.dylib" "/Users/jaydenmanno/AI/MoneyPrinterTurbo/desktop/build/final/stage/lib/libavformat.63.1.101.dylib"
/Applications/Xcode.app/Contents/Developer/Toolchains/XcodeDefault.xctoolchain/usr/bin/install_name_tool: warning: changes being made to the file will invalidate the code signature in: /Users/jaydenmanno/AI/MoneyPrinterTurbo/desktop/build/final/stage/lib/libavformat.63.1.101.dylib
    install_name_tool -change "/opt/homebrew/opt/x264/lib/libx264.165.dylib" "@executable_path/../lib/libx264.165.dylib" "/Users/jaydenmanno/AI/MoneyPrinterTurbo/desktop/build/final/stage/lib/libavformat.63.1.101.dylib"
/Applications/Xcode.app/Contents/Developer/Toolchains/XcodeDefault.xctoolchain/usr/bin/install_name_tool: warning: changes being made to the file will invalidate the code signature in: /Users/jaydenmanno/AI/MoneyPrinterTurbo/desktop/build/final/stage/lib/libavformat.63.1.101.dylib
    install_name_tool -change "/opt/homebrew/Cellar/x265/4.2/lib/libx265.216.dylib" "@executable_path/../lib/libx265.216.dylib" "/Users/jaydenmanno/AI/MoneyPrinterTurbo/desktop/build/final/stage/lib/libavformat.63.1.101.dylib"
/Applications/Xcode.app/Contents/Developer/Toolchains/XcodeDefault.xctoolchain/usr/bin/install_name_tool: warning: changes being made to the file will invalidate the code signature in: /Users/jaydenmanno/AI/MoneyPrinterTurbo/desktop/build/final/stage/lib/libavformat.63.1.101.dylib
    install_name_tool -change "/opt/homebrew/opt/x265/lib/libx265.216.dylib" "@executable_path/../lib/libx265.216.dylib" "/Users/jaydenmanno/AI/MoneyPrinterTurbo/desktop/build/final/stage/lib/libavformat.63.1.101.dylib"
/Applications/Xcode.app/Contents/Developer/Toolchains/XcodeDefault.xctoolchain/usr/bin/install_name_tool: warning: changes being made to the file will invalidate the code signature in: /Users/jaydenmanno/AI/MoneyPrinterTurbo/desktop/build/final/stage/lib/libavformat.63.1.101.dylib
    codesign --force --deep --preserve-metadata=entitlements,requirements,flags,runtime --sign - "/Users/jaydenmanno/AI/MoneyPrinterTurbo/desktop/build/final/stage/lib/libavformat.63.1.101.dylib"
/Users/jaydenmanno/AI/MoneyPrinterTurbo/desktop/build/final/stage/lib/libavformat.63.1.101.dylib: replacing existing signature

* Processing dependency /Users/jaydenmanno/AI/MoneyPrinterTurbo/desktop/build/final/stage/lib/libavfilter.12.1.101.dylib
    cp -f "/opt/homebrew/Cellar/ffmpeg/9.0.1/lib/libavfilter.12.1.101.dylib" "/Users/jaydenmanno/AI/MoneyPrinterTurbo/desktop/build/final/stage/lib/libavfilter.12.1.101.dylib"
    chmod +w "/Users/jaydenmanno/AI/MoneyPrinterTurbo/desktop/build/final/stage/lib/libavfilter.12.1.101.dylib"
    install_name_tool -id "@executable_path/../lib/libavfilter.12.1.101.dylib" "/Users/jaydenmanno/AI/MoneyPrinterTurbo/desktop/build/final/stage/lib/libavfilter.12.1.101.dylib"
/Applications/Xcode.app/Contents/Developer/Toolchains/XcodeDefault.xctoolchain/usr/bin/install_name_tool: warning: changes being made to the file will invalidate the code signature in: /Users/jaydenmanno/AI/MoneyPrinterTurbo/desktop/build/final/stage/lib/libavfilter.12.1.101.dylib
    ..................................
  * Fixing dependencies on /Users/jaydenmanno/AI/MoneyPrinterTurbo/desktop/build/final/stage/lib/libavfilter.12.1.101.dylib
    install_name_tool -change "/opt/homebrew/Cellar/ffmpeg/9.0.1/lib/libswscale.10.1.101.dylib" "@executable_path/../lib/libswscale.10.1.101.dylib" "/Users/jaydenmanno/AI/MoneyPrinterTurbo/desktop/build/final/stage/lib/libavfilter.12.1.101.dylib"
/Applications/Xcode.app/Contents/Developer/Toolchains/XcodeDefault.xctoolchain/usr/bin/install_name_tool: warning: changes being made to the file will invalidate the code signature in: /Users/jaydenmanno/AI/MoneyPrinterTurbo/desktop/build/final/stage/lib/libavfilter.12.1.101.dylib
    install_name_tool -change "/opt/homebrew/Cellar/ffmpeg/9.0.1/lib/libswscale.10.dylib" "@executable_path/../lib/libswscale.10.1.101.dylib" "/Users/jaydenmanno/AI/MoneyPrinterTurbo/desktop/build/final/stage/lib/libavfilter.12.1.101.dylib"
/Applications/Xcode.app/Contents/Developer/Toolchains/XcodeDefault.xctoolchain/usr/bin/install_name_tool: warning: changes being made to the file will invalidate the code signature in: /Users/jaydenmanno/AI/MoneyPrinterTurbo/desktop/build/final/stage/lib/libavfilter.12.1.101.dylib
    install_name_tool -change "/opt/homebrew/Cellar/ffmpeg/9.0.1/lib/libavformat.63.1.101.dylib" "@executable_path/../lib/libavformat.63.1.101.dylib" "/Users/jaydenmanno/AI/MoneyPrinterTurbo/desktop/build/final/stage/lib/libavfilter.12.1.101.dylib"
/Applications/Xcode.app/Contents/Developer/Toolchains/XcodeDefault.xctoolchain/usr/bin/install_name_tool: warning: changes being made to the file will invalidate the code signature in: /Users/jaydenmanno/AI/MoneyPrinterTurbo/desktop/build/final/stage/lib/libavfilter.12.1.101.dylib
    install_name_tool -change "/opt/homebrew/Cellar/ffmpeg/9.0.1/lib/libavformat.63.dylib" "@executable_path/../lib/libavformat.63.1.101.dylib" "/Users/jaydenmanno/AI/MoneyPrinterTurbo/desktop/build/final/stage/lib/libavfilter.12.1.101.dylib"
/Applications/Xcode.app/Contents/Developer/Toolchains/XcodeDefault.xctoolchain/usr/bin/install_name_tool: warning: changes being made to the file will invalidate the code signature in: /Users/jaydenmanno/AI/MoneyPrinterTurbo/desktop/build/final/stage/lib/libavfilter.12.1.101.dylib
    install_name_tool -change "/opt/homebrew/Cellar/ffmpeg/9.0.1/lib/libavcodec.63.1.101.dylib" "@executable_path/../lib/libavcodec.63.1.101.dylib" "/Users/jaydenmanno/AI/MoneyPrinterTurbo/desktop/build/final/stage/lib/libavfilter.12.1.101.dylib"
/Applications/Xcode.app/Contents/Developer/Toolchains/XcodeDefault.xctoolchain/usr/bin/install_name_tool: warning: changes being made to the file will invalidate the code signature in: /Users/jaydenmanno/AI/MoneyPrinterTurbo/desktop/build/final/stage/lib/libavfilter.12.1.101.dylib
    install_name_tool -change "/opt/homebrew/Cellar/ffmpeg/9.0.1/lib/libavcodec.63.dylib" "@executable_path/../lib/libavcodec.63.1.101.dylib" "/Users/jaydenmanno/AI/MoneyPrinterTurbo/desktop/build/final/stage/lib/libavfilter.12.1.101.dylib"
/Applications/Xcode.app/Contents/Developer/Toolchains/XcodeDefault.xctoolchain/usr/bin/install_name_tool: warning: changes being made to the file will invalidate the code signature in: /Users/jaydenmanno/AI/MoneyPrinterTurbo/desktop/build/final/stage/lib/libavfilter.12.1.101.dylib
    install_name_tool -change "/opt/homebrew/Cellar/ffmpeg/9.0.1/lib/libswresample.7.1.101.dylib" "@executable_path/../lib/libswresample.7.1.101.dylib" "/Users/jaydenmanno/AI/MoneyPrinterTurbo/desktop/build/final/stage/lib/libavfilter.12.1.101.dylib"
/Applications/Xcode.app/Contents/Developer/Toolchains/XcodeDefault.xctoolchain/usr/bin/install_name_tool: warning: changes being made to the file will invalidate the code signature in: /Users/jaydenmanno/AI/MoneyPrinterTurbo/desktop/build/final/stage/lib/libavfilter.12.1.101.dylib
    install_name_tool -change "/opt/homebrew/Cellar/ffmpeg/9.0.1/lib/libswresample.7.dylib" "@executable_path/../lib/libswresample.7.1.101.dylib" "/Users/jaydenmanno/AI/MoneyPrinterTurbo/desktop/build/final/stage/lib/libavfilter.12.1.101.dylib"
/Applications/Xcode.app/Contents/Developer/Toolchains/XcodeDefault.xctoolchain/usr/bin/install_name_tool: warning: changes being made to the file will invalidate the code signature in: /Users/jaydenmanno/AI/MoneyPrinterTurbo/desktop/build/final/stage/lib/libavfilter.12.1.101.dylib
    install_name_tool -change "/opt/homebrew/Cellar/ffmpeg/9.0.1/lib/libavutil.61.1.101.dylib" "@executable_path/../lib/libavutil.61.1.101.dylib" "/Users/jaydenmanno/AI/MoneyPrinterTurbo/desktop/build/final/stage/lib/libavfilter.12.1.101.dylib"
/Applications/Xcode.app/Contents/Developer/Toolchains/XcodeDefault.xctoolchain/usr/bin/install_name_tool: warning: changes being made to the file will invalidate the code signature in: /Users/jaydenmanno/AI/MoneyPrinterTurbo/desktop/build/final/stage/lib/libavfilter.12.1.101.dylib
    install_name_tool -change "/opt/homebrew/Cellar/ffmpeg/9.0.1/lib/libavutil.61.dylib" "@executable_path/../lib/libavutil.61.1.101.dylib" "/Users/jaydenmanno/AI/MoneyPrinterTurbo/desktop/build/final/stage/lib/libavfilter.12.1.101.dylib"
/Applications/Xcode.app/Contents/Developer/Toolchains/XcodeDefault.xctoolchain/usr/bin/install_name_tool: warning: changes being made to the file will invalidate the code signature in: /Users/jaydenmanno/AI/MoneyPrinterTurbo/desktop/build/final/stage/lib/libavfilter.12.1.101.dylib
    install_name_tool -change "/opt/homebrew/Cellar/libvmaf/3.2.0/lib/libvmaf.3.dylib" "@executable_path/../lib/libvmaf.3.dylib" "/Users/jaydenmanno/AI/MoneyPrinterTurbo/desktop/build/final/stage/lib/libavfilter.12.1.101.dylib"
/Applications/Xcode.app/Contents/Developer/Toolchains/XcodeDefault.xctoolchain/usr/bin/install_name_tool: warning: changes being made to the file will invalidate the code signature in: /Users/jaydenmanno/AI/MoneyPrinterTurbo/desktop/build/final/stage/lib/libavfilter.12.1.101.dylib
    install_name_tool -change "/opt/homebrew/opt/libvmaf/lib/libvmaf.3.dylib" "@executable_path/../lib/libvmaf.3.dylib" "/Users/jaydenmanno/AI/MoneyPrinterTurbo/desktop/build/final/stage/lib/libavfilter.12.1.101.dylib"
/Applications/Xcode.app/Contents/Developer/Toolchains/XcodeDefault.xctoolchain/usr/bin/install_name_tool: warning: changes being made to the file will invalidate the code signature in: /Users/jaydenmanno/AI/MoneyPrinterTurbo/desktop/build/final/stage/lib/libavfilter.12.1.101.dylib
    install_name_tool -change "/opt/homebrew/Cellar/openssl@3/3.6.3/lib/libssl.3.dylib" "@executable_path/../lib/libssl.3.dylib" "/Users/jaydenmanno/AI/MoneyPrinterTurbo/desktop/build/final/stage/lib/libavfilter.12.1.101.dylib"
/Applications/Xcode.app/Contents/Developer/Toolchains/XcodeDefault.xctoolchain/usr/bin/install_name_tool: warning: changes being made to the file will invalidate the code signature in: /Users/jaydenmanno/AI/MoneyPrinterTurbo/desktop/build/final/stage/lib/libavfilter.12.1.101.dylib
    install_name_tool -change "/opt/homebrew/opt/openssl@3/lib/libssl.3.dylib" "@executable_path/../lib/libssl.3.dylib" "/Users/jaydenmanno/AI/MoneyPrinterTurbo/desktop/build/final/stage/lib/libavfilter.12.1.101.dylib"
/Applications/Xcode.app/Contents/Developer/Toolchains/XcodeDefault.xctoolchain/usr/bin/install_name_tool: warning: changes being made to the file will invalidate the code signature in: /Users/jaydenmanno/AI/MoneyPrinterTurbo/desktop/build/final/stage/lib/libavfilter.12.1.101.dylib
    install_name_tool -change "/opt/homebrew/Cellar/openssl@3/3.6.3/lib/libcrypto.3.dylib" "@executable_path/../lib/libcrypto.3.dylib" "/Users/jaydenmanno/AI/MoneyPrinterTurbo/desktop/build/final/stage/lib/libavfilter.12.1.101.dylib"
/Applications/Xcode.app/Contents/Developer/Toolchains/XcodeDefault.xctoolchain/usr/bin/install_name_tool: warning: changes being made to the file will invalidate the code signature in: /Users/jaydenmanno/AI/MoneyPrinterTurbo/desktop/build/final/stage/lib/libavfilter.12.1.101.dylib
    install_name_tool -change "/opt/homebrew/opt/openssl@3/lib/libcrypto.3.dylib" "@executable_path/../lib/libcrypto.3.dylib" "/Users/jaydenmanno/AI/MoneyPrinterTurbo/desktop/build/final/stage/lib/libavfilter.12.1.101.dylib"
/Applications/Xcode.app/Contents/Developer/Toolchains/XcodeDefault.xctoolchain/usr/bin/install_name_tool: warning: changes being made to the file will invalidate the code signature in: /Users/jaydenmanno/AI/MoneyPrinterTurbo/desktop/build/final/stage/lib/libavfilter.12.1.101.dylib
    install_name_tool -change "/opt/homebrew/Cellar/libvpx/1.16.0/lib/libvpx.12.dylib" "@executable_path/../lib/libvpx.12.dylib" "/Users/jaydenmanno/AI/MoneyPrinterTurbo/desktop/build/final/stage/lib/libavfilter.12.1.101.dylib"
/Applications/Xcode.app/Contents/Developer/Toolchains/XcodeDefault.xctoolchain/usr/bin/install_name_tool: warning: changes being made to the file will invalidate the code signature in: /Users/jaydenmanno/AI/MoneyPrinterTurbo/desktop/build/final/stage/lib/libavfilter.12.1.101.dylib
    install_name_tool -change "/opt/homebrew/opt/libvpx/lib/libvpx.12.dylib" "@executable_path/../lib/libvpx.12.dylib" "/Users/jaydenmanno/AI/MoneyPrinterTurbo/desktop/build/final/stage/lib/libavfilter.12.1.101.dylib"
/Applications/Xcode.app/Contents/Developer/Toolchains/XcodeDefault.xctoolchain/usr/bin/install_name_tool: warning: changes being made to the file will invalidate the code signature in: /Users/jaydenmanno/AI/MoneyPrinterTurbo/desktop/build/final/stage/lib/libavfilter.12.1.101.dylib
    install_name_tool -change "/opt/homebrew/Cellar/xz/5.8.3/lib/liblzma.5.dylib" "@executable_path/../lib/liblzma.5.dylib" "/Users/jaydenmanno/AI/MoneyPrinterTurbo/desktop/build/final/stage/lib/libavfilter.12.1.101.dylib"
/Applications/Xcode.app/Contents/Developer/Toolchains/XcodeDefault.xctoolchain/usr/bin/install_name_tool: warning: changes being made to the file will invalidate the code signature in: /Users/jaydenmanno/AI/MoneyPrinterTurbo/desktop/build/final/stage/lib/libavfilter.12.1.101.dylib
    install_name_tool -change "/opt/homebrew/opt/xz/lib/liblzma.5.dylib" "@executable_path/../lib/liblzma.5.dylib" "/Users/jaydenmanno/AI/MoneyPrinterTurbo/desktop/build/final/stage/lib/libavfilter.12.1.101.dylib"
/Applications/Xcode.app/Contents/Developer/Toolchains/XcodeDefault.xctoolchain/usr/bin/install_name_tool: warning: changes being made to the file will invalidate the code signature in: /Users/jaydenmanno/AI/MoneyPrinterTurbo/desktop/build/final/stage/lib/libavfilter.12.1.101.dylib
    install_name_tool -change "/opt/homebrew/Cellar/dav1d/1.5.4/lib/libdav1d.7.dylib" "@executable_path/../lib/libdav1d.7.dylib" "/Users/jaydenmanno/AI/MoneyPrinterTurbo/desktop/build/final/stage/lib/libavfilter.12.1.101.dylib"
/Applications/Xcode.app/Contents/Developer/Toolchains/XcodeDefault.xctoolchain/usr/bin/install_name_tool: warning: changes being made to the file will invalidate the code signature in: /Users/jaydenmanno/AI/MoneyPrinterTurbo/desktop/build/final/stage/lib/libavfilter.12.1.101.dylib
    install_name_tool -change "/opt/homebrew/opt/dav1d/lib/libdav1d.7.dylib" "@executable_path/../lib/libdav1d.7.dylib" "/Users/jaydenmanno/AI/MoneyPrinterTurbo/desktop/build/final/stage/lib/libavfilter.12.1.101.dylib"
/Applications/Xcode.app/Contents/Developer/Toolchains/XcodeDefault.xctoolchain/usr/bin/install_name_tool: warning: changes being made to the file will invalidate the code signature in: /Users/jaydenmanno/AI/MoneyPrinterTurbo/desktop/build/final/stage/lib/libavfilter.12.1.101.dylib
    install_name_tool -change "/opt/homebrew/Cellar/lame/4.0/lib/libmp3lame.0.dylib" "@executable_path/../lib/libmp3lame.0.dylib" "/Users/jaydenmanno/AI/MoneyPrinterTurbo/desktop/build/final/stage/lib/libavfilter.12.1.101.dylib"
/Applications/Xcode.app/Contents/Developer/Toolchains/XcodeDefault.xctoolchain/usr/bin/install_name_tool: warning: changes being made to the file will invalidate the code signature in: /Users/jaydenmanno/AI/MoneyPrinterTurbo/desktop/build/final/stage/lib/libavfilter.12.1.101.dylib
    install_name_tool -change "/opt/homebrew/opt/lame/lib/libmp3lame.0.dylib" "@executable_path/../lib/libmp3lame.0.dylib" "/Users/jaydenmanno/AI/MoneyPrinterTurbo/desktop/build/final/stage/lib/libavfilter.12.1.101.dylib"
/Applications/Xcode.app/Contents/Developer/Toolchains/XcodeDefault.xctoolchain/usr/bin/install_name_tool: warning: changes being made to the file will invalidate the code signature in: /Users/jaydenmanno/AI/MoneyPrinterTurbo/desktop/build/final/stage/lib/libavfilter.12.1.101.dylib
    install_name_tool -change "/opt/homebrew/Cellar/opus/1.6.1/lib/libopus.0.dylib" "@executable_path/../lib/libopus.0.dylib" "/Users/jaydenmanno/AI/MoneyPrinterTurbo/desktop/build/final/stage/lib/libavfilter.12.1.101.dylib"
/Applications/Xcode.app/Contents/Developer/Toolchains/XcodeDefault.xctoolchain/usr/bin/install_name_tool: warning: changes being made to the file will invalidate the code signature in: /Users/jaydenmanno/AI/MoneyPrinterTurbo/desktop/build/final/stage/lib/libavfilter.12.1.101.dylib
    install_name_tool -change "/opt/homebrew/opt/opus/lib/libopus.0.dylib" "@executable_path/../lib/libopus.0.dylib" "/Users/jaydenmanno/AI/MoneyPrinterTurbo/desktop/build/final/stage/lib/libavfilter.12.1.101.dylib"
/Applications/Xcode.app/Contents/Developer/Toolchains/XcodeDefault.xctoolchain/usr/bin/install_name_tool: warning: changes being made to the file will invalidate the code signature in: /Users/jaydenmanno/AI/MoneyPrinterTurbo/desktop/build/final/stage/lib/libavfilter.12.1.101.dylib
    install_name_tool -change "/opt/homebrew/Cellar/svt-av1/4.2.0/lib/libSvtAv1Enc.4.2.0.dylib" "@executable_path/../lib/libSvtAv1Enc.4.2.0.dylib" "/Users/jaydenmanno/AI/MoneyPrinterTurbo/desktop/build/final/stage/lib/libavfilter.12.1.101.dylib"
/Applications/Xcode.app/Contents/Developer/Toolchains/XcodeDefault.xctoolchain/usr/bin/install_name_tool: warning: changes being made to the file will invalidate the code signature in: /Users/jaydenmanno/AI/MoneyPrinterTurbo/desktop/build/final/stage/lib/libavfilter.12.1.101.dylib
    install_name_tool -change "/opt/homebrew/opt/svt-av1/lib/libSvtAv1Enc.4.dylib" "@executable_path/../lib/libSvtAv1Enc.4.2.0.dylib" "/Users/jaydenmanno/AI/MoneyPrinterTurbo/desktop/build/final/stage/lib/libavfilter.12.1.101.dylib"
/Applications/Xcode.app/Contents/Developer/Toolchains/XcodeDefault.xctoolchain/usr/bin/install_name_tool: warning: changes being made to the file will invalidate the code signature in: /Users/jaydenmanno/AI/MoneyPrinterTurbo/desktop/build/final/stage/lib/libavfilter.12.1.101.dylib
    install_name_tool -change "/opt/homebrew/Cellar/x264/r3222/lib/libx264.165.dylib" "@executable_path/../lib/libx264.165.dylib" "/Users/jaydenmanno/AI/MoneyPrinterTurbo/desktop/build/final/stage/lib/libavfilter.12.1.101.dylib"
/Applications/Xcode.app/Contents/Developer/Toolchains/XcodeDefault.xctoolchain/usr/bin/install_name_tool: warning: changes being made to the file will invalidate the code signature in: /Users/jaydenmanno/AI/MoneyPrinterTurbo/desktop/build/final/stage/lib/libavfilter.12.1.101.dylib
    install_name_tool -change "/opt/homebrew/opt/x264/lib/libx264.165.dylib" "@executable_path/../lib/libx264.165.dylib" "/Users/jaydenmanno/AI/MoneyPrinterTurbo/desktop/build/final/stage/lib/libavfilter.12.1.101.dylib"
/Applications/Xcode.app/Contents/Developer/Toolchains/XcodeDefault.xctoolchain/usr/bin/install_name_tool: warning: changes being made to the file will invalidate the code signature in: /Users/jaydenmanno/AI/MoneyPrinterTurbo/desktop/build/final/stage/lib/libavfilter.12.1.101.dylib
    install_name_tool -change "/opt/homebrew/Cellar/x265/4.2/lib/libx265.216.dylib" "@executable_path/../lib/libx265.216.dylib" "/Users/jaydenmanno/AI/MoneyPrinterTurbo/desktop/build/final/stage/lib/libavfilter.12.1.101.dylib"
/Applications/Xcode.app/Contents/Developer/Toolchains/XcodeDefault.xctoolchain/usr/bin/install_name_tool: warning: changes being made to the file will invalidate the code signature in: /Users/jaydenmanno/AI/MoneyPrinterTurbo/desktop/build/final/stage/lib/libavfilter.12.1.101.dylib
    install_name_tool -change "/opt/homebrew/opt/x265/lib/libx265.216.dylib" "@executable_path/../lib/libx265.216.dylib" "/Users/jaydenmanno/AI/MoneyPrinterTurbo/desktop/build/final/stage/lib/libavfilter.12.1.101.dylib"
/Applications/Xcode.app/Contents/Developer/Toolchains/XcodeDefault.xctoolchain/usr/bin/install_name_tool: warning: changes being made to the file will invalidate the code signature in: /Users/jaydenmanno/AI/MoneyPrinterTurbo/desktop/build/final/stage/lib/libavfilter.12.1.101.dylib
    codesign --force --deep --preserve-metadata=entitlements,requirements,flags,runtime --sign - "/Users/jaydenmanno/AI/MoneyPrinterTurbo/desktop/build/final/stage/lib/libavfilter.12.1.101.dylib"
/Users/jaydenmanno/AI/MoneyPrinterTurbo/desktop/build/final/stage/lib/libavfilter.12.1.101.dylib: replacing existing signature

* Processing dependency /Users/jaydenmanno/AI/MoneyPrinterTurbo/desktop/build/final/stage/lib/libavdevice.63.1.101.dylib
    cp -f "/opt/homebrew/Cellar/ffmpeg/9.0.1/lib/libavdevice.63.1.101.dylib" "/Users/jaydenmanno/AI/MoneyPrinterTurbo/desktop/build/final/stage/lib/libavdevice.63.1.101.dylib"
    chmod +w "/Users/jaydenmanno/AI/MoneyPrinterTurbo/desktop/build/final/stage/lib/libavdevice.63.1.101.dylib"
    install_name_tool -id "@executable_path/../lib/libavdevice.63.1.101.dylib" "/Users/jaydenmanno/AI/MoneyPrinterTurbo/desktop/build/final/stage/lib/libavdevice.63.1.101.dylib"
/Applications/Xcode.app/Contents/Developer/Toolchains/XcodeDefault.xctoolchain/usr/bin/install_name_tool: warning: changes being made to the file will invalidate the code signature in: /Users/jaydenmanno/AI/MoneyPrinterTurbo/desktop/build/final/stage/lib/libavdevice.63.1.101.dylib
    .....................................
  * Fixing dependencies on /Users/jaydenmanno/AI/MoneyPrinterTurbo/desktop/build/final/stage/lib/libavdevice.63.1.101.dylib
    install_name_tool -change "/opt/homebrew/Cellar/ffmpeg/9.0.1/lib/libavfilter.12.1.101.dylib" "@executable_path/../lib/libavfilter.12.1.101.dylib" "/Users/jaydenmanno/AI/MoneyPrinterTurbo/desktop/build/final/stage/lib/libavdevice.63.1.101.dylib"
/Applications/Xcode.app/Contents/Developer/Toolchains/XcodeDefault.xctoolchain/usr/bin/install_name_tool: warning: changes being made to the file will invalidate the code signature in: /Users/jaydenmanno/AI/MoneyPrinterTurbo/desktop/build/final/stage/lib/libavdevice.63.1.101.dylib
    install_name_tool -change "/opt/homebrew/Cellar/ffmpeg/9.0.1/lib/libavfilter.12.dylib" "@executable_path/../lib/libavfilter.12.1.101.dylib" "/Users/jaydenmanno/AI/MoneyPrinterTurbo/desktop/build/final/stage/lib/libavdevice.63.1.101.dylib"
/Applications/Xcode.app/Contents/Developer/Toolchains/XcodeDefault.xctoolchain/usr/bin/install_name_tool: warning: changes being made to the file will invalidate the code signature in: /Users/jaydenmanno/AI/MoneyPrinterTurbo/desktop/build/final/stage/lib/libavdevice.63.1.101.dylib
    install_name_tool -change "/opt/homebrew/Cellar/ffmpeg/9.0.1/lib/libswscale.10.1.101.dylib" "@executable_path/../lib/libswscale.10.1.101.dylib" "/Users/jaydenmanno/AI/MoneyPrinterTurbo/desktop/build/final/stage/lib/libavdevice.63.1.101.dylib"
/Applications/Xcode.app/Contents/Developer/Toolchains/XcodeDefault.xctoolchain/usr/bin/install_name_tool: warning: changes being made to the file will invalidate the code signature in: /Users/jaydenmanno/AI/MoneyPrinterTurbo/desktop/build/final/stage/lib/libavdevice.63.1.101.dylib
    install_name_tool -change "/opt/homebrew/Cellar/ffmpeg/9.0.1/lib/libswscale.10.dylib" "@executable_path/../lib/libswscale.10.1.101.dylib" "/Users/jaydenmanno/AI/MoneyPrinterTurbo/desktop/build/final/stage/lib/libavdevice.63.1.101.dylib"
/Applications/Xcode.app/Contents/Developer/Toolchains/XcodeDefault.xctoolchain/usr/bin/install_name_tool: warning: changes being made to the file will invalidate the code signature in: /Users/jaydenmanno/AI/MoneyPrinterTurbo/desktop/build/final/stage/lib/libavdevice.63.1.101.dylib
    install_name_tool -change "/opt/homebrew/Cellar/ffmpeg/9.0.1/lib/libavformat.63.1.101.dylib" "@executable_path/../lib/libavformat.63.1.101.dylib" "/Users/jaydenmanno/AI/MoneyPrinterTurbo/desktop/build/final/stage/lib/libavdevice.63.1.101.dylib"
/Applications/Xcode.app/Contents/Developer/Toolchains/XcodeDefault.xctoolchain/usr/bin/install_name_tool: warning: changes being made to the file will invalidate the code signature in: /Users/jaydenmanno/AI/MoneyPrinterTurbo/desktop/build/final/stage/lib/libavdevice.63.1.101.dylib
    install_name_tool -change "/opt/homebrew/Cellar/ffmpeg/9.0.1/lib/libavformat.63.dylib" "@executable_path/../lib/libavformat.63.1.101.dylib" "/Users/jaydenmanno/AI/MoneyPrinterTurbo/desktop/build/final/stage/lib/libavdevice.63.1.101.dylib"
/Applications/Xcode.app/Contents/Developer/Toolchains/XcodeDefault.xctoolchain/usr/bin/install_name_tool: warning: changes being made to the file will invalidate the code signature in: /Users/jaydenmanno/AI/MoneyPrinterTurbo/desktop/build/final/stage/lib/libavdevice.63.1.101.dylib
    install_name_tool -change "/opt/homebrew/Cellar/ffmpeg/9.0.1/lib/libavcodec.63.1.101.dylib" "@executable_path/../lib/libavcodec.63.1.101.dylib" "/Users/jaydenmanno/AI/MoneyPrinterTurbo/desktop/build/final/stage/lib/libavdevice.63.1.101.dylib"
/Applications/Xcode.app/Contents/Developer/Toolchains/XcodeDefault.xctoolchain/usr/bin/install_name_tool: warning: changes being made to the file will invalidate the code signature in: /Users/jaydenmanno/AI/MoneyPrinterTurbo/desktop/build/final/stage/lib/libavdevice.63.1.101.dylib
    install_name_tool -change "/opt/homebrew/Cellar/ffmpeg/9.0.1/lib/libavcodec.63.dylib" "@executable_path/../lib/libavcodec.63.1.101.dylib" "/Users/jaydenmanno/AI/MoneyPrinterTurbo/desktop/build/final/stage/lib/libavdevice.63.1.101.dylib"
/Applications/Xcode.app/Contents/Developer/Toolchains/XcodeDefault.xctoolchain/usr/bin/install_name_tool: warning: changes being made to the file will invalidate the code signature in: /Users/jaydenmanno/AI/MoneyPrinterTurbo/desktop/build/final/stage/lib/libavdevice.63.1.101.dylib
    install_name_tool -change "/opt/homebrew/Cellar/ffmpeg/9.0.1/lib/libswresample.7.1.101.dylib" "@executable_path/../lib/libswresample.7.1.101.dylib" "/Users/jaydenmanno/AI/MoneyPrinterTurbo/desktop/build/final/stage/lib/libavdevice.63.1.101.dylib"
/Applications/Xcode.app/Contents/Developer/Toolchains/XcodeDefault.xctoolchain/usr/bin/install_name_tool: warning: changes being made to the file will invalidate the code signature in: /Users/jaydenmanno/AI/MoneyPrinterTurbo/desktop/build/final/stage/lib/libavdevice.63.1.101.dylib
    install_name_tool -change "/opt/homebrew/Cellar/ffmpeg/9.0.1/lib/libswresample.7.dylib" "@executable_path/../lib/libswresample.7.1.101.dylib" "/Users/jaydenmanno/AI/MoneyPrinterTurbo/desktop/build/final/stage/lib/libavdevice.63.1.101.dylib"
/Applications/Xcode.app/Contents/Developer/Toolchains/XcodeDefault.xctoolchain/usr/bin/install_name_tool: warning: changes being made to the file will invalidate the code signature in: /Users/jaydenmanno/AI/MoneyPrinterTurbo/desktop/build/final/stage/lib/libavdevice.63.1.101.dylib
    install_name_tool -change "/opt/homebrew/Cellar/ffmpeg/9.0.1/lib/libavutil.61.1.101.dylib" "@executable_path/../lib/libavutil.61.1.101.dylib" "/Users/jaydenmanno/AI/MoneyPrinterTurbo/desktop/build/final/stage/lib/libavdevice.63.1.101.dylib"
/Applications/Xcode.app/Contents/Developer/Toolchains/XcodeDefault.xctoolchain/usr/bin/install_name_tool: warning: changes being made to the file will invalidate the code signature in: /Users/jaydenmanno/AI/MoneyPrinterTurbo/desktop/build/final/stage/lib/libavdevice.63.1.101.dylib
    install_name_tool -change "/opt/homebrew/Cellar/ffmpeg/9.0.1/lib/libavutil.61.dylib" "@executable_path/../lib/libavutil.61.1.101.dylib" "/Users/jaydenmanno/AI/MoneyPrinterTurbo/desktop/build/final/stage/lib/libavdevice.63.1.101.dylib"
/Applications/Xcode.app/Contents/Developer/Toolchains/XcodeDefault.xctoolchain/usr/bin/install_name_tool: warning: changes being made to the file will invalidate the code signature in: /Users/jaydenmanno/AI/MoneyPrinterTurbo/desktop/build/final/stage/lib/libavdevice.63.1.101.dylib
    install_name_tool -change "/opt/homebrew/Cellar/libvmaf/3.2.0/lib/libvmaf.3.dylib" "@executable_path/../lib/libvmaf.3.dylib" "/Users/jaydenmanno/AI/MoneyPrinterTurbo/desktop/build/final/stage/lib/libavdevice.63.1.101.dylib"
/Applications/Xcode.app/Contents/Developer/Toolchains/XcodeDefault.xctoolchain/usr/bin/install_name_tool: warning: changes being made to the file will invalidate the code signature in: /Users/jaydenmanno/AI/MoneyPrinterTurbo/desktop/build/final/stage/lib/libavdevice.63.1.101.dylib
    install_name_tool -change "/opt/homebrew/opt/libvmaf/lib/libvmaf.3.dylib" "@executable_path/../lib/libvmaf.3.dylib" "/Users/jaydenmanno/AI/MoneyPrinterTurbo/desktop/build/final/stage/lib/libavdevice.63.1.101.dylib"
/Applications/Xcode.app/Contents/Developer/Toolchains/XcodeDefault.xctoolchain/usr/bin/install_name_tool: warning: changes being made to the file will invalidate the code signature in: /Users/jaydenmanno/AI/MoneyPrinterTurbo/desktop/build/final/stage/lib/libavdevice.63.1.101.dylib
    install_name_tool -change "/opt/homebrew/Cellar/openssl@3/3.6.3/lib/libssl.3.dylib" "@executable_path/../lib/libssl.3.dylib" "/Users/jaydenmanno/AI/MoneyPrinterTurbo/desktop/build/final/stage/lib/libavdevice.63.1.101.dylib"
/Applications/Xcode.app/Contents/Developer/Toolchains/XcodeDefault.xctoolchain/usr/bin/install_name_tool: warning: changes being made to the file will invalidate the code signature in: /Users/jaydenmanno/AI/MoneyPrinterTurbo/desktop/build/final/stage/lib/libavdevice.63.1.101.dylib
    install_name_tool -change "/opt/homebrew/opt/openssl@3/lib/libssl.3.dylib" "@executable_path/../lib/libssl.3.dylib" "/Users/jaydenmanno/AI/MoneyPrinterTurbo/desktop/build/final/stage/lib/libavdevice.63.1.101.dylib"
/Applications/Xcode.app/Contents/Developer/Toolchains/XcodeDefault.xctoolchain/usr/bin/install_name_tool: warning: changes being made to the file will invalidate the code signature in: /Users/jaydenmanno/AI/MoneyPrinterTurbo/desktop/build/final/stage/lib/libavdevice.63.1.101.dylib
    install_name_tool -change "/opt/homebrew/Cellar/openssl@3/3.6.3/lib/libcrypto.3.dylib" "@executable_path/../lib/libcrypto.3.dylib" "/Users/jaydenmanno/AI/MoneyPrinterTurbo/desktop/build/final/stage/lib/libavdevice.63.1.101.dylib"
/Applications/Xcode.app/Contents/Developer/Toolchains/XcodeDefault.xctoolchain/usr/bin/install_name_tool: warning: changes being made to the file will invalidate the code signature in: /Users/jaydenmanno/AI/MoneyPrinterTurbo/desktop/build/final/stage/lib/libavdevice.63.1.101.dylib
    install_name_tool -change "/opt/homebrew/opt/openssl@3/lib/libcrypto.3.dylib" "@executable_path/../lib/libcrypto.3.dylib" "/Users/jaydenmanno/AI/MoneyPrinterTurbo/desktop/build/final/stage/lib/libavdevice.63.1.101.dylib"
/Applications/Xcode.app/Contents/Developer/Toolchains/XcodeDefault.xctoolchain/usr/bin/install_name_tool: warning: changes being made to the file will invalidate the code signature in: /Users/jaydenmanno/AI/MoneyPrinterTurbo/desktop/build/final/stage/lib/libavdevice.63.1.101.dylib
    install_name_tool -change "/opt/homebrew/Cellar/libvpx/1.16.0/lib/libvpx.12.dylib" "@executable_path/../lib/libvpx.12.dylib" "/Users/jaydenmanno/AI/MoneyPrinterTurbo/desktop/build/final/stage/lib/libavdevice.63.1.101.dylib"
/Applications/Xcode.app/Contents/Developer/Toolchains/XcodeDefault.xctoolchain/usr/bin/install_name_tool: warning: changes being made to the file will invalidate the code signature in: /Users/jaydenmanno/AI/MoneyPrinterTurbo/desktop/build/final/stage/lib/libavdevice.63.1.101.dylib
    install_name_tool -change "/opt/homebrew/opt/libvpx/lib/libvpx.12.dylib" "@executable_path/../lib/libvpx.12.dylib" "/Users/jaydenmanno/AI/MoneyPrinterTurbo/desktop/build/final/stage/lib/libavdevice.63.1.101.dylib"
/Applications/Xcode.app/Contents/Developer/Toolchains/XcodeDefault.xctoolchain/usr/bin/install_name_tool: warning: changes being made to the file will invalidate the code signature in: /Users/jaydenmanno/AI/MoneyPrinterTurbo/desktop/build/final/stage/lib/libavdevice.63.1.101.dylib
    install_name_tool -change "/opt/homebrew/Cellar/xz/5.8.3/lib/liblzma.5.dylib" "@executable_path/../lib/liblzma.5.dylib" "/Users/jaydenmanno/AI/MoneyPrinterTurbo/desktop/build/final/stage/lib/libavdevice.63.1.101.dylib"
/Applications/Xcode.app/Contents/Developer/Toolchains/XcodeDefault.xctoolchain/usr/bin/install_name_tool: warning: changes being made to the file will invalidate the code signature in: /Users/jaydenmanno/AI/MoneyPrinterTurbo/desktop/build/final/stage/lib/libavdevice.63.1.101.dylib
    install_name_tool -change "/opt/homebrew/opt/xz/lib/liblzma.5.dylib" "@executable_path/../lib/liblzma.5.dylib" "/Users/jaydenmanno/AI/MoneyPrinterTurbo/desktop/build/final/stage/lib/libavdevice.63.1.101.dylib"
/Applications/Xcode.app/Contents/Developer/Toolchains/XcodeDefault.xctoolchain/usr/bin/install_name_tool: warning: changes being made to the file will invalidate the code signature in: /Users/jaydenmanno/AI/MoneyPrinterTurbo/desktop/build/final/stage/lib/libavdevice.63.1.101.dylib
    install_name_tool -change "/opt/homebrew/Cellar/dav1d/1.5.4/lib/libdav1d.7.dylib" "@executable_path/../lib/libdav1d.7.dylib" "/Users/jaydenmanno/AI/MoneyPrinterTurbo/desktop/build/final/stage/lib/libavdevice.63.1.101.dylib"
/Applications/Xcode.app/Contents/Developer/Toolchains/XcodeDefault.xctoolchain/usr/bin/install_name_tool: warning: changes being made to the file will invalidate the code signature in: /Users/jaydenmanno/AI/MoneyPrinterTurbo/desktop/build/final/stage/lib/libavdevice.63.1.101.dylib
    install_name_tool -change "/opt/homebrew/opt/dav1d/lib/libdav1d.7.dylib" "@executable_path/../lib/libdav1d.7.dylib" "/Users/jaydenmanno/AI/MoneyPrinterTurbo/desktop/build/final/stage/lib/libavdevice.63.1.101.dylib"
/Applications/Xcode.app/Contents/Developer/Toolchains/XcodeDefault.xctoolchain/usr/bin/install_name_tool: warning: changes being made to the file will invalidate the code signature in: /Users/jaydenmanno/AI/MoneyPrinterTurbo/desktop/build/final/stage/lib/libavdevice.63.1.101.dylib
    install_name_tool -change "/opt/homebrew/Cellar/lame/4.0/lib/libmp3lame.0.dylib" "@executable_path/../lib/libmp3lame.0.dylib" "/Users/jaydenmanno/AI/MoneyPrinterTurbo/desktop/build/final/stage/lib/libavdevice.63.1.101.dylib"
/Applications/Xcode.app/Contents/Developer/Toolchains/XcodeDefault.xctoolchain/usr/bin/install_name_tool: warning: changes being made to the file will invalidate the code signature in: /Users/jaydenmanno/AI/MoneyPrinterTurbo/desktop/build/final/stage/lib/libavdevice.63.1.101.dylib
    install_name_tool -change "/opt/homebrew/opt/lame/lib/libmp3lame.0.dylib" "@executable_path/../lib/libmp3lame.0.dylib" "/Users/jaydenmanno/AI/MoneyPrinterTurbo/desktop/build/final/stage/lib/libavdevice.63.1.101.dylib"
/Applications/Xcode.app/Contents/Developer/Toolchains/XcodeDefault.xctoolchain/usr/bin/install_name_tool: warning: changes being made to the file will invalidate the code signature in: /Users/jaydenmanno/AI/MoneyPrinterTurbo/desktop/build/final/stage/lib/libavdevice.63.1.101.dylib
    install_name_tool -change "/opt/homebrew/Cellar/opus/1.6.1/lib/libopus.0.dylib" "@executable_path/../lib/libopus.0.dylib" "/Users/jaydenmanno/AI/MoneyPrinterTurbo/desktop/build/final/stage/lib/libavdevice.63.1.101.dylib"
/Applications/Xcode.app/Contents/Developer/Toolchains/XcodeDefault.xctoolchain/usr/bin/install_name_tool: warning: changes being made to the file will invalidate the code signature in: /Users/jaydenmanno/AI/MoneyPrinterTurbo/desktop/build/final/stage/lib/libavdevice.63.1.101.dylib
    install_name_tool -change "/opt/homebrew/opt/opus/lib/libopus.0.dylib" "@executable_path/../lib/libopus.0.dylib" "/Users/jaydenmanno/AI/MoneyPrinterTurbo/desktop/build/final/stage/lib/libavdevice.63.1.101.dylib"
/Applications/Xcode.app/Contents/Developer/Toolchains/XcodeDefault.xctoolchain/usr/bin/install_name_tool: warning: changes being made to the file will invalidate the code signature in: /Users/jaydenmanno/AI/MoneyPrinterTurbo/desktop/build/final/stage/lib/libavdevice.63.1.101.dylib
    install_name_tool -change "/opt/homebrew/Cellar/svt-av1/4.2.0/lib/libSvtAv1Enc.4.2.0.dylib" "@executable_path/../lib/libSvtAv1Enc.4.2.0.dylib" "/Users/jaydenmanno/AI/MoneyPrinterTurbo/desktop/build/final/stage/lib/libavdevice.63.1.101.dylib"
/Applications/Xcode.app/Contents/Developer/Toolchains/XcodeDefault.xctoolchain/usr/bin/install_name_tool: warning: changes being made to the file will invalidate the code signature in: /Users/jaydenmanno/AI/MoneyPrinterTurbo/desktop/build/final/stage/lib/libavdevice.63.1.101.dylib
    install_name_tool -change "/opt/homebrew/opt/svt-av1/lib/libSvtAv1Enc.4.dylib" "@executable_path/../lib/libSvtAv1Enc.4.2.0.dylib" "/Users/jaydenmanno/AI/MoneyPrinterTurbo/desktop/build/final/stage/lib/libavdevice.63.1.101.dylib"
/Applications/Xcode.app/Contents/Developer/Toolchains/XcodeDefault.xctoolchain/usr/bin/install_name_tool: warning: changes being made to the file will invalidate the code signature in: /Users/jaydenmanno/AI/MoneyPrinterTurbo/desktop/build/final/stage/lib/libavdevice.63.1.101.dylib
    install_name_tool -change "/opt/homebrew/Cellar/x264/r3222/lib/libx264.165.dylib" "@executable_path/../lib/libx264.165.dylib" "/Users/jaydenmanno/AI/MoneyPrinterTurbo/desktop/build/final/stage/lib/libavdevice.63.1.101.dylib"
/Applications/Xcode.app/Contents/Developer/Toolchains/XcodeDefault.xctoolchain/usr/bin/install_name_tool: warning: changes being made to the file will invalidate the code signature in: /Users/jaydenmanno/AI/MoneyPrinterTurbo/desktop/build/final/stage/lib/libavdevice.63.1.101.dylib
    install_name_tool -change "/opt/homebrew/opt/x264/lib/libx264.165.dylib" "@executable_path/../lib/libx264.165.dylib" "/Users/jaydenmanno/AI/MoneyPrinterTurbo/desktop/build/final/stage/lib/libavdevice.63.1.101.dylib"
/Applications/Xcode.app/Contents/Developer/Toolchains/XcodeDefault.xctoolchain/usr/bin/install_name_tool: warning: changes being made to the file will invalidate the code signature in: /Users/jaydenmanno/AI/MoneyPrinterTurbo/desktop/build/final/stage/lib/libavdevice.63.1.101.dylib
    install_name_tool -change "/opt/homebrew/Cellar/x265/4.2/lib/libx265.216.dylib" "@executable_path/../lib/libx265.216.dylib" "/Users/jaydenmanno/AI/MoneyPrinterTurbo/desktop/build/final/stage/lib/libavdevice.63.1.101.dylib"
/Applications/Xcode.app/Contents/Developer/Toolchains/XcodeDefault.xctoolchain/usr/bin/install_name_tool: warning: changes being made to the file will invalidate the code signature in: /Users/jaydenmanno/AI/MoneyPrinterTurbo/desktop/build/final/stage/lib/libavdevice.63.1.101.dylib
    install_name_tool -change "/opt/homebrew/opt/x265/lib/libx265.216.dylib" "@executable_path/../lib/libx265.216.dylib" "/Users/jaydenmanno/AI/MoneyPrinterTurbo/desktop/build/final/stage/lib/libavdevice.63.1.101.dylib"
/Applications/Xcode.app/Contents/Developer/Toolchains/XcodeDefault.xctoolchain/usr/bin/install_name_tool: warning: changes being made to the file will invalidate the code signature in: /Users/jaydenmanno/AI/MoneyPrinterTurbo/desktop/build/final/stage/lib/libavdevice.63.1.101.dylib
    codesign --force --deep --preserve-metadata=entitlements,requirements,flags,runtime --sign - "/Users/jaydenmanno/AI/MoneyPrinterTurbo/desktop/build/final/stage/lib/libavdevice.63.1.101.dylib"
/Users/jaydenmanno/AI/MoneyPrinterTurbo/desktop/build/final/stage/lib/libavdevice.63.1.101.dylib: replacing existing signature

* Processing /Users/jaydenmanno/AI/MoneyPrinterTurbo/desktop/build/final/stage/bin/ffmpeg
    chmod +w "/Users/jaydenmanno/AI/MoneyPrinterTurbo/desktop/build/final/stage/bin/ffmpeg"
  * Fixing dependencies on /Users/jaydenmanno/AI/MoneyPrinterTurbo/desktop/build/final/stage/bin/ffmpeg
    install_name_tool -change "/opt/homebrew/Cellar/ffmpeg/9.0.1/lib/libavdevice.63.1.101.dylib" "@executable_path/../lib/libavdevice.63.1.101.dylib" "/Users/jaydenmanno/AI/MoneyPrinterTurbo/desktop/build/final/stage/bin/ffmpeg"
/Applications/Xcode.app/Contents/Developer/Toolchains/XcodeDefault.xctoolchain/usr/bin/install_name_tool: warning: changes being made to the file will invalidate the code signature in: /Users/jaydenmanno/AI/MoneyPrinterTurbo/desktop/build/final/stage/bin/ffmpeg
    install_name_tool -change "/opt/homebrew/Cellar/ffmpeg/9.0.1/lib/libavdevice.63.dylib" "@executable_path/../lib/libavdevice.63.1.101.dylib" "/Users/jaydenmanno/AI/MoneyPrinterTurbo/desktop/build/final/stage/bin/ffmpeg"
/Applications/Xcode.app/Contents/Developer/Toolchains/XcodeDefault.xctoolchain/usr/bin/install_name_tool: warning: changes being made to the file will invalidate the code signature in: /Users/jaydenmanno/AI/MoneyPrinterTurbo/desktop/build/final/stage/bin/ffmpeg
    install_name_tool -change "/opt/homebrew/Cellar/ffmpeg/9.0.1/lib/libavfilter.12.1.101.dylib" "@executable_path/../lib/libavfilter.12.1.101.dylib" "/Users/jaydenmanno/AI/MoneyPrinterTurbo/desktop/build/final/stage/bin/ffmpeg"
/Applications/Xcode.app/Contents/Developer/Toolchains/XcodeDefault.xctoolchain/usr/bin/install_name_tool: warning: changes being made to the file will invalidate the code signature in: /Users/jaydenmanno/AI/MoneyPrinterTurbo/desktop/build/final/stage/bin/ffmpeg
    install_name_tool -change "/opt/homebrew/Cellar/ffmpeg/9.0.1/lib/libavfilter.12.dylib" "@executable_path/../lib/libavfilter.12.1.101.dylib" "/Users/jaydenmanno/AI/MoneyPrinterTurbo/desktop/build/final/stage/bin/ffmpeg"
/Applications/Xcode.app/Contents/Developer/Toolchains/XcodeDefault.xctoolchain/usr/bin/install_name_tool: warning: changes being made to the file will invalidate the code signature in: /Users/jaydenmanno/AI/MoneyPrinterTurbo/desktop/build/final/stage/bin/ffmpeg
    install_name_tool -change "/opt/homebrew/Cellar/ffmpeg/9.0.1/lib/libavformat.63.1.101.dylib" "@executable_path/../lib/libavformat.63.1.101.dylib" "/Users/jaydenmanno/AI/MoneyPrinterTurbo/desktop/build/final/stage/bin/ffmpeg"
/Applications/Xcode.app/Contents/Developer/Toolchains/XcodeDefault.xctoolchain/usr/bin/install_name_tool: warning: changes being made to the file will invalidate the code signature in: /Users/jaydenmanno/AI/MoneyPrinterTurbo/desktop/build/final/stage/bin/ffmpeg
    install_name_tool -change "/opt/homebrew/Cellar/ffmpeg/9.0.1/lib/libavformat.63.dylib" "@executable_path/../lib/libavformat.63.1.101.dylib" "/Users/jaydenmanno/AI/MoneyPrinterTurbo/desktop/build/final/stage/bin/ffmpeg"
/Applications/Xcode.app/Contents/Developer/Toolchains/XcodeDefault.xctoolchain/usr/bin/install_name_tool: warning: changes being made to the file will invalidate the code signature in: /Users/jaydenmanno/AI/MoneyPrinterTurbo/desktop/build/final/stage/bin/ffmpeg
    install_name_tool -change "/opt/homebrew/Cellar/ffmpeg/9.0.1/lib/libavcodec.63.1.101.dylib" "@executable_path/../lib/libavcodec.63.1.101.dylib" "/Users/jaydenmanno/AI/MoneyPrinterTurbo/desktop/build/final/stage/bin/ffmpeg"
/Applications/Xcode.app/Contents/Developer/Toolchains/XcodeDefault.xctoolchain/usr/bin/install_name_tool: warning: changes being made to the file will invalidate the code signature in: /Users/jaydenmanno/AI/MoneyPrinterTurbo/desktop/build/final/stage/bin/ffmpeg
    install_name_tool -change "/opt/homebrew/Cellar/ffmpeg/9.0.1/lib/libavcodec.63.dylib" "@executable_path/../lib/libavcodec.63.1.101.dylib" "/Users/jaydenmanno/AI/MoneyPrinterTurbo/desktop/build/final/stage/bin/ffmpeg"
/Applications/Xcode.app/Contents/Developer/Toolchains/XcodeDefault.xctoolchain/usr/bin/install_name_tool: warning: changes being made to the file will invalidate the code signature in: /Users/jaydenmanno/AI/MoneyPrinterTurbo/desktop/build/final/stage/bin/ffmpeg
    install_name_tool -change "/opt/homebrew/Cellar/ffmpeg/9.0.1/lib/libswresample.7.1.101.dylib" "@executable_path/../lib/libswresample.7.1.101.dylib" "/Users/jaydenmanno/AI/MoneyPrinterTurbo/desktop/build/final/stage/bin/ffmpeg"
/Applications/Xcode.app/Contents/Developer/Toolchains/XcodeDefault.xctoolchain/usr/bin/install_name_tool: warning: changes being made to the file will invalidate the code signature in: /Users/jaydenmanno/AI/MoneyPrinterTurbo/desktop/build/final/stage/bin/ffmpeg
    install_name_tool -change "/opt/homebrew/Cellar/ffmpeg/9.0.1/lib/libswresample.7.dylib" "@executable_path/../lib/libswresample.7.1.101.dylib" "/Users/jaydenmanno/AI/MoneyPrinterTurbo/desktop/build/final/stage/bin/ffmpeg"
/Applications/Xcode.app/Contents/Developer/Toolchains/XcodeDefault.xctoolchain/usr/bin/install_name_tool: warning: changes being made to the file will invalidate the code signature in: /Users/jaydenmanno/AI/MoneyPrinterTurbo/desktop/build/final/stage/bin/ffmpeg
    install_name_tool -change "/opt/homebrew/Cellar/ffmpeg/9.0.1/lib/libswscale.10.1.101.dylib" "@executable_path/../lib/libswscale.10.1.101.dylib" "/Users/jaydenmanno/AI/MoneyPrinterTurbo/desktop/build/final/stage/bin/ffmpeg"
/Applications/Xcode.app/Contents/Developer/Toolchains/XcodeDefault.xctoolchain/usr/bin/install_name_tool: warning: changes being made to the file will invalidate the code signature in: /Users/jaydenmanno/AI/MoneyPrinterTurbo/desktop/build/final/stage/bin/ffmpeg
    install_name_tool -change "/opt/homebrew/Cellar/ffmpeg/9.0.1/lib/libswscale.10.dylib" "@executable_path/../lib/libswscale.10.1.101.dylib" "/Users/jaydenmanno/AI/MoneyPrinterTurbo/desktop/build/final/stage/bin/ffmpeg"
/Applications/Xcode.app/Contents/Developer/Toolchains/XcodeDefault.xctoolchain/usr/bin/install_name_tool: warning: changes being made to the file will invalidate the code signature in: /Users/jaydenmanno/AI/MoneyPrinterTurbo/desktop/build/final/stage/bin/ffmpeg
    install_name_tool -change "/opt/homebrew/Cellar/ffmpeg/9.0.1/lib/libavutil.61.1.101.dylib" "@executable_path/../lib/libavutil.61.1.101.dylib" "/Users/jaydenmanno/AI/MoneyPrinterTurbo/desktop/build/final/stage/bin/ffmpeg"
/Applications/Xcode.app/Contents/Developer/Toolchains/XcodeDefault.xctoolchain/usr/bin/install_name_tool: warning: changes being made to the file will invalidate the code signature in: /Users/jaydenmanno/AI/MoneyPrinterTurbo/desktop/build/final/stage/bin/ffmpeg
    install_name_tool -change "/opt/homebrew/Cellar/ffmpeg/9.0.1/lib/libavutil.61.dylib" "@executable_path/../lib/libavutil.61.1.101.dylib" "/Users/jaydenmanno/AI/MoneyPrinterTurbo/desktop/build/final/stage/bin/ffmpeg"
/Applications/Xcode.app/Contents/Developer/Toolchains/XcodeDefault.xctoolchain/usr/bin/install_name_tool: warning: changes being made to the file will invalidate the code signature in: /Users/jaydenmanno/AI/MoneyPrinterTurbo/desktop/build/final/stage/bin/ffmpeg
    install_name_tool -change "/opt/homebrew/Cellar/libvmaf/3.2.0/lib/libvmaf.3.dylib" "@executable_path/../lib/libvmaf.3.dylib" "/Users/jaydenmanno/AI/MoneyPrinterTurbo/desktop/build/final/stage/bin/ffmpeg"
/Applications/Xcode.app/Contents/Developer/Toolchains/XcodeDefault.xctoolchain/usr/bin/install_name_tool: warning: changes being made to the file will invalidate the code signature in: /Users/jaydenmanno/AI/MoneyPrinterTurbo/desktop/build/final/stage/bin/ffmpeg
    install_name_tool -change "/opt/homebrew/opt/libvmaf/lib/libvmaf.3.dylib" "@executable_path/../lib/libvmaf.3.dylib" "/Users/jaydenmanno/AI/MoneyPrinterTurbo/desktop/build/final/stage/bin/ffmpeg"
/Applications/Xcode.app/Contents/Developer/Toolchains/XcodeDefault.xctoolchain/usr/bin/install_name_tool: warning: changes being made to the file will invalidate the code signature in: /Users/jaydenmanno/AI/MoneyPrinterTurbo/desktop/build/final/stage/bin/ffmpeg
    install_name_tool -change "/opt/homebrew/Cellar/openssl@3/3.6.3/lib/libssl.3.dylib" "@executable_path/../lib/libssl.3.dylib" "/Users/jaydenmanno/AI/MoneyPrinterTurbo/desktop/build/final/stage/bin/ffmpeg"
/Applications/Xcode.app/Contents/Developer/Toolchains/XcodeDefault.xctoolchain/usr/bin/install_name_tool: warning: changes being made to the file will invalidate the code signature in: /Users/jaydenmanno/AI/MoneyPrinterTurbo/desktop/build/final/stage/bin/ffmpeg
    install_name_tool -change "/opt/homebrew/opt/openssl@3/lib/libssl.3.dylib" "@executable_path/../lib/libssl.3.dylib" "/Users/jaydenmanno/AI/MoneyPrinterTurbo/desktop/build/final/stage/bin/ffmpeg"
/Applications/Xcode.app/Contents/Developer/Toolchains/XcodeDefault.xctoolchain/usr/bin/install_name_tool: warning: changes being made to the file will invalidate the code signature in: /Users/jaydenmanno/AI/MoneyPrinterTurbo/desktop/build/final/stage/bin/ffmpeg
    install_name_tool -change "/opt/homebrew/Cellar/openssl@3/3.6.3/lib/libcrypto.3.dylib" "@executable_path/../lib/libcrypto.3.dylib" "/Users/jaydenmanno/AI/MoneyPrinterTurbo/desktop/build/final/stage/bin/ffmpeg"
/Applications/Xcode.app/Contents/Developer/Toolchains/XcodeDefault.xctoolchain/usr/bin/install_name_tool: warning: changes being made to the file will invalidate the code signature in: /Users/jaydenmanno/AI/MoneyPrinterTurbo/desktop/build/final/stage/bin/ffmpeg
    install_name_tool -change "/opt/homebrew/opt/openssl@3/lib/libcrypto.3.dylib" "@executable_path/../lib/libcrypto.3.dylib" "/Users/jaydenmanno/AI/MoneyPrinterTurbo/desktop/build/final/stage/bin/ffmpeg"
/Applications/Xcode.app/Contents/Developer/Toolchains/XcodeDefault.xctoolchain/usr/bin/install_name_tool: warning: changes being made to the file will invalidate the code signature in: /Users/jaydenmanno/AI/MoneyPrinterTurbo/desktop/build/final/stage/bin/ffmpeg
    install_name_tool -change "/opt/homebrew/Cellar/libvpx/1.16.0/lib/libvpx.12.dylib" "@executable_path/../lib/libvpx.12.dylib" "/Users/jaydenmanno/AI/MoneyPrinterTurbo/desktop/build/final/stage/bin/ffmpeg"
/Applications/Xcode.app/Contents/Developer/Toolchains/XcodeDefault.xctoolchain/usr/bin/install_name_tool: warning: changes being made to the file will invalidate the code signature in: /Users/jaydenmanno/AI/MoneyPrinterTurbo/desktop/build/final/stage/bin/ffmpeg
    install_name_tool -change "/opt/homebrew/opt/libvpx/lib/libvpx.12.dylib" "@executable_path/../lib/libvpx.12.dylib" "/Users/jaydenmanno/AI/MoneyPrinterTurbo/desktop/build/final/stage/bin/ffmpeg"
/Applications/Xcode.app/Contents/Developer/Toolchains/XcodeDefault.xctoolchain/usr/bin/install_name_tool: warning: changes being made to the file will invalidate the code signature in: /Users/jaydenmanno/AI/MoneyPrinterTurbo/desktop/build/final/stage/bin/ffmpeg
    install_name_tool -change "/opt/homebrew/Cellar/xz/5.8.3/lib/liblzma.5.dylib" "@executable_path/../lib/liblzma.5.dylib" "/Users/jaydenmanno/AI/MoneyPrinterTurbo/desktop/build/final/stage/bin/ffmpeg"
/Applications/Xcode.app/Contents/Developer/Toolchains/XcodeDefault.xctoolchain/usr/bin/install_name_tool: warning: changes being made to the file will invalidate the code signature in: /Users/jaydenmanno/AI/MoneyPrinterTurbo/desktop/build/final/stage/bin/ffmpeg
    install_name_tool -change "/opt/homebrew/opt/xz/lib/liblzma.5.dylib" "@executable_path/../lib/liblzma.5.dylib" "/Users/jaydenmanno/AI/MoneyPrinterTurbo/desktop/build/final/stage/bin/ffmpeg"
/Applications/Xcode.app/Contents/Developer/Toolchains/XcodeDefault.xctoolchain/usr/bin/install_name_tool: warning: changes being made to the file will invalidate the code signature in: /Users/jaydenmanno/AI/MoneyPrinterTurbo/desktop/build/final/stage/bin/ffmpeg
    install_name_tool -change "/opt/homebrew/Cellar/dav1d/1.5.4/lib/libdav1d.7.dylib" "@executable_path/../lib/libdav1d.7.dylib" "/Users/jaydenmanno/AI/MoneyPrinterTurbo/desktop/build/final/stage/bin/ffmpeg"
/Applications/Xcode.app/Contents/Developer/Toolchains/XcodeDefault.xctoolchain/usr/bin/install_name_tool: warning: changes being made to the file will invalidate the code signature in: /Users/jaydenmanno/AI/MoneyPrinterTurbo/desktop/build/final/stage/bin/ffmpeg
    install_name_tool -change "/opt/homebrew/opt/dav1d/lib/libdav1d.7.dylib" "@executable_path/../lib/libdav1d.7.dylib" "/Users/jaydenmanno/AI/MoneyPrinterTurbo/desktop/build/final/stage/bin/ffmpeg"
/Applications/Xcode.app/Contents/Developer/Toolchains/XcodeDefault.xctoolchain/usr/bin/install_name_tool: warning: changes being made to the file will invalidate the code signature in: /Users/jaydenmanno/AI/MoneyPrinterTurbo/desktop/build/final/stage/bin/ffmpeg
    install_name_tool -change "/opt/homebrew/Cellar/lame/4.0/lib/libmp3lame.0.dylib" "@executable_path/../lib/libmp3lame.0.dylib" "/Users/jaydenmanno/AI/MoneyPrinterTurbo/desktop/build/final/stage/bin/ffmpeg"
/Applications/Xcode.app/Contents/Developer/Toolchains/XcodeDefault.xctoolchain/usr/bin/install_name_tool: warning: changes being made to the file will invalidate the code signature in: /Users/jaydenmanno/AI/MoneyPrinterTurbo/desktop/build/final/stage/bin/ffmpeg
    install_name_tool -change "/opt/homebrew/opt/lame/lib/libmp3lame.0.dylib" "@executable_path/../lib/libmp3lame.0.dylib" "/Users/jaydenmanno/AI/MoneyPrinterTurbo/desktop/build/final/stage/bin/ffmpeg"
/Applications/Xcode.app/Contents/Developer/Toolchains/XcodeDefault.xctoolchain/usr/bin/install_name_tool: warning: changes being made to the file will invalidate the code signature in: /Users/jaydenmanno/AI/MoneyPrinterTurbo/desktop/build/final/stage/bin/ffmpeg
    install_name_tool -change "/opt/homebrew/Cellar/opus/1.6.1/lib/libopus.0.dylib" "@executable_path/../lib/libopus.0.dylib" "/Users/jaydenmanno/AI/MoneyPrinterTurbo/desktop/build/final/stage/bin/ffmpeg"
/Applications/Xcode.app/Contents/Developer/Toolchains/XcodeDefault.xctoolchain/usr/bin/install_name_tool: warning: changes being made to the file will invalidate the code signature in: /Users/jaydenmanno/AI/MoneyPrinterTurbo/desktop/build/final/stage/bin/ffmpeg
    install_name_tool -change "/opt/homebrew/opt/opus/lib/libopus.0.dylib" "@executable_path/../lib/libopus.0.dylib" "/Users/jaydenmanno/AI/MoneyPrinterTurbo/desktop/build/final/stage/bin/ffmpeg"
/Applications/Xcode.app/Contents/Developer/Toolchains/XcodeDefault.xctoolchain/usr/bin/install_name_tool: warning: changes being made to the file will invalidate the code signature in: /Users/jaydenmanno/AI/MoneyPrinterTurbo/desktop/build/final/stage/bin/ffmpeg
    install_name_tool -change "/opt/homebrew/Cellar/svt-av1/4.2.0/lib/libSvtAv1Enc.4.2.0.dylib" "@executable_path/../lib/libSvtAv1Enc.4.2.0.dylib" "/Users/jaydenmanno/AI/MoneyPrinterTurbo/desktop/build/final/stage/bin/ffmpeg"
/Applications/Xcode.app/Contents/Developer/Toolchains/XcodeDefault.xctoolchain/usr/bin/install_name_tool: warning: changes being made to the file will invalidate the code signature in: /Users/jaydenmanno/AI/MoneyPrinterTurbo/desktop/build/final/stage/bin/ffmpeg
    install_name_tool -change "/opt/homebrew/opt/svt-av1/lib/libSvtAv1Enc.4.dylib" "@executable_path/../lib/libSvtAv1Enc.4.2.0.dylib" "/Users/jaydenmanno/AI/MoneyPrinterTurbo/desktop/build/final/stage/bin/ffmpeg"
/Applications/Xcode.app/Contents/Developer/Toolchains/XcodeDefault.xctoolchain/usr/bin/install_name_tool: warning: changes being made to the file will invalidate the code signature in: /Users/jaydenmanno/AI/MoneyPrinterTurbo/desktop/build/final/stage/bin/ffmpeg
    install_name_tool -change "/opt/homebrew/Cellar/x264/r3222/lib/libx264.165.dylib" "@executable_path/../lib/libx264.165.dylib" "/Users/jaydenmanno/AI/MoneyPrinterTurbo/desktop/build/final/stage/bin/ffmpeg"
/Applications/Xcode.app/Contents/Developer/Toolchains/XcodeDefault.xctoolchain/usr/bin/install_name_tool: warning: changes being made to the file will invalidate the code signature in: /Users/jaydenmanno/AI/MoneyPrinterTurbo/desktop/build/final/stage/bin/ffmpeg
    install_name_tool -change "/opt/homebrew/opt/x264/lib/libx264.165.dylib" "@executable_path/../lib/libx264.165.dylib" "/Users/jaydenmanno/AI/MoneyPrinterTurbo/desktop/build/final/stage/bin/ffmpeg"
/Applications/Xcode.app/Contents/Developer/Toolchains/XcodeDefault.xctoolchain/usr/bin/install_name_tool: warning: changes being made to the file will invalidate the code signature in: /Users/jaydenmanno/AI/MoneyPrinterTurbo/desktop/build/final/stage/bin/ffmpeg
    install_name_tool -change "/opt/homebrew/Cellar/x265/4.2/lib/libx265.216.dylib" "@executable_path/../lib/libx265.216.dylib" "/Users/jaydenmanno/AI/MoneyPrinterTurbo/desktop/build/final/stage/bin/ffmpeg"
/Applications/Xcode.app/Contents/Developer/Toolchains/XcodeDefault.xctoolchain/usr/bin/install_name_tool: warning: changes being made to the file will invalidate the code signature in: /Users/jaydenmanno/AI/MoneyPrinterTurbo/desktop/build/final/stage/bin/ffmpeg
    install_name_tool -change "/opt/homebrew/opt/x265/lib/libx265.216.dylib" "@executable_path/../lib/libx265.216.dylib" "/Users/jaydenmanno/AI/MoneyPrinterTurbo/desktop/build/final/stage/bin/ffmpeg"
/Applications/Xcode.app/Contents/Developer/Toolchains/XcodeDefault.xctoolchain/usr/bin/install_name_tool: warning: changes being made to the file will invalidate the code signature in: /Users/jaydenmanno/AI/MoneyPrinterTurbo/desktop/build/final/stage/bin/ffmpeg
    codesign --force --deep --preserve-metadata=entitlements,requirements,flags,runtime --sign - "/Users/jaydenmanno/AI/MoneyPrinterTurbo/desktop/build/final/stage/bin/ffmpeg"
/Users/jaydenmanno/AI/MoneyPrinterTurbo/desktop/build/final/stage/bin/ffmpeg: replacing existing signature
* Collecting dependencies............................................................................................................................................................................................................................................................

 * libavdevice.63.1.101.dylib from /opt/homebrew/Cellar/ffmpeg/9.0.1/lib/
     symlink --> /opt/homebrew/Cellar/ffmpeg/9.0.1/lib/libavdevice.63.dylib

 * libavfilter.12.1.101.dylib from /opt/homebrew/Cellar/ffmpeg/9.0.1/lib/
     symlink --> /opt/homebrew/Cellar/ffmpeg/9.0.1/lib/libavfilter.12.dylib

 * libavformat.63.1.101.dylib from /opt/homebrew/Cellar/ffmpeg/9.0.1/lib/
     symlink --> /opt/homebrew/Cellar/ffmpeg/9.0.1/lib/libavformat.63.dylib

 * libavcodec.63.1.101.dylib from /opt/homebrew/Cellar/ffmpeg/9.0.1/lib/
     symlink --> /opt/homebrew/Cellar/ffmpeg/9.0.1/lib/libavcodec.63.dylib

 * libswresample.7.1.101.dylib from /opt/homebrew/Cellar/ffmpeg/9.0.1/lib/
     symlink --> /opt/homebrew/Cellar/ffmpeg/9.0.1/lib/libswresample.7.dylib

 * libswscale.10.1.101.dylib from /opt/homebrew/Cellar/ffmpeg/9.0.1/lib/
     symlink --> /opt/homebrew/Cellar/ffmpeg/9.0.1/lib/libswscale.10.dylib

 * libavutil.61.1.101.dylib from /opt/homebrew/Cellar/ffmpeg/9.0.1/lib/
     symlink --> /opt/homebrew/Cellar/ffmpeg/9.0.1/lib/libavutil.61.dylib

 * libvmaf.3.dylib from /opt/homebrew/Cellar/libvmaf/3.2.0/lib/
     symlink --> /opt/homebrew/opt/libvmaf/lib/libvmaf.3.dylib

 * libssl.3.dylib from /opt/homebrew/Cellar/openssl@3/3.6.3/lib/
     symlink --> /opt/homebrew/opt/openssl@3/lib/libssl.3.dylib

 * libcrypto.3.dylib from /opt/homebrew/Cellar/openssl@3/3.6.3/lib/
     symlink --> /opt/homebrew/opt/openssl@3/lib/libcrypto.3.dylib

 * libvpx.12.dylib from /opt/homebrew/Cellar/libvpx/1.16.0/lib/
     symlink --> /opt/homebrew/opt/libvpx/lib/libvpx.12.dylib

 * liblzma.5.dylib from /opt/homebrew/Cellar/xz/5.8.3/lib/
     symlink --> /opt/homebrew/opt/xz/lib/liblzma.5.dylib

 * libdav1d.7.dylib from /opt/homebrew/Cellar/dav1d/1.5.4/lib/
     symlink --> /opt/homebrew/opt/dav1d/lib/libdav1d.7.dylib

 * libmp3lame.0.dylib from /opt/homebrew/Cellar/lame/4.0/lib/
     symlink --> /opt/homebrew/opt/lame/lib/libmp3lame.0.dylib

 * libopus.0.dylib from /opt/homebrew/Cellar/opus/1.6.1/lib/
     symlink --> /opt/homebrew/opt/opus/lib/libopus.0.dylib

 * libSvtAv1Enc.4.2.0.dylib from /opt/homebrew/Cellar/svt-av1/4.2.0/lib/
     symlink --> /opt/homebrew/opt/svt-av1/lib/libSvtAv1Enc.4.dylib

 * libx264.165.dylib from /opt/homebrew/Cellar/x264/r3222/lib/
     symlink --> /opt/homebrew/opt/x264/lib/libx264.165.dylib

 * libx265.216.dylib from /opt/homebrew/Cellar/x265/4.2/lib/
     symlink --> /opt/homebrew/opt/x265/lib/libx265.216.dylib

 * libmpg123.0.dylib from /opt/homebrew/Cellar/mpg123/1.33.7/lib/
     symlink --> /opt/homebrew/opt/mpg123/lib/libmpg123.0.dylib

* Checking output directory /Users/jaydenmanno/AI/MoneyPrinterTurbo/desktop/build/final/stage/lib/

* Processing dependency /Users/jaydenmanno/AI/MoneyPrinterTurbo/desktop/build/final/stage/lib/libmpg123.0.dylib
    cp -f "/opt/homebrew/Cellar/mpg123/1.33.7/lib/libmpg123.0.dylib" "/Users/jaydenmanno/AI/MoneyPrinterTurbo/desktop/build/final/stage/lib/libmpg123.0.dylib"
    chmod +w "/Users/jaydenmanno/AI/MoneyPrinterTurbo/desktop/build/final/stage/lib/libmpg123.0.dylib"
    install_name_tool -id "@executable_path/../lib/libmpg123.0.dylib" "/Users/jaydenmanno/AI/MoneyPrinterTurbo/desktop/build/final/stage/lib/libmpg123.0.dylib"
/Applications/Xcode.app/Contents/Developer/Toolchains/XcodeDefault.xctoolchain/usr/bin/install_name_tool: warning: changes being made to the file will invalidate the code signature in: /Users/jaydenmanno/AI/MoneyPrinterTurbo/desktop/build/final/stage/lib/libmpg123.0.dylib
    ..
  * Fixing dependencies on /Users/jaydenmanno/AI/MoneyPrinterTurbo/desktop/build/final/stage/lib/libmpg123.0.dylib
    codesign --force --deep --preserve-metadata=entitlements,requirements,flags,runtime --sign - "/Users/jaydenmanno/AI/MoneyPrinterTurbo/desktop/build/final/stage/lib/libmpg123.0.dylib"
/Users/jaydenmanno/AI/MoneyPrinterTurbo/desktop/build/final/stage/lib/libmpg123.0.dylib: replacing existing signature

* Processing dependency /Users/jaydenmanno/AI/MoneyPrinterTurbo/desktop/build/final/stage/lib/libx265.216.dylib
    cp -f "/opt/homebrew/Cellar/x265/4.2/lib/libx265.216.dylib" "/Users/jaydenmanno/AI/MoneyPrinterTurbo/desktop/build/final/stage/lib/libx265.216.dylib"
    chmod +w "/Users/jaydenmanno/AI/MoneyPrinterTurbo/desktop/build/final/stage/lib/libx265.216.dylib"
    install_name_tool -id "@executable_path/../lib/libx265.216.dylib" "/Users/jaydenmanno/AI/MoneyPrinterTurbo/desktop/build/final/stage/lib/libx265.216.dylib"
/Applications/Xcode.app/Contents/Developer/Toolchains/XcodeDefault.xctoolchain/usr/bin/install_name_tool: warning: changes being made to the file will invalidate the code signature in: /Users/jaydenmanno/AI/MoneyPrinterTurbo/desktop/build/final/stage/lib/libx265.216.dylib
    ...
  * Fixing dependencies on /Users/jaydenmanno/AI/MoneyPrinterTurbo/desktop/build/final/stage/lib/libx265.216.dylib
    install_name_tool -rpath "@loader_path/../lib" "@executable_path/../lib/" "/Users/jaydenmanno/AI/MoneyPrinterTurbo/desktop/build/final/stage/lib/libx265.216.dylib"
/Applications/Xcode.app/Contents/Developer/Toolchains/XcodeDefault.xctoolchain/usr/bin/install_name_tool: warning: changes being made to the file will invalidate the code signature in: /Users/jaydenmanno/AI/MoneyPrinterTurbo/desktop/build/final/stage/lib/libx265.216.dylib
    codesign --force --deep --preserve-metadata=entitlements,requirements,flags,runtime --sign - "/Users/jaydenmanno/AI/MoneyPrinterTurbo/desktop/build/final/stage/lib/libx265.216.dylib"
/Users/jaydenmanno/AI/MoneyPrinterTurbo/desktop/build/final/stage/lib/libx265.216.dylib: replacing existing signature

* Processing dependency /Users/jaydenmanno/AI/MoneyPrinterTurbo/desktop/build/final/stage/lib/libx264.165.dylib
    cp -f "/opt/homebrew/Cellar/x264/r3222/lib/libx264.165.dylib" "/Users/jaydenmanno/AI/MoneyPrinterTurbo/desktop/build/final/stage/lib/libx264.165.dylib"
    chmod +w "/Users/jaydenmanno/AI/MoneyPrinterTurbo/desktop/build/final/stage/lib/libx264.165.dylib"
    install_name_tool -id "@executable_path/../lib/libx264.165.dylib" "/Users/jaydenmanno/AI/MoneyPrinterTurbo/desktop/build/final/stage/lib/libx264.165.dylib"
/Applications/Xcode.app/Contents/Developer/Toolchains/XcodeDefault.xctoolchain/usr/bin/install_name_tool: warning: changes being made to the file will invalidate the code signature in: /Users/jaydenmanno/AI/MoneyPrinterTurbo/desktop/build/final/stage/lib/libx264.165.dylib
    ..
  * Fixing dependencies on /Users/jaydenmanno/AI/MoneyPrinterTurbo/desktop/build/final/stage/lib/libx264.165.dylib
    codesign --force --deep --preserve-metadata=entitlements,requirements,flags,runtime --sign - "/Users/jaydenmanno/AI/MoneyPrinterTurbo/desktop/build/final/stage/lib/libx264.165.dylib"
/Users/jaydenmanno/AI/MoneyPrinterTurbo/desktop/build/final/stage/lib/libx264.165.dylib: replacing existing signature

* Processing dependency /Users/jaydenmanno/AI/MoneyPrinterTurbo/desktop/build/final/stage/lib/libSvtAv1Enc.4.2.0.dylib
    cp -f "/opt/homebrew/Cellar/svt-av1/4.2.0/lib/libSvtAv1Enc.4.2.0.dylib" "/Users/jaydenmanno/AI/MoneyPrinterTurbo/desktop/build/final/stage/lib/libSvtAv1Enc.4.2.0.dylib"
    chmod +w "/Users/jaydenmanno/AI/MoneyPrinterTurbo/desktop/build/final/stage/lib/libSvtAv1Enc.4.2.0.dylib"
    install_name_tool -id "@executable_path/../lib/libSvtAv1Enc.4.2.0.dylib" "/Users/jaydenmanno/AI/MoneyPrinterTurbo/desktop/build/final/stage/lib/libSvtAv1Enc.4.2.0.dylib"
/Applications/Xcode.app/Contents/Developer/Toolchains/XcodeDefault.xctoolchain/usr/bin/install_name_tool: warning: changes being made to the file will invalidate the code signature in: /Users/jaydenmanno/AI/MoneyPrinterTurbo/desktop/build/final/stage/lib/libSvtAv1Enc.4.2.0.dylib
    ..
  * Fixing dependencies on /Users/jaydenmanno/AI/MoneyPrinterTurbo/desktop/build/final/stage/lib/libSvtAv1Enc.4.2.0.dylib
    install_name_tool -rpath "@loader_path/../lib" "@executable_path/../lib/" "/Users/jaydenmanno/AI/MoneyPrinterTurbo/desktop/build/final/stage/lib/libSvtAv1Enc.4.2.0.dylib"
/Applications/Xcode.app/Contents/Developer/Toolchains/XcodeDefault.xctoolchain/usr/bin/install_name_tool: warning: changes being made to the file will invalidate the code signature in: /Users/jaydenmanno/AI/MoneyPrinterTurbo/desktop/build/final/stage/lib/libSvtAv1Enc.4.2.0.dylib
    codesign --force --deep --preserve-metadata=entitlements,requirements,flags,runtime --sign - "/Users/jaydenmanno/AI/MoneyPrinterTurbo/desktop/build/final/stage/lib/libSvtAv1Enc.4.2.0.dylib"
/Users/jaydenmanno/AI/MoneyPrinterTurbo/desktop/build/final/stage/lib/libSvtAv1Enc.4.2.0.dylib: replacing existing signature

* Processing dependency /Users/jaydenmanno/AI/MoneyPrinterTurbo/desktop/build/final/stage/lib/libopus.0.dylib
    cp -f "/opt/homebrew/Cellar/opus/1.6.1/lib/libopus.0.dylib" "/Users/jaydenmanno/AI/MoneyPrinterTurbo/desktop/build/final/stage/lib/libopus.0.dylib"
    chmod +w "/Users/jaydenmanno/AI/MoneyPrinterTurbo/desktop/build/final/stage/lib/libopus.0.dylib"
    install_name_tool -id "@executable_path/../lib/libopus.0.dylib" "/Users/jaydenmanno/AI/MoneyPrinterTurbo/desktop/build/final/stage/lib/libopus.0.dylib"
/Applications/Xcode.app/Contents/Developer/Toolchains/XcodeDefault.xctoolchain/usr/bin/install_name_tool: warning: changes being made to the file will invalidate the code signature in: /Users/jaydenmanno/AI/MoneyPrinterTurbo/desktop/build/final/stage/lib/libopus.0.dylib
    ..
  * Fixing dependencies on /Users/jaydenmanno/AI/MoneyPrinterTurbo/desktop/build/final/stage/lib/libopus.0.dylib
    codesign --force --deep --preserve-metadata=entitlements,requirements,flags,runtime --sign - "/Users/jaydenmanno/AI/MoneyPrinterTurbo/desktop/build/final/stage/lib/libopus.0.dylib"
/Users/jaydenmanno/AI/MoneyPrinterTurbo/desktop/build/final/stage/lib/libopus.0.dylib: replacing existing signature

* Processing dependency /Users/jaydenmanno/AI/MoneyPrinterTurbo/desktop/build/final/stage/lib/libmp3lame.0.dylib
    cp -f "/opt/homebrew/Cellar/lame/4.0/lib/libmp3lame.0.dylib" "/Users/jaydenmanno/AI/MoneyPrinterTurbo/desktop/build/final/stage/lib/libmp3lame.0.dylib"
    chmod +w "/Users/jaydenmanno/AI/MoneyPrinterTurbo/desktop/build/final/stage/lib/libmp3lame.0.dylib"
    install_name_tool -id "@executable_path/../lib/libmp3lame.0.dylib" "/Users/jaydenmanno/AI/MoneyPrinterTurbo/desktop/build/final/stage/lib/libmp3lame.0.dylib"
/Applications/Xcode.app/Contents/Developer/Toolchains/XcodeDefault.xctoolchain/usr/bin/install_name_tool: warning: changes being made to the file will invalidate the code signature in: /Users/jaydenmanno/AI/MoneyPrinterTurbo/desktop/build/final/stage/lib/libmp3lame.0.dylib
    ...
  * Fixing dependencies on /Users/jaydenmanno/AI/MoneyPrinterTurbo/desktop/build/final/stage/lib/libmp3lame.0.dylib
    install_name_tool -change "/opt/homebrew/Cellar/mpg123/1.33.7/lib/libmpg123.0.dylib" "@executable_path/../lib/libmpg123.0.dylib" "/Users/jaydenmanno/AI/MoneyPrinterTurbo/desktop/build/final/stage/lib/libmp3lame.0.dylib"
/Applications/Xcode.app/Contents/Developer/Toolchains/XcodeDefault.xctoolchain/usr/bin/install_name_tool: warning: changes being made to the file will invalidate the code signature in: /Users/jaydenmanno/AI/MoneyPrinterTurbo/desktop/build/final/stage/lib/libmp3lame.0.dylib
    install_name_tool -change "/opt/homebrew/opt/mpg123/lib/libmpg123.0.dylib" "@executable_path/../lib/libmpg123.0.dylib" "/Users/jaydenmanno/AI/MoneyPrinterTurbo/desktop/build/final/stage/lib/libmp3lame.0.dylib"
/Applications/Xcode.app/Contents/Developer/Toolchains/XcodeDefault.xctoolchain/usr/bin/install_name_tool: warning: changes being made to the file will invalidate the code signature in: /Users/jaydenmanno/AI/MoneyPrinterTurbo/desktop/build/final/stage/lib/libmp3lame.0.dylib
    codesign --force --deep --preserve-metadata=entitlements,requirements,flags,runtime --sign - "/Users/jaydenmanno/AI/MoneyPrinterTurbo/desktop/build/final/stage/lib/libmp3lame.0.dylib"
/Users/jaydenmanno/AI/MoneyPrinterTurbo/desktop/build/final/stage/lib/libmp3lame.0.dylib: replacing existing signature

* Processing dependency /Users/jaydenmanno/AI/MoneyPrinterTurbo/desktop/build/final/stage/lib/libdav1d.7.dylib
    cp -f "/opt/homebrew/Cellar/dav1d/1.5.4/lib/libdav1d.7.dylib" "/Users/jaydenmanno/AI/MoneyPrinterTurbo/desktop/build/final/stage/lib/libdav1d.7.dylib"
    chmod +w "/Users/jaydenmanno/AI/MoneyPrinterTurbo/desktop/build/final/stage/lib/libdav1d.7.dylib"
    install_name_tool -id "@executable_path/../lib/libdav1d.7.dylib" "/Users/jaydenmanno/AI/MoneyPrinterTurbo/desktop/build/final/stage/lib/libdav1d.7.dylib"
/Applications/Xcode.app/Contents/Developer/Toolchains/XcodeDefault.xctoolchain/usr/bin/install_name_tool: warning: changes being made to the file will invalidate the code signature in: /Users/jaydenmanno/AI/MoneyPrinterTurbo/desktop/build/final/stage/lib/libdav1d.7.dylib
    ..
  * Fixing dependencies on /Users/jaydenmanno/AI/MoneyPrinterTurbo/desktop/build/final/stage/lib/libdav1d.7.dylib
    codesign --force --deep --preserve-metadata=entitlements,requirements,flags,runtime --sign - "/Users/jaydenmanno/AI/MoneyPrinterTurbo/desktop/build/final/stage/lib/libdav1d.7.dylib"
/Users/jaydenmanno/AI/MoneyPrinterTurbo/desktop/build/final/stage/lib/libdav1d.7.dylib: replacing existing signature

* Processing dependency /Users/jaydenmanno/AI/MoneyPrinterTurbo/desktop/build/final/stage/lib/liblzma.5.dylib
    cp -f "/opt/homebrew/Cellar/xz/5.8.3/lib/liblzma.5.dylib" "/Users/jaydenmanno/AI/MoneyPrinterTurbo/desktop/build/final/stage/lib/liblzma.5.dylib"
    chmod +w "/Users/jaydenmanno/AI/MoneyPrinterTurbo/desktop/build/final/stage/lib/liblzma.5.dylib"
    install_name_tool -id "@executable_path/../lib/liblzma.5.dylib" "/Users/jaydenmanno/AI/MoneyPrinterTurbo/desktop/build/final/stage/lib/liblzma.5.dylib"
/Applications/Xcode.app/Contents/Developer/Toolchains/XcodeDefault.xctoolchain/usr/bin/install_name_tool: warning: changes being made to the file will invalidate the code signature in: /Users/jaydenmanno/AI/MoneyPrinterTurbo/desktop/build/final/stage/lib/liblzma.5.dylib
    ..
  * Fixing dependencies on /Users/jaydenmanno/AI/MoneyPrinterTurbo/desktop/build/final/stage/lib/liblzma.5.dylib
    codesign --force --deep --preserve-metadata=entitlements,requirements,flags,runtime --sign - "/Users/jaydenmanno/AI/MoneyPrinterTurbo/desktop/build/final/stage/lib/liblzma.5.dylib"
/Users/jaydenmanno/AI/MoneyPrinterTurbo/desktop/build/final/stage/lib/liblzma.5.dylib: replacing existing signature

* Processing dependency /Users/jaydenmanno/AI/MoneyPrinterTurbo/desktop/build/final/stage/lib/libvpx.12.dylib
    cp -f "/opt/homebrew/Cellar/libvpx/1.16.0/lib/libvpx.12.dylib" "/Users/jaydenmanno/AI/MoneyPrinterTurbo/desktop/build/final/stage/lib/libvpx.12.dylib"
    chmod +w "/Users/jaydenmanno/AI/MoneyPrinterTurbo/desktop/build/final/stage/lib/libvpx.12.dylib"
    install_name_tool -id "@executable_path/../lib/libvpx.12.dylib" "/Users/jaydenmanno/AI/MoneyPrinterTurbo/desktop/build/final/stage/lib/libvpx.12.dylib"
/Applications/Xcode.app/Contents/Developer/Toolchains/XcodeDefault.xctoolchain/usr/bin/install_name_tool: warning: changes being made to the file will invalidate the code signature in: /Users/jaydenmanno/AI/MoneyPrinterTurbo/desktop/build/final/stage/lib/libvpx.12.dylib
    ...
  * Fixing dependencies on /Users/jaydenmanno/AI/MoneyPrinterTurbo/desktop/build/final/stage/lib/libvpx.12.dylib
    codesign --force --deep --preserve-metadata=entitlements,requirements,flags,runtime --sign - "/Users/jaydenmanno/AI/MoneyPrinterTurbo/desktop/build/final/stage/lib/libvpx.12.dylib"
/Users/jaydenmanno/AI/MoneyPrinterTurbo/desktop/build/final/stage/lib/libvpx.12.dylib: replacing existing signature

* Processing dependency /Users/jaydenmanno/AI/MoneyPrinterTurbo/desktop/build/final/stage/lib/libcrypto.3.dylib
    cp -f "/opt/homebrew/Cellar/openssl@3/3.6.3/lib/libcrypto.3.dylib" "/Users/jaydenmanno/AI/MoneyPrinterTurbo/desktop/build/final/stage/lib/libcrypto.3.dylib"
    chmod +w "/Users/jaydenmanno/AI/MoneyPrinterTurbo/desktop/build/final/stage/lib/libcrypto.3.dylib"
    install_name_tool -id "@executable_path/../lib/libcrypto.3.dylib" "/Users/jaydenmanno/AI/MoneyPrinterTurbo/desktop/build/final/stage/lib/libcrypto.3.dylib"
/Applications/Xcode.app/Contents/Developer/Toolchains/XcodeDefault.xctoolchain/usr/bin/install_name_tool: warning: changes being made to the file will invalidate the code signature in: /Users/jaydenmanno/AI/MoneyPrinterTurbo/desktop/build/final/stage/lib/libcrypto.3.dylib
    ..
  * Fixing dependencies on /Users/jaydenmanno/AI/MoneyPrinterTurbo/desktop/build/final/stage/lib/libcrypto.3.dylib
    codesign --force --deep --preserve-metadata=entitlements,requirements,flags,runtime --sign - "/Users/jaydenmanno/AI/MoneyPrinterTurbo/desktop/build/final/stage/lib/libcrypto.3.dylib"
/Users/jaydenmanno/AI/MoneyPrinterTurbo/desktop/build/final/stage/lib/libcrypto.3.dylib: replacing existing signature

* Processing dependency /Users/jaydenmanno/AI/MoneyPrinterTurbo/desktop/build/final/stage/lib/libssl.3.dylib
    cp -f "/opt/homebrew/Cellar/openssl@3/3.6.3/lib/libssl.3.dylib" "/Users/jaydenmanno/AI/MoneyPrinterTurbo/desktop/build/final/stage/lib/libssl.3.dylib"
    chmod +w "/Users/jaydenmanno/AI/MoneyPrinterTurbo/desktop/build/final/stage/lib/libssl.3.dylib"
    install_name_tool -id "@executable_path/../lib/libssl.3.dylib" "/Users/jaydenmanno/AI/MoneyPrinterTurbo/desktop/build/final/stage/lib/libssl.3.dylib"
/Applications/Xcode.app/Contents/Developer/Toolchains/XcodeDefault.xctoolchain/usr/bin/install_name_tool: warning: changes being made to the file will invalidate the code signature in: /Users/jaydenmanno/AI/MoneyPrinterTurbo/desktop/build/final/stage/lib/libssl.3.dylib
    ...
  * Fixing dependencies on /Users/jaydenmanno/AI/MoneyPrinterTurbo/desktop/build/final/stage/lib/libssl.3.dylib
    install_name_tool -change "/opt/homebrew/Cellar/openssl@3/3.6.3/lib/libcrypto.3.dylib" "@executable_path/../lib/libcrypto.3.dylib" "/Users/jaydenmanno/AI/MoneyPrinterTurbo/desktop/build/final/stage/lib/libssl.3.dylib"
/Applications/Xcode.app/Contents/Developer/Toolchains/XcodeDefault.xctoolchain/usr/bin/install_name_tool: warning: changes being made to the file will invalidate the code signature in: /Users/jaydenmanno/AI/MoneyPrinterTurbo/desktop/build/final/stage/lib/libssl.3.dylib
    codesign --force --deep --preserve-metadata=entitlements,requirements,flags,runtime --sign - "/Users/jaydenmanno/AI/MoneyPrinterTurbo/desktop/build/final/stage/lib/libssl.3.dylib"
/Users/jaydenmanno/AI/MoneyPrinterTurbo/desktop/build/final/stage/lib/libssl.3.dylib: replacing existing signature

* Processing dependency /Users/jaydenmanno/AI/MoneyPrinterTurbo/desktop/build/final/stage/lib/libvmaf.3.dylib
    cp -f "/opt/homebrew/Cellar/libvmaf/3.2.0/lib/libvmaf.3.dylib" "/Users/jaydenmanno/AI/MoneyPrinterTurbo/desktop/build/final/stage/lib/libvmaf.3.dylib"
    chmod +w "/Users/jaydenmanno/AI/MoneyPrinterTurbo/desktop/build/final/stage/lib/libvmaf.3.dylib"
    install_name_tool -id "@executable_path/../lib/libvmaf.3.dylib" "/Users/jaydenmanno/AI/MoneyPrinterTurbo/desktop/build/final/stage/lib/libvmaf.3.dylib"
/Applications/Xcode.app/Contents/Developer/Toolchains/XcodeDefault.xctoolchain/usr/bin/install_name_tool: warning: changes being made to the file will invalidate the code signature in: /Users/jaydenmanno/AI/MoneyPrinterTurbo/desktop/build/final/stage/lib/libvmaf.3.dylib
    ...
  * Fixing dependencies on /Users/jaydenmanno/AI/MoneyPrinterTurbo/desktop/build/final/stage/lib/libvmaf.3.dylib
    codesign --force --deep --preserve-metadata=entitlements,requirements,flags,runtime --sign - "/Users/jaydenmanno/AI/MoneyPrinterTurbo/desktop/build/final/stage/lib/libvmaf.3.dylib"
/Users/jaydenmanno/AI/MoneyPrinterTurbo/desktop/build/final/stage/lib/libvmaf.3.dylib: replacing existing signature

* Processing dependency /Users/jaydenmanno/AI/MoneyPrinterTurbo/desktop/build/final/stage/lib/libavutil.61.1.101.dylib
    cp -f "/opt/homebrew/Cellar/ffmpeg/9.0.1/lib/libavutil.61.1.101.dylib" "/Users/jaydenmanno/AI/MoneyPrinterTurbo/desktop/build/final/stage/lib/libavutil.61.1.101.dylib"
    chmod +w "/Users/jaydenmanno/AI/MoneyPrinterTurbo/desktop/build/final/stage/lib/libavutil.61.1.101.dylib"
    install_name_tool -id "@executable_path/../lib/libavutil.61.1.101.dylib" "/Users/jaydenmanno/AI/MoneyPrinterTurbo/desktop/build/final/stage/lib/libavutil.61.1.101.dylib"
/Applications/Xcode.app/Contents/Developer/Toolchains/XcodeDefault.xctoolchain/usr/bin/install_name_tool: warning: changes being made to the file will invalidate the code signature in: /Users/jaydenmanno/AI/MoneyPrinterTurbo/desktop/build/final/stage/lib/libavutil.61.1.101.dylib
    ..........
  * Fixing dependencies on /Users/jaydenmanno/AI/MoneyPrinterTurbo/desktop/build/final/stage/lib/libavutil.61.1.101.dylib
    install_name_tool -change "/opt/homebrew/Cellar/openssl@3/3.6.3/lib/libssl.3.dylib" "@executable_path/../lib/libssl.3.dylib" "/Users/jaydenmanno/AI/MoneyPrinterTurbo/desktop/build/final/stage/lib/libavutil.61.1.101.dylib"
/Applications/Xcode.app/Contents/Developer/Toolchains/XcodeDefault.xctoolchain/usr/bin/install_name_tool: warning: changes being made to the file will invalidate the code signature in: /Users/jaydenmanno/AI/MoneyPrinterTurbo/desktop/build/final/stage/lib/libavutil.61.1.101.dylib
    install_name_tool -change "/opt/homebrew/opt/openssl@3/lib/libssl.3.dylib" "@executable_path/../lib/libssl.3.dylib" "/Users/jaydenmanno/AI/MoneyPrinterTurbo/desktop/build/final/stage/lib/libavutil.61.1.101.dylib"
/Applications/Xcode.app/Contents/Developer/Toolchains/XcodeDefault.xctoolchain/usr/bin/install_name_tool: warning: changes being made to the file will invalidate the code signature in: /Users/jaydenmanno/AI/MoneyPrinterTurbo/desktop/build/final/stage/lib/libavutil.61.1.101.dylib
    install_name_tool -change "/opt/homebrew/Cellar/openssl@3/3.6.3/lib/libcrypto.3.dylib" "@executable_path/../lib/libcrypto.3.dylib" "/Users/jaydenmanno/AI/MoneyPrinterTurbo/desktop/build/final/stage/lib/libavutil.61.1.101.dylib"
/Applications/Xcode.app/Contents/Developer/Toolchains/XcodeDefault.xctoolchain/usr/bin/install_name_tool: warning: changes being made to the file will invalidate the code signature in: /Users/jaydenmanno/AI/MoneyPrinterTurbo/desktop/build/final/stage/lib/libavutil.61.1.101.dylib
    install_name_tool -change "/opt/homebrew/opt/openssl@3/lib/libcrypto.3.dylib" "@executable_path/../lib/libcrypto.3.dylib" "/Users/jaydenmanno/AI/MoneyPrinterTurbo/desktop/build/final/stage/lib/libavutil.61.1.101.dylib"
/Applications/Xcode.app/Contents/Developer/Toolchains/XcodeDefault.xctoolchain/usr/bin/install_name_tool: warning: changes being made to the file will invalidate the code signature in: /Users/jaydenmanno/AI/MoneyPrinterTurbo/desktop/build/final/stage/lib/libavutil.61.1.101.dylib
    codesign --force --deep --preserve-metadata=entitlements,requirements,flags,runtime --sign - "/Users/jaydenmanno/AI/MoneyPrinterTurbo/desktop/build/final/stage/lib/libavutil.61.1.101.dylib"
/Users/jaydenmanno/AI/MoneyPrinterTurbo/desktop/build/final/stage/lib/libavutil.61.1.101.dylib: replacing existing signature

* Processing dependency /Users/jaydenmanno/AI/MoneyPrinterTurbo/desktop/build/final/stage/lib/libswscale.10.1.101.dylib
    cp -f "/opt/homebrew/Cellar/ffmpeg/9.0.1/lib/libswscale.10.1.101.dylib" "/Users/jaydenmanno/AI/MoneyPrinterTurbo/desktop/build/final/stage/lib/libswscale.10.1.101.dylib"
    chmod +w "/Users/jaydenmanno/AI/MoneyPrinterTurbo/desktop/build/final/stage/lib/libswscale.10.1.101.dylib"
    install_name_tool -id "@executable_path/../lib/libswscale.10.1.101.dylib" "/Users/jaydenmanno/AI/MoneyPrinterTurbo/desktop/build/final/stage/lib/libswscale.10.1.101.dylib"
/Applications/Xcode.app/Contents/Developer/Toolchains/XcodeDefault.xctoolchain/usr/bin/install_name_tool: warning: changes being made to the file will invalidate the code signature in: /Users/jaydenmanno/AI/MoneyPrinterTurbo/desktop/build/final/stage/lib/libswscale.10.1.101.dylib
    ...........
  * Fixing dependencies on /Users/jaydenmanno/AI/MoneyPrinterTurbo/desktop/build/final/stage/lib/libswscale.10.1.101.dylib
    install_name_tool -change "/opt/homebrew/Cellar/ffmpeg/9.0.1/lib/libavutil.61.1.101.dylib" "@executable_path/../lib/libavutil.61.1.101.dylib" "/Users/jaydenmanno/AI/MoneyPrinterTurbo/desktop/build/final/stage/lib/libswscale.10.1.101.dylib"
/Applications/Xcode.app/Contents/Developer/Toolchains/XcodeDefault.xctoolchain/usr/bin/install_name_tool: warning: changes being made to the file will invalidate the code signature in: /Users/jaydenmanno/AI/MoneyPrinterTurbo/desktop/build/final/stage/lib/libswscale.10.1.101.dylib
    install_name_tool -change "/opt/homebrew/Cellar/ffmpeg/9.0.1/lib/libavutil.61.dylib" "@executable_path/../lib/libavutil.61.1.101.dylib" "/Users/jaydenmanno/AI/MoneyPrinterTurbo/desktop/build/final/stage/lib/libswscale.10.1.101.dylib"
/Applications/Xcode.app/Contents/Developer/Toolchains/XcodeDefault.xctoolchain/usr/bin/install_name_tool: warning: changes being made to the file will invalidate the code signature in: /Users/jaydenmanno/AI/MoneyPrinterTurbo/desktop/build/final/stage/lib/libswscale.10.1.101.dylib
    install_name_tool -change "/opt/homebrew/Cellar/openssl@3/3.6.3/lib/libssl.3.dylib" "@executable_path/../lib/libssl.3.dylib" "/Users/jaydenmanno/AI/MoneyPrinterTurbo/desktop/build/final/stage/lib/libswscale.10.1.101.dylib"
/Applications/Xcode.app/Contents/Developer/Toolchains/XcodeDefault.xctoolchain/usr/bin/install_name_tool: warning: changes being made to the file will invalidate the code signature in: /Users/jaydenmanno/AI/MoneyPrinterTurbo/desktop/build/final/stage/lib/libswscale.10.1.101.dylib
    install_name_tool -change "/opt/homebrew/opt/openssl@3/lib/libssl.3.dylib" "@executable_path/../lib/libssl.3.dylib" "/Users/jaydenmanno/AI/MoneyPrinterTurbo/desktop/build/final/stage/lib/libswscale.10.1.101.dylib"
/Applications/Xcode.app/Contents/Developer/Toolchains/XcodeDefault.xctoolchain/usr/bin/install_name_tool: warning: changes being made to the file will invalidate the code signature in: /Users/jaydenmanno/AI/MoneyPrinterTurbo/desktop/build/final/stage/lib/libswscale.10.1.101.dylib
    install_name_tool -change "/opt/homebrew/Cellar/openssl@3/3.6.3/lib/libcrypto.3.dylib" "@executable_path/../lib/libcrypto.3.dylib" "/Users/jaydenmanno/AI/MoneyPrinterTurbo/desktop/build/final/stage/lib/libswscale.10.1.101.dylib"
/Applications/Xcode.app/Contents/Developer/Toolchains/XcodeDefault.xctoolchain/usr/bin/install_name_tool: warning: changes being made to the file will invalidate the code signature in: /Users/jaydenmanno/AI/MoneyPrinterTurbo/desktop/build/final/stage/lib/libswscale.10.1.101.dylib
    install_name_tool -change "/opt/homebrew/opt/openssl@3/lib/libcrypto.3.dylib" "@executable_path/../lib/libcrypto.3.dylib" "/Users/jaydenmanno/AI/MoneyPrinterTurbo/desktop/build/final/stage/lib/libswscale.10.1.101.dylib"
/Applications/Xcode.app/Contents/Developer/Toolchains/XcodeDefault.xctoolchain/usr/bin/install_name_tool: warning: changes being made to the file will invalidate the code signature in: /Users/jaydenmanno/AI/MoneyPrinterTurbo/desktop/build/final/stage/lib/libswscale.10.1.101.dylib
    codesign --force --deep --preserve-metadata=entitlements,requirements,flags,runtime --sign - "/Users/jaydenmanno/AI/MoneyPrinterTurbo/desktop/build/final/stage/lib/libswscale.10.1.101.dylib"
/Users/jaydenmanno/AI/MoneyPrinterTurbo/desktop/build/final/stage/lib/libswscale.10.1.101.dylib: replacing existing signature

* Processing dependency /Users/jaydenmanno/AI/MoneyPrinterTurbo/desktop/build/final/stage/lib/libswresample.7.1.101.dylib
    cp -f "/opt/homebrew/Cellar/ffmpeg/9.0.1/lib/libswresample.7.1.101.dylib" "/Users/jaydenmanno/AI/MoneyPrinterTurbo/desktop/build/final/stage/lib/libswresample.7.1.101.dylib"
    chmod +w "/Users/jaydenmanno/AI/MoneyPrinterTurbo/desktop/build/final/stage/lib/libswresample.7.1.101.dylib"
    install_name_tool -id "@executable_path/../lib/libswresample.7.1.101.dylib" "/Users/jaydenmanno/AI/MoneyPrinterTurbo/desktop/build/final/stage/lib/libswresample.7.1.101.dylib"
/Applications/Xcode.app/Contents/Developer/Toolchains/XcodeDefault.xctoolchain/usr/bin/install_name_tool: warning: changes being made to the file will invalidate the code signature in: /Users/jaydenmanno/AI/MoneyPrinterTurbo/desktop/build/final/stage/lib/libswresample.7.1.101.dylib
    ...........
  * Fixing dependencies on /Users/jaydenmanno/AI/MoneyPrinterTurbo/desktop/build/final/stage/lib/libswresample.7.1.101.dylib
    install_name_tool -change "/opt/homebrew/Cellar/ffmpeg/9.0.1/lib/libavutil.61.1.101.dylib" "@executable_path/../lib/libavutil.61.1.101.dylib" "/Users/jaydenmanno/AI/MoneyPrinterTurbo/desktop/build/final/stage/lib/libswresample.7.1.101.dylib"
/Applications/Xcode.app/Contents/Developer/Toolchains/XcodeDefault.xctoolchain/usr/bin/install_name_tool: warning: changes being made to the file will invalidate the code signature in: /Users/jaydenmanno/AI/MoneyPrinterTurbo/desktop/build/final/stage/lib/libswresample.7.1.101.dylib
    install_name_tool -change "/opt/homebrew/Cellar/ffmpeg/9.0.1/lib/libavutil.61.dylib" "@executable_path/../lib/libavutil.61.1.101.dylib" "/Users/jaydenmanno/AI/MoneyPrinterTurbo/desktop/build/final/stage/lib/libswresample.7.1.101.dylib"
/Applications/Xcode.app/Contents/Developer/Toolchains/XcodeDefault.xctoolchain/usr/bin/install_name_tool: warning: changes being made to the file will invalidate the code signature in: /Users/jaydenmanno/AI/MoneyPrinterTurbo/desktop/build/final/stage/lib/libswresample.7.1.101.dylib
    install_name_tool -change "/opt/homebrew/Cellar/openssl@3/3.6.3/lib/libssl.3.dylib" "@executable_path/../lib/libssl.3.dylib" "/Users/jaydenmanno/AI/MoneyPrinterTurbo/desktop/build/final/stage/lib/libswresample.7.1.101.dylib"
/Applications/Xcode.app/Contents/Developer/Toolchains/XcodeDefault.xctoolchain/usr/bin/install_name_tool: warning: changes being made to the file will invalidate the code signature in: /Users/jaydenmanno/AI/MoneyPrinterTurbo/desktop/build/final/stage/lib/libswresample.7.1.101.dylib
    install_name_tool -change "/opt/homebrew/opt/openssl@3/lib/libssl.3.dylib" "@executable_path/../lib/libssl.3.dylib" "/Users/jaydenmanno/AI/MoneyPrinterTurbo/desktop/build/final/stage/lib/libswresample.7.1.101.dylib"
/Applications/Xcode.app/Contents/Developer/Toolchains/XcodeDefault.xctoolchain/usr/bin/install_name_tool: warning: changes being made to the file will invalidate the code signature in: /Users/jaydenmanno/AI/MoneyPrinterTurbo/desktop/build/final/stage/lib/libswresample.7.1.101.dylib
    install_name_tool -change "/opt/homebrew/Cellar/openssl@3/3.6.3/lib/libcrypto.3.dylib" "@executable_path/../lib/libcrypto.3.dylib" "/Users/jaydenmanno/AI/MoneyPrinterTurbo/desktop/build/final/stage/lib/libswresample.7.1.101.dylib"
/Applications/Xcode.app/Contents/Developer/Toolchains/XcodeDefault.xctoolchain/usr/bin/install_name_tool: warning: changes being made to the file will invalidate the code signature in: /Users/jaydenmanno/AI/MoneyPrinterTurbo/desktop/build/final/stage/lib/libswresample.7.1.101.dylib
    install_name_tool -change "/opt/homebrew/opt/openssl@3/lib/libcrypto.3.dylib" "@executable_path/../lib/libcrypto.3.dylib" "/Users/jaydenmanno/AI/MoneyPrinterTurbo/desktop/build/final/stage/lib/libswresample.7.1.101.dylib"
/Applications/Xcode.app/Contents/Developer/Toolchains/XcodeDefault.xctoolchain/usr/bin/install_name_tool: warning: changes being made to the file will invalidate the code signature in: /Users/jaydenmanno/AI/MoneyPrinterTurbo/desktop/build/final/stage/lib/libswresample.7.1.101.dylib
    codesign --force --deep --preserve-metadata=entitlements,requirements,flags,runtime --sign - "/Users/jaydenmanno/AI/MoneyPrinterTurbo/desktop/build/final/stage/lib/libswresample.7.1.101.dylib"
/Users/jaydenmanno/AI/MoneyPrinterTurbo/desktop/build/final/stage/lib/libswresample.7.1.101.dylib: replacing existing signature

* Processing dependency /Users/jaydenmanno/AI/MoneyPrinterTurbo/desktop/build/final/stage/lib/libavcodec.63.1.101.dylib
    cp -f "/opt/homebrew/Cellar/ffmpeg/9.0.1/lib/libavcodec.63.1.101.dylib" "/Users/jaydenmanno/AI/MoneyPrinterTurbo/desktop/build/final/stage/lib/libavcodec.63.1.101.dylib"
    chmod +w "/Users/jaydenmanno/AI/MoneyPrinterTurbo/desktop/build/final/stage/lib/libavcodec.63.1.101.dylib"
    install_name_tool -id "@executable_path/../lib/libavcodec.63.1.101.dylib" "/Users/jaydenmanno/AI/MoneyPrinterTurbo/desktop/build/final/stage/lib/libavcodec.63.1.101.dylib"
/Applications/Xcode.app/Contents/Developer/Toolchains/XcodeDefault.xctoolchain/usr/bin/install_name_tool: warning: changes being made to the file will invalidate the code signature in: /Users/jaydenmanno/AI/MoneyPrinterTurbo/desktop/build/final/stage/lib/libavcodec.63.1.101.dylib
    ......................
  * Fixing dependencies on /Users/jaydenmanno/AI/MoneyPrinterTurbo/desktop/build/final/stage/lib/libavcodec.63.1.101.dylib
    install_name_tool -change "/opt/homebrew/Cellar/ffmpeg/9.0.1/lib/libswresample.7.1.101.dylib" "@executable_path/../lib/libswresample.7.1.101.dylib" "/Users/jaydenmanno/AI/MoneyPrinterTurbo/desktop/build/final/stage/lib/libavcodec.63.1.101.dylib"
/Applications/Xcode.app/Contents/Developer/Toolchains/XcodeDefault.xctoolchain/usr/bin/install_name_tool: warning: changes being made to the file will invalidate the code signature in: /Users/jaydenmanno/AI/MoneyPrinterTurbo/desktop/build/final/stage/lib/libavcodec.63.1.101.dylib
    install_name_tool -change "/opt/homebrew/Cellar/ffmpeg/9.0.1/lib/libswresample.7.dylib" "@executable_path/../lib/libswresample.7.1.101.dylib" "/Users/jaydenmanno/AI/MoneyPrinterTurbo/desktop/build/final/stage/lib/libavcodec.63.1.101.dylib"
/Applications/Xcode.app/Contents/Developer/Toolchains/XcodeDefault.xctoolchain/usr/bin/install_name_tool: warning: changes being made to the file will invalidate the code signature in: /Users/jaydenmanno/AI/MoneyPrinterTurbo/desktop/build/final/stage/lib/libavcodec.63.1.101.dylib
    install_name_tool -change "/opt/homebrew/Cellar/ffmpeg/9.0.1/lib/libavutil.61.1.101.dylib" "@executable_path/../lib/libavutil.61.1.101.dylib" "/Users/jaydenmanno/AI/MoneyPrinterTurbo/desktop/build/final/stage/lib/libavcodec.63.1.101.dylib"
/Applications/Xcode.app/Contents/Developer/Toolchains/XcodeDefault.xctoolchain/usr/bin/install_name_tool: warning: changes being made to the file will invalidate the code signature in: /Users/jaydenmanno/AI/MoneyPrinterTurbo/desktop/build/final/stage/lib/libavcodec.63.1.101.dylib
    install_name_tool -change "/opt/homebrew/Cellar/ffmpeg/9.0.1/lib/libavutil.61.dylib" "@executable_path/../lib/libavutil.61.1.101.dylib" "/Users/jaydenmanno/AI/MoneyPrinterTurbo/desktop/build/final/stage/lib/libavcodec.63.1.101.dylib"
/Applications/Xcode.app/Contents/Developer/Toolchains/XcodeDefault.xctoolchain/usr/bin/install_name_tool: warning: changes being made to the file will invalidate the code signature in: /Users/jaydenmanno/AI/MoneyPrinterTurbo/desktop/build/final/stage/lib/libavcodec.63.1.101.dylib
    install_name_tool -change "/opt/homebrew/Cellar/libvpx/1.16.0/lib/libvpx.12.dylib" "@executable_path/../lib/libvpx.12.dylib" "/Users/jaydenmanno/AI/MoneyPrinterTurbo/desktop/build/final/stage/lib/libavcodec.63.1.101.dylib"
/Applications/Xcode.app/Contents/Developer/Toolchains/XcodeDefault.xctoolchain/usr/bin/install_name_tool: warning: changes being made to the file will invalidate the code signature in: /Users/jaydenmanno/AI/MoneyPrinterTurbo/desktop/build/final/stage/lib/libavcodec.63.1.101.dylib
    install_name_tool -change "/opt/homebrew/opt/libvpx/lib/libvpx.12.dylib" "@executable_path/../lib/libvpx.12.dylib" "/Users/jaydenmanno/AI/MoneyPrinterTurbo/desktop/build/final/stage/lib/libavcodec.63.1.101.dylib"
/Applications/Xcode.app/Contents/Developer/Toolchains/XcodeDefault.xctoolchain/usr/bin/install_name_tool: warning: changes being made to the file will invalidate the code signature in: /Users/jaydenmanno/AI/MoneyPrinterTurbo/desktop/build/final/stage/lib/libavcodec.63.1.101.dylib
    install_name_tool -change "/opt/homebrew/Cellar/xz/5.8.3/lib/liblzma.5.dylib" "@executable_path/../lib/liblzma.5.dylib" "/Users/jaydenmanno/AI/MoneyPrinterTurbo/desktop/build/final/stage/lib/libavcodec.63.1.101.dylib"
/Applications/Xcode.app/Contents/Developer/Toolchains/XcodeDefault.xctoolchain/usr/bin/install_name_tool: warning: changes being made to the file will invalidate the code signature in: /Users/jaydenmanno/AI/MoneyPrinterTurbo/desktop/build/final/stage/lib/libavcodec.63.1.101.dylib
    install_name_tool -change "/opt/homebrew/opt/xz/lib/liblzma.5.dylib" "@executable_path/../lib/liblzma.5.dylib" "/Users/jaydenmanno/AI/MoneyPrinterTurbo/desktop/build/final/stage/lib/libavcodec.63.1.101.dylib"
/Applications/Xcode.app/Contents/Developer/Toolchains/XcodeDefault.xctoolchain/usr/bin/install_name_tool: warning: changes being made to the file will invalidate the code signature in: /Users/jaydenmanno/AI/MoneyPrinterTurbo/desktop/build/final/stage/lib/libavcodec.63.1.101.dylib
    install_name_tool -change "/opt/homebrew/Cellar/dav1d/1.5.4/lib/libdav1d.7.dylib" "@executable_path/../lib/libdav1d.7.dylib" "/Users/jaydenmanno/AI/MoneyPrinterTurbo/desktop/build/final/stage/lib/libavcodec.63.1.101.dylib"
/Applications/Xcode.app/Contents/Developer/Toolchains/XcodeDefault.xctoolchain/usr/bin/install_name_tool: warning: changes being made to the file will invalidate the code signature in: /Users/jaydenmanno/AI/MoneyPrinterTurbo/desktop/build/final/stage/lib/libavcodec.63.1.101.dylib
    install_name_tool -change "/opt/homebrew/opt/dav1d/lib/libdav1d.7.dylib" "@executable_path/../lib/libdav1d.7.dylib" "/Users/jaydenmanno/AI/MoneyPrinterTurbo/desktop/build/final/stage/lib/libavcodec.63.1.101.dylib"
/Applications/Xcode.app/Contents/Developer/Toolchains/XcodeDefault.xctoolchain/usr/bin/install_name_tool: warning: changes being made to the file will invalidate the code signature in: /Users/jaydenmanno/AI/MoneyPrinterTurbo/desktop/build/final/stage/lib/libavcodec.63.1.101.dylib
    install_name_tool -change "/opt/homebrew/Cellar/lame/4.0/lib/libmp3lame.0.dylib" "@executable_path/../lib/libmp3lame.0.dylib" "/Users/jaydenmanno/AI/MoneyPrinterTurbo/desktop/build/final/stage/lib/libavcodec.63.1.101.dylib"
/Applications/Xcode.app/Contents/Developer/Toolchains/XcodeDefault.xctoolchain/usr/bin/install_name_tool: warning: changes being made to the file will invalidate the code signature in: /Users/jaydenmanno/AI/MoneyPrinterTurbo/desktop/build/final/stage/lib/libavcodec.63.1.101.dylib
    install_name_tool -change "/opt/homebrew/opt/lame/lib/libmp3lame.0.dylib" "@executable_path/../lib/libmp3lame.0.dylib" "/Users/jaydenmanno/AI/MoneyPrinterTurbo/desktop/build/final/stage/lib/libavcodec.63.1.101.dylib"
/Applications/Xcode.app/Contents/Developer/Toolchains/XcodeDefault.xctoolchain/usr/bin/install_name_tool: warning: changes being made to the file will invalidate the code signature in: /Users/jaydenmanno/AI/MoneyPrinterTurbo/desktop/build/final/stage/lib/libavcodec.63.1.101.dylib
    install_name_tool -change "/opt/homebrew/Cellar/opus/1.6.1/lib/libopus.0.dylib" "@executable_path/../lib/libopus.0.dylib" "/Users/jaydenmanno/AI/MoneyPrinterTurbo/desktop/build/final/stage/lib/libavcodec.63.1.101.dylib"
/Applications/Xcode.app/Contents/Developer/Toolchains/XcodeDefault.xctoolchain/usr/bin/install_name_tool: warning: changes being made to the file will invalidate the code signature in: /Users/jaydenmanno/AI/MoneyPrinterTurbo/desktop/build/final/stage/lib/libavcodec.63.1.101.dylib
    install_name_tool -change "/opt/homebrew/opt/opus/lib/libopus.0.dylib" "@executable_path/../lib/libopus.0.dylib" "/Users/jaydenmanno/AI/MoneyPrinterTurbo/desktop/build/final/stage/lib/libavcodec.63.1.101.dylib"
/Applications/Xcode.app/Contents/Developer/Toolchains/XcodeDefault.xctoolchain/usr/bin/install_name_tool: warning: changes being made to the file will invalidate the code signature in: /Users/jaydenmanno/AI/MoneyPrinterTurbo/desktop/build/final/stage/lib/libavcodec.63.1.101.dylib
    install_name_tool -change "/opt/homebrew/Cellar/svt-av1/4.2.0/lib/libSvtAv1Enc.4.2.0.dylib" "@executable_path/../lib/libSvtAv1Enc.4.2.0.dylib" "/Users/jaydenmanno/AI/MoneyPrinterTurbo/desktop/build/final/stage/lib/libavcodec.63.1.101.dylib"
/Applications/Xcode.app/Contents/Developer/Toolchains/XcodeDefault.xctoolchain/usr/bin/install_name_tool: warning: changes being made to the file will invalidate the code signature in: /Users/jaydenmanno/AI/MoneyPrinterTurbo/desktop/build/final/stage/lib/libavcodec.63.1.101.dylib
    install_name_tool -change "/opt/homebrew/opt/svt-av1/lib/libSvtAv1Enc.4.dylib" "@executable_path/../lib/libSvtAv1Enc.4.2.0.dylib" "/Users/jaydenmanno/AI/MoneyPrinterTurbo/desktop/build/final/stage/lib/libavcodec.63.1.101.dylib"
/Applications/Xcode.app/Contents/Developer/Toolchains/XcodeDefault.xctoolchain/usr/bin/install_name_tool: warning: changes being made to the file will invalidate the code signature in: /Users/jaydenmanno/AI/MoneyPrinterTurbo/desktop/build/final/stage/lib/libavcodec.63.1.101.dylib
    install_name_tool -change "/opt/homebrew/Cellar/x264/r3222/lib/libx264.165.dylib" "@executable_path/../lib/libx264.165.dylib" "/Users/jaydenmanno/AI/MoneyPrinterTurbo/desktop/build/final/stage/lib/libavcodec.63.1.101.dylib"
/Applications/Xcode.app/Contents/Developer/Toolchains/XcodeDefault.xctoolchain/usr/bin/install_name_tool: warning: changes being made to the file will invalidate the code signature in: /Users/jaydenmanno/AI/MoneyPrinterTurbo/desktop/build/final/stage/lib/libavcodec.63.1.101.dylib
    install_name_tool -change "/opt/homebrew/opt/x264/lib/libx264.165.dylib" "@executable_path/../lib/libx264.165.dylib" "/Users/jaydenmanno/AI/MoneyPrinterTurbo/desktop/build/final/stage/lib/libavcodec.63.1.101.dylib"
/Applications/Xcode.app/Contents/Developer/Toolchains/XcodeDefault.xctoolchain/usr/bin/install_name_tool: warning: changes being made to the file will invalidate the code signature in: /Users/jaydenmanno/AI/MoneyPrinterTurbo/desktop/build/final/stage/lib/libavcodec.63.1.101.dylib
    install_name_tool -change "/opt/homebrew/Cellar/x265/4.2/lib/libx265.216.dylib" "@executable_path/../lib/libx265.216.dylib" "/Users/jaydenmanno/AI/MoneyPrinterTurbo/desktop/build/final/stage/lib/libavcodec.63.1.101.dylib"
/Applications/Xcode.app/Contents/Developer/Toolchains/XcodeDefault.xctoolchain/usr/bin/install_name_tool: warning: changes being made to the file will invalidate the code signature in: /Users/jaydenmanno/AI/MoneyPrinterTurbo/desktop/build/final/stage/lib/libavcodec.63.1.101.dylib
    install_name_tool -change "/opt/homebrew/opt/x265/lib/libx265.216.dylib" "@executable_path/../lib/libx265.216.dylib" "/Users/jaydenmanno/AI/MoneyPrinterTurbo/desktop/build/final/stage/lib/libavcodec.63.1.101.dylib"
/Applications/Xcode.app/Contents/Developer/Toolchains/XcodeDefault.xctoolchain/usr/bin/install_name_tool: warning: changes being made to the file will invalidate the code signature in: /Users/jaydenmanno/AI/MoneyPrinterTurbo/desktop/build/final/stage/lib/libavcodec.63.1.101.dylib
    install_name_tool -change "/opt/homebrew/Cellar/openssl@3/3.6.3/lib/libssl.3.dylib" "@executable_path/../lib/libssl.3.dylib" "/Users/jaydenmanno/AI/MoneyPrinterTurbo/desktop/build/final/stage/lib/libavcodec.63.1.101.dylib"
/Applications/Xcode.app/Contents/Developer/Toolchains/XcodeDefault.xctoolchain/usr/bin/install_name_tool: warning: changes being made to the file will invalidate the code signature in: /Users/jaydenmanno/AI/MoneyPrinterTurbo/desktop/build/final/stage/lib/libavcodec.63.1.101.dylib
    install_name_tool -change "/opt/homebrew/opt/openssl@3/lib/libssl.3.dylib" "@executable_path/../lib/libssl.3.dylib" "/Users/jaydenmanno/AI/MoneyPrinterTurbo/desktop/build/final/stage/lib/libavcodec.63.1.101.dylib"
/Applications/Xcode.app/Contents/Developer/Toolchains/XcodeDefault.xctoolchain/usr/bin/install_name_tool: warning: changes being made to the file will invalidate the code signature in: /Users/jaydenmanno/AI/MoneyPrinterTurbo/desktop/build/final/stage/lib/libavcodec.63.1.101.dylib
    install_name_tool -change "/opt/homebrew/Cellar/openssl@3/3.6.3/lib/libcrypto.3.dylib" "@executable_path/../lib/libcrypto.3.dylib" "/Users/jaydenmanno/AI/MoneyPrinterTurbo/desktop/build/final/stage/lib/libavcodec.63.1.101.dylib"
/Applications/Xcode.app/Contents/Developer/Toolchains/XcodeDefault.xctoolchain/usr/bin/install_name_tool: warning: changes being made to the file will invalidate the code signature in: /Users/jaydenmanno/AI/MoneyPrinterTurbo/desktop/build/final/stage/lib/libavcodec.63.1.101.dylib
    install_name_tool -change "/opt/homebrew/opt/openssl@3/lib/libcrypto.3.dylib" "@executable_path/../lib/libcrypto.3.dylib" "/Users/jaydenmanno/AI/MoneyPrinterTurbo/desktop/build/final/stage/lib/libavcodec.63.1.101.dylib"
/Applications/Xcode.app/Contents/Developer/Toolchains/XcodeDefault.xctoolchain/usr/bin/install_name_tool: warning: changes being made to the file will invalidate the code signature in: /Users/jaydenmanno/AI/MoneyPrinterTurbo/desktop/build/final/stage/lib/libavcodec.63.1.101.dylib
    codesign --force --deep --preserve-metadata=entitlements,requirements,flags,runtime --sign - "/Users/jaydenmanno/AI/MoneyPrinterTurbo/desktop/build/final/stage/lib/libavcodec.63.1.101.dylib"
/Users/jaydenmanno/AI/MoneyPrinterTurbo/desktop/build/final/stage/lib/libavcodec.63.1.101.dylib: replacing existing signature

* Processing dependency /Users/jaydenmanno/AI/MoneyPrinterTurbo/desktop/build/final/stage/lib/libavformat.63.1.101.dylib
    cp -f "/opt/homebrew/Cellar/ffmpeg/9.0.1/lib/libavformat.63.1.101.dylib" "/Users/jaydenmanno/AI/MoneyPrinterTurbo/desktop/build/final/stage/lib/libavformat.63.1.101.dylib"
    chmod +w "/Users/jaydenmanno/AI/MoneyPrinterTurbo/desktop/build/final/stage/lib/libavformat.63.1.101.dylib"
    install_name_tool -id "@executable_path/../lib/libavformat.63.1.101.dylib" "/Users/jaydenmanno/AI/MoneyPrinterTurbo/desktop/build/final/stage/lib/libavformat.63.1.101.dylib"
/Applications/Xcode.app/Contents/Developer/Toolchains/XcodeDefault.xctoolchain/usr/bin/install_name_tool: warning: changes being made to the file will invalidate the code signature in: /Users/jaydenmanno/AI/MoneyPrinterTurbo/desktop/build/final/stage/lib/libavformat.63.1.101.dylib
    ........................
  * Fixing dependencies on /Users/jaydenmanno/AI/MoneyPrinterTurbo/desktop/build/final/stage/lib/libavformat.63.1.101.dylib
    install_name_tool -change "/opt/homebrew/Cellar/ffmpeg/9.0.1/lib/libavcodec.63.1.101.dylib" "@executable_path/../lib/libavcodec.63.1.101.dylib" "/Users/jaydenmanno/AI/MoneyPrinterTurbo/desktop/build/final/stage/lib/libavformat.63.1.101.dylib"
/Applications/Xcode.app/Contents/Developer/Toolchains/XcodeDefault.xctoolchain/usr/bin/install_name_tool: warning: changes being made to the file will invalidate the code signature in: /Users/jaydenmanno/AI/MoneyPrinterTurbo/desktop/build/final/stage/lib/libavformat.63.1.101.dylib
    install_name_tool -change "/opt/homebrew/Cellar/ffmpeg/9.0.1/lib/libavcodec.63.dylib" "@executable_path/../lib/libavcodec.63.1.101.dylib" "/Users/jaydenmanno/AI/MoneyPrinterTurbo/desktop/build/final/stage/lib/libavformat.63.1.101.dylib"
/Applications/Xcode.app/Contents/Developer/Toolchains/XcodeDefault.xctoolchain/usr/bin/install_name_tool: warning: changes being made to the file will invalidate the code signature in: /Users/jaydenmanno/AI/MoneyPrinterTurbo/desktop/build/final/stage/lib/libavformat.63.1.101.dylib
    install_name_tool -change "/opt/homebrew/Cellar/ffmpeg/9.0.1/lib/libswresample.7.1.101.dylib" "@executable_path/../lib/libswresample.7.1.101.dylib" "/Users/jaydenmanno/AI/MoneyPrinterTurbo/desktop/build/final/stage/lib/libavformat.63.1.101.dylib"
/Applications/Xcode.app/Contents/Developer/Toolchains/XcodeDefault.xctoolchain/usr/bin/install_name_tool: warning: changes being made to the file will invalidate the code signature in: /Users/jaydenmanno/AI/MoneyPrinterTurbo/desktop/build/final/stage/lib/libavformat.63.1.101.dylib
    install_name_tool -change "/opt/homebrew/Cellar/ffmpeg/9.0.1/lib/libswresample.7.dylib" "@executable_path/../lib/libswresample.7.1.101.dylib" "/Users/jaydenmanno/AI/MoneyPrinterTurbo/desktop/build/final/stage/lib/libavformat.63.1.101.dylib"
/Applications/Xcode.app/Contents/Developer/Toolchains/XcodeDefault.xctoolchain/usr/bin/install_name_tool: warning: changes being made to the file will invalidate the code signature in: /Users/jaydenmanno/AI/MoneyPrinterTurbo/desktop/build/final/stage/lib/libavformat.63.1.101.dylib
    install_name_tool -change "/opt/homebrew/Cellar/ffmpeg/9.0.1/lib/libavutil.61.1.101.dylib" "@executable_path/../lib/libavutil.61.1.101.dylib" "/Users/jaydenmanno/AI/MoneyPrinterTurbo/desktop/build/final/stage/lib/libavformat.63.1.101.dylib"
/Applications/Xcode.app/Contents/Developer/Toolchains/XcodeDefault.xctoolchain/usr/bin/install_name_tool: warning: changes being made to the file will invalidate the code signature in: /Users/jaydenmanno/AI/MoneyPrinterTurbo/desktop/build/final/stage/lib/libavformat.63.1.101.dylib
    install_name_tool -change "/opt/homebrew/Cellar/ffmpeg/9.0.1/lib/libavutil.61.dylib" "@executable_path/../lib/libavutil.61.1.101.dylib" "/Users/jaydenmanno/AI/MoneyPrinterTurbo/desktop/build/final/stage/lib/libavformat.63.1.101.dylib"
/Applications/Xcode.app/Contents/Developer/Toolchains/XcodeDefault.xctoolchain/usr/bin/install_name_tool: warning: changes being made to the file will invalidate the code signature in: /Users/jaydenmanno/AI/MoneyPrinterTurbo/desktop/build/final/stage/lib/libavformat.63.1.101.dylib
    install_name_tool -change "/opt/homebrew/Cellar/openssl@3/3.6.3/lib/libssl.3.dylib" "@executable_path/../lib/libssl.3.dylib" "/Users/jaydenmanno/AI/MoneyPrinterTurbo/desktop/build/final/stage/lib/libavformat.63.1.101.dylib"
/Applications/Xcode.app/Contents/Developer/Toolchains/XcodeDefault.xctoolchain/usr/bin/install_name_tool: warning: changes being made to the file will invalidate the code signature in: /Users/jaydenmanno/AI/MoneyPrinterTurbo/desktop/build/final/stage/lib/libavformat.63.1.101.dylib
    install_name_tool -change "/opt/homebrew/opt/openssl@3/lib/libssl.3.dylib" "@executable_path/../lib/libssl.3.dylib" "/Users/jaydenmanno/AI/MoneyPrinterTurbo/desktop/build/final/stage/lib/libavformat.63.1.101.dylib"
/Applications/Xcode.app/Contents/Developer/Toolchains/XcodeDefault.xctoolchain/usr/bin/install_name_tool: warning: changes being made to the file will invalidate the code signature in: /Users/jaydenmanno/AI/MoneyPrinterTurbo/desktop/build/final/stage/lib/libavformat.63.1.101.dylib
    install_name_tool -change "/opt/homebrew/Cellar/openssl@3/3.6.3/lib/libcrypto.3.dylib" "@executable_path/../lib/libcrypto.3.dylib" "/Users/jaydenmanno/AI/MoneyPrinterTurbo/desktop/build/final/stage/lib/libavformat.63.1.101.dylib"
/Applications/Xcode.app/Contents/Developer/Toolchains/XcodeDefault.xctoolchain/usr/bin/install_name_tool: warning: changes being made to the file will invalidate the code signature in: /Users/jaydenmanno/AI/MoneyPrinterTurbo/desktop/build/final/stage/lib/libavformat.63.1.101.dylib
    install_name_tool -change "/opt/homebrew/opt/openssl@3/lib/libcrypto.3.dylib" "@executable_path/../lib/libcrypto.3.dylib" "/Users/jaydenmanno/AI/MoneyPrinterTurbo/desktop/build/final/stage/lib/libavformat.63.1.101.dylib"
/Applications/Xcode.app/Contents/Developer/Toolchains/XcodeDefault.xctoolchain/usr/bin/install_name_tool: warning: changes being made to the file will invalidate the code signature in: /Users/jaydenmanno/AI/MoneyPrinterTurbo/desktop/build/final/stage/lib/libavformat.63.1.101.dylib
    install_name_tool -change "/opt/homebrew/Cellar/libvpx/1.16.0/lib/libvpx.12.dylib" "@executable_path/../lib/libvpx.12.dylib" "/Users/jaydenmanno/AI/MoneyPrinterTurbo/desktop/build/final/stage/lib/libavformat.63.1.101.dylib"
/Applications/Xcode.app/Contents/Developer/Toolchains/XcodeDefault.xctoolchain/usr/bin/install_name_tool: warning: changes being made to the file will invalidate the code signature in: /Users/jaydenmanno/AI/MoneyPrinterTurbo/desktop/build/final/stage/lib/libavformat.63.1.101.dylib
    install_name_tool -change "/opt/homebrew/opt/libvpx/lib/libvpx.12.dylib" "@executable_path/../lib/libvpx.12.dylib" "/Users/jaydenmanno/AI/MoneyPrinterTurbo/desktop/build/final/stage/lib/libavformat.63.1.101.dylib"
/Applications/Xcode.app/Contents/Developer/Toolchains/XcodeDefault.xctoolchain/usr/bin/install_name_tool: warning: changes being made to the file will invalidate the code signature in: /Users/jaydenmanno/AI/MoneyPrinterTurbo/desktop/build/final/stage/lib/libavformat.63.1.101.dylib
    install_name_tool -change "/opt/homebrew/Cellar/xz/5.8.3/lib/liblzma.5.dylib" "@executable_path/../lib/liblzma.5.dylib" "/Users/jaydenmanno/AI/MoneyPrinterTurbo/desktop/build/final/stage/lib/libavformat.63.1.101.dylib"
/Applications/Xcode.app/Contents/Developer/Toolchains/XcodeDefault.xctoolchain/usr/bin/install_name_tool: warning: changes being made to the file will invalidate the code signature in: /Users/jaydenmanno/AI/MoneyPrinterTurbo/desktop/build/final/stage/lib/libavformat.63.1.101.dylib
    install_name_tool -change "/opt/homebrew/opt/xz/lib/liblzma.5.dylib" "@executable_path/../lib/liblzma.5.dylib" "/Users/jaydenmanno/AI/MoneyPrinterTurbo/desktop/build/final/stage/lib/libavformat.63.1.101.dylib"
/Applications/Xcode.app/Contents/Developer/Toolchains/XcodeDefault.xctoolchain/usr/bin/install_name_tool: warning: changes being made to the file will invalidate the code signature in: /Users/jaydenmanno/AI/MoneyPrinterTurbo/desktop/build/final/stage/lib/libavformat.63.1.101.dylib
    install_name_tool -change "/opt/homebrew/Cellar/dav1d/1.5.4/lib/libdav1d.7.dylib" "@executable_path/../lib/libdav1d.7.dylib" "/Users/jaydenmanno/AI/MoneyPrinterTurbo/desktop/build/final/stage/lib/libavformat.63.1.101.dylib"
/Applications/Xcode.app/Contents/Developer/Toolchains/XcodeDefault.xctoolchain/usr/bin/install_name_tool: warning: changes being made to the file will invalidate the code signature in: /Users/jaydenmanno/AI/MoneyPrinterTurbo/desktop/build/final/stage/lib/libavformat.63.1.101.dylib
    install_name_tool -change "/opt/homebrew/opt/dav1d/lib/libdav1d.7.dylib" "@executable_path/../lib/libdav1d.7.dylib" "/Users/jaydenmanno/AI/MoneyPrinterTurbo/desktop/build/final/stage/lib/libavformat.63.1.101.dylib"
/Applications/Xcode.app/Contents/Developer/Toolchains/XcodeDefault.xctoolchain/usr/bin/install_name_tool: warning: changes being made to the file will invalidate the code signature in: /Users/jaydenmanno/AI/MoneyPrinterTurbo/desktop/build/final/stage/lib/libavformat.63.1.101.dylib
    install_name_tool -change "/opt/homebrew/Cellar/lame/4.0/lib/libmp3lame.0.dylib" "@executable_path/../lib/libmp3lame.0.dylib" "/Users/jaydenmanno/AI/MoneyPrinterTurbo/desktop/build/final/stage/lib/libavformat.63.1.101.dylib"
/Applications/Xcode.app/Contents/Developer/Toolchains/XcodeDefault.xctoolchain/usr/bin/install_name_tool: warning: changes being made to the file will invalidate the code signature in: /Users/jaydenmanno/AI/MoneyPrinterTurbo/desktop/build/final/stage/lib/libavformat.63.1.101.dylib
    install_name_tool -change "/opt/homebrew/opt/lame/lib/libmp3lame.0.dylib" "@executable_path/../lib/libmp3lame.0.dylib" "/Users/jaydenmanno/AI/MoneyPrinterTurbo/desktop/build/final/stage/lib/libavformat.63.1.101.dylib"
/Applications/Xcode.app/Contents/Developer/Toolchains/XcodeDefault.xctoolchain/usr/bin/install_name_tool: warning: changes being made to the file will invalidate the code signature in: /Users/jaydenmanno/AI/MoneyPrinterTurbo/desktop/build/final/stage/lib/libavformat.63.1.101.dylib
    install_name_tool -change "/opt/homebrew/Cellar/opus/1.6.1/lib/libopus.0.dylib" "@executable_path/../lib/libopus.0.dylib" "/Users/jaydenmanno/AI/MoneyPrinterTurbo/desktop/build/final/stage/lib/libavformat.63.1.101.dylib"
/Applications/Xcode.app/Contents/Developer/Toolchains/XcodeDefault.xctoolchain/usr/bin/install_name_tool: warning: changes being made to the file will invalidate the code signature in: /Users/jaydenmanno/AI/MoneyPrinterTurbo/desktop/build/final/stage/lib/libavformat.63.1.101.dylib
    install_name_tool -change "/opt/homebrew/opt/opus/lib/libopus.0.dylib" "@executable_path/../lib/libopus.0.dylib" "/Users/jaydenmanno/AI/MoneyPrinterTurbo/desktop/build/final/stage/lib/libavformat.63.1.101.dylib"
/Applications/Xcode.app/Contents/Developer/Toolchains/XcodeDefault.xctoolchain/usr/bin/install_name_tool: warning: changes being made to the file will invalidate the code signature in: /Users/jaydenmanno/AI/MoneyPrinterTurbo/desktop/build/final/stage/lib/libavformat.63.1.101.dylib
    install_name_tool -change "/opt/homebrew/Cellar/svt-av1/4.2.0/lib/libSvtAv1Enc.4.2.0.dylib" "@executable_path/../lib/libSvtAv1Enc.4.2.0.dylib" "/Users/jaydenmanno/AI/MoneyPrinterTurbo/desktop/build/final/stage/lib/libavformat.63.1.101.dylib"
/Applications/Xcode.app/Contents/Developer/Toolchains/XcodeDefault.xctoolchain/usr/bin/install_name_tool: warning: changes being made to the file will invalidate the code signature in: /Users/jaydenmanno/AI/MoneyPrinterTurbo/desktop/build/final/stage/lib/libavformat.63.1.101.dylib
    install_name_tool -change "/opt/homebrew/opt/svt-av1/lib/libSvtAv1Enc.4.dylib" "@executable_path/../lib/libSvtAv1Enc.4.2.0.dylib" "/Users/jaydenmanno/AI/MoneyPrinterTurbo/desktop/build/final/stage/lib/libavformat.63.1.101.dylib"
/Applications/Xcode.app/Contents/Developer/Toolchains/XcodeDefault.xctoolchain/usr/bin/install_name_tool: warning: changes being made to the file will invalidate the code signature in: /Users/jaydenmanno/AI/MoneyPrinterTurbo/desktop/build/final/stage/lib/libavformat.63.1.101.dylib
    install_name_tool -change "/opt/homebrew/Cellar/x264/r3222/lib/libx264.165.dylib" "@executable_path/../lib/libx264.165.dylib" "/Users/jaydenmanno/AI/MoneyPrinterTurbo/desktop/build/final/stage/lib/libavformat.63.1.101.dylib"
/Applications/Xcode.app/Contents/Developer/Toolchains/XcodeDefault.xctoolchain/usr/bin/install_name_tool: warning: changes being made to the file will invalidate the code signature in: /Users/jaydenmanno/AI/MoneyPrinterTurbo/desktop/build/final/stage/lib/libavformat.63.1.101.dylib
    install_name_tool -change "/opt/homebrew/opt/x264/lib/libx264.165.dylib" "@executable_path/../lib/libx264.165.dylib" "/Users/jaydenmanno/AI/MoneyPrinterTurbo/desktop/build/final/stage/lib/libavformat.63.1.101.dylib"
/Applications/Xcode.app/Contents/Developer/Toolchains/XcodeDefault.xctoolchain/usr/bin/install_name_tool: warning: changes being made to the file will invalidate the code signature in: /Users/jaydenmanno/AI/MoneyPrinterTurbo/desktop/build/final/stage/lib/libavformat.63.1.101.dylib
    install_name_tool -change "/opt/homebrew/Cellar/x265/4.2/lib/libx265.216.dylib" "@executable_path/../lib/libx265.216.dylib" "/Users/jaydenmanno/AI/MoneyPrinterTurbo/desktop/build/final/stage/lib/libavformat.63.1.101.dylib"
/Applications/Xcode.app/Contents/Developer/Toolchains/XcodeDefault.xctoolchain/usr/bin/install_name_tool: warning: changes being made to the file will invalidate the code signature in: /Users/jaydenmanno/AI/MoneyPrinterTurbo/desktop/build/final/stage/lib/libavformat.63.1.101.dylib
    install_name_tool -change "/opt/homebrew/opt/x265/lib/libx265.216.dylib" "@executable_path/../lib/libx265.216.dylib" "/Users/jaydenmanno/AI/MoneyPrinterTurbo/desktop/build/final/stage/lib/libavformat.63.1.101.dylib"
/Applications/Xcode.app/Contents/Developer/Toolchains/XcodeDefault.xctoolchain/usr/bin/install_name_tool: warning: changes being made to the file will invalidate the code signature in: /Users/jaydenmanno/AI/MoneyPrinterTurbo/desktop/build/final/stage/lib/libavformat.63.1.101.dylib
    codesign --force --deep --preserve-metadata=entitlements,requirements,flags,runtime --sign - "/Users/jaydenmanno/AI/MoneyPrinterTurbo/desktop/build/final/stage/lib/libavformat.63.1.101.dylib"
/Users/jaydenmanno/AI/MoneyPrinterTurbo/desktop/build/final/stage/lib/libavformat.63.1.101.dylib: replacing existing signature

* Processing dependency /Users/jaydenmanno/AI/MoneyPrinterTurbo/desktop/build/final/stage/lib/libavfilter.12.1.101.dylib
    cp -f "/opt/homebrew/Cellar/ffmpeg/9.0.1/lib/libavfilter.12.1.101.dylib" "/Users/jaydenmanno/AI/MoneyPrinterTurbo/desktop/build/final/stage/lib/libavfilter.12.1.101.dylib"
    chmod +w "/Users/jaydenmanno/AI/MoneyPrinterTurbo/desktop/build/final/stage/lib/libavfilter.12.1.101.dylib"
    install_name_tool -id "@executable_path/../lib/libavfilter.12.1.101.dylib" "/Users/jaydenmanno/AI/MoneyPrinterTurbo/desktop/build/final/stage/lib/libavfilter.12.1.101.dylib"
/Applications/Xcode.app/Contents/Developer/Toolchains/XcodeDefault.xctoolchain/usr/bin/install_name_tool: warning: changes being made to the file will invalidate the code signature in: /Users/jaydenmanno/AI/MoneyPrinterTurbo/desktop/build/final/stage/lib/libavfilter.12.1.101.dylib
    ..................................
  * Fixing dependencies on /Users/jaydenmanno/AI/MoneyPrinterTurbo/desktop/build/final/stage/lib/libavfilter.12.1.101.dylib
    install_name_tool -change "/opt/homebrew/Cellar/ffmpeg/9.0.1/lib/libswscale.10.1.101.dylib" "@executable_path/../lib/libswscale.10.1.101.dylib" "/Users/jaydenmanno/AI/MoneyPrinterTurbo/desktop/build/final/stage/lib/libavfilter.12.1.101.dylib"
/Applications/Xcode.app/Contents/Developer/Toolchains/XcodeDefault.xctoolchain/usr/bin/install_name_tool: warning: changes being made to the file will invalidate the code signature in: /Users/jaydenmanno/AI/MoneyPrinterTurbo/desktop/build/final/stage/lib/libavfilter.12.1.101.dylib
    install_name_tool -change "/opt/homebrew/Cellar/ffmpeg/9.0.1/lib/libswscale.10.dylib" "@executable_path/../lib/libswscale.10.1.101.dylib" "/Users/jaydenmanno/AI/MoneyPrinterTurbo/desktop/build/final/stage/lib/libavfilter.12.1.101.dylib"
/Applications/Xcode.app/Contents/Developer/Toolchains/XcodeDefault.xctoolchain/usr/bin/install_name_tool: warning: changes being made to the file will invalidate the code signature in: /Users/jaydenmanno/AI/MoneyPrinterTurbo/desktop/build/final/stage/lib/libavfilter.12.1.101.dylib
    install_name_tool -change "/opt/homebrew/Cellar/ffmpeg/9.0.1/lib/libavformat.63.1.101.dylib" "@executable_path/../lib/libavformat.63.1.101.dylib" "/Users/jaydenmanno/AI/MoneyPrinterTurbo/desktop/build/final/stage/lib/libavfilter.12.1.101.dylib"
/Applications/Xcode.app/Contents/Developer/Toolchains/XcodeDefault.xctoolchain/usr/bin/install_name_tool: warning: changes being made to the file will invalidate the code signature in: /Users/jaydenmanno/AI/MoneyPrinterTurbo/desktop/build/final/stage/lib/libavfilter.12.1.101.dylib
    install_name_tool -change "/opt/homebrew/Cellar/ffmpeg/9.0.1/lib/libavformat.63.dylib" "@executable_path/../lib/libavformat.63.1.101.dylib" "/Users/jaydenmanno/AI/MoneyPrinterTurbo/desktop/build/final/stage/lib/libavfilter.12.1.101.dylib"
/Applications/Xcode.app/Contents/Developer/Toolchains/XcodeDefault.xctoolchain/usr/bin/install_name_tool: warning: changes being made to the file will invalidate the code signature in: /Users/jaydenmanno/AI/MoneyPrinterTurbo/desktop/build/final/stage/lib/libavfilter.12.1.101.dylib
    install_name_tool -change "/opt/homebrew/Cellar/ffmpeg/9.0.1/lib/libavcodec.63.1.101.dylib" "@executable_path/../lib/libavcodec.63.1.101.dylib" "/Users/jaydenmanno/AI/MoneyPrinterTurbo/desktop/build/final/stage/lib/libavfilter.12.1.101.dylib"
/Applications/Xcode.app/Contents/Developer/Toolchains/XcodeDefault.xctoolchain/usr/bin/install_name_tool: warning: changes being made to the file will invalidate the code signature in: /Users/jaydenmanno/AI/MoneyPrinterTurbo/desktop/build/final/stage/lib/libavfilter.12.1.101.dylib
    install_name_tool -change "/opt/homebrew/Cellar/ffmpeg/9.0.1/lib/libavcodec.63.dylib" "@executable_path/../lib/libavcodec.63.1.101.dylib" "/Users/jaydenmanno/AI/MoneyPrinterTurbo/desktop/build/final/stage/lib/libavfilter.12.1.101.dylib"
/Applications/Xcode.app/Contents/Developer/Toolchains/XcodeDefault.xctoolchain/usr/bin/install_name_tool: warning: changes being made to the file will invalidate the code signature in: /Users/jaydenmanno/AI/MoneyPrinterTurbo/desktop/build/final/stage/lib/libavfilter.12.1.101.dylib
    install_name_tool -change "/opt/homebrew/Cellar/ffmpeg/9.0.1/lib/libswresample.7.1.101.dylib" "@executable_path/../lib/libswresample.7.1.101.dylib" "/Users/jaydenmanno/AI/MoneyPrinterTurbo/desktop/build/final/stage/lib/libavfilter.12.1.101.dylib"
/Applications/Xcode.app/Contents/Developer/Toolchains/XcodeDefault.xctoolchain/usr/bin/install_name_tool: warning: changes being made to the file will invalidate the code signature in: /Users/jaydenmanno/AI/MoneyPrinterTurbo/desktop/build/final/stage/lib/libavfilter.12.1.101.dylib
    install_name_tool -change "/opt/homebrew/Cellar/ffmpeg/9.0.1/lib/libswresample.7.dylib" "@executable_path/../lib/libswresample.7.1.101.dylib" "/Users/jaydenmanno/AI/MoneyPrinterTurbo/desktop/build/final/stage/lib/libavfilter.12.1.101.dylib"
/Applications/Xcode.app/Contents/Developer/Toolchains/XcodeDefault.xctoolchain/usr/bin/install_name_tool: warning: changes being made to the file will invalidate the code signature in: /Users/jaydenmanno/AI/MoneyPrinterTurbo/desktop/build/final/stage/lib/libavfilter.12.1.101.dylib
    install_name_tool -change "/opt/homebrew/Cellar/ffmpeg/9.0.1/lib/libavutil.61.1.101.dylib" "@executable_path/../lib/libavutil.61.1.101.dylib" "/Users/jaydenmanno/AI/MoneyPrinterTurbo/desktop/build/final/stage/lib/libavfilter.12.1.101.dylib"
/Applications/Xcode.app/Contents/Developer/Toolchains/XcodeDefault.xctoolchain/usr/bin/install_name_tool: warning: changes being made to the file will invalidate the code signature in: /Users/jaydenmanno/AI/MoneyPrinterTurbo/desktop/build/final/stage/lib/libavfilter.12.1.101.dylib
    install_name_tool -change "/opt/homebrew/Cellar/ffmpeg/9.0.1/lib/libavutil.61.dylib" "@executable_path/../lib/libavutil.61.1.101.dylib" "/Users/jaydenmanno/AI/MoneyPrinterTurbo/desktop/build/final/stage/lib/libavfilter.12.1.101.dylib"
/Applications/Xcode.app/Contents/Developer/Toolchains/XcodeDefault.xctoolchain/usr/bin/install_name_tool: warning: changes being made to the file will invalidate the code signature in: /Users/jaydenmanno/AI/MoneyPrinterTurbo/desktop/build/final/stage/lib/libavfilter.12.1.101.dylib
    install_name_tool -change "/opt/homebrew/Cellar/libvmaf/3.2.0/lib/libvmaf.3.dylib" "@executable_path/../lib/libvmaf.3.dylib" "/Users/jaydenmanno/AI/MoneyPrinterTurbo/desktop/build/final/stage/lib/libavfilter.12.1.101.dylib"
/Applications/Xcode.app/Contents/Developer/Toolchains/XcodeDefault.xctoolchain/usr/bin/install_name_tool: warning: changes being made to the file will invalidate the code signature in: /Users/jaydenmanno/AI/MoneyPrinterTurbo/desktop/build/final/stage/lib/libavfilter.12.1.101.dylib
    install_name_tool -change "/opt/homebrew/opt/libvmaf/lib/libvmaf.3.dylib" "@executable_path/../lib/libvmaf.3.dylib" "/Users/jaydenmanno/AI/MoneyPrinterTurbo/desktop/build/final/stage/lib/libavfilter.12.1.101.dylib"
/Applications/Xcode.app/Contents/Developer/Toolchains/XcodeDefault.xctoolchain/usr/bin/install_name_tool: warning: changes being made to the file will invalidate the code signature in: /Users/jaydenmanno/AI/MoneyPrinterTurbo/desktop/build/final/stage/lib/libavfilter.12.1.101.dylib
    install_name_tool -change "/opt/homebrew/Cellar/openssl@3/3.6.3/lib/libssl.3.dylib" "@executable_path/../lib/libssl.3.dylib" "/Users/jaydenmanno/AI/MoneyPrinterTurbo/desktop/build/final/stage/lib/libavfilter.12.1.101.dylib"
/Applications/Xcode.app/Contents/Developer/Toolchains/XcodeDefault.xctoolchain/usr/bin/install_name_tool: warning: changes being made to the file will invalidate the code signature in: /Users/jaydenmanno/AI/MoneyPrinterTurbo/desktop/build/final/stage/lib/libavfilter.12.1.101.dylib
    install_name_tool -change "/opt/homebrew/opt/openssl@3/lib/libssl.3.dylib" "@executable_path/../lib/libssl.3.dylib" "/Users/jaydenmanno/AI/MoneyPrinterTurbo/desktop/build/final/stage/lib/libavfilter.12.1.101.dylib"
/Applications/Xcode.app/Contents/Developer/Toolchains/XcodeDefault.xctoolchain/usr/bin/install_name_tool: warning: changes being made to the file will invalidate the code signature in: /Users/jaydenmanno/AI/MoneyPrinterTurbo/desktop/build/final/stage/lib/libavfilter.12.1.101.dylib
    install_name_tool -change "/opt/homebrew/Cellar/openssl@3/3.6.3/lib/libcrypto.3.dylib" "@executable_path/../lib/libcrypto.3.dylib" "/Users/jaydenmanno/AI/MoneyPrinterTurbo/desktop/build/final/stage/lib/libavfilter.12.1.101.dylib"
/Applications/Xcode.app/Contents/Developer/Toolchains/XcodeDefault.xctoolchain/usr/bin/install_name_tool: warning: changes being made to the file will invalidate the code signature in: /Users/jaydenmanno/AI/MoneyPrinterTurbo/desktop/build/final/stage/lib/libavfilter.12.1.101.dylib
    install_name_tool -change "/opt/homebrew/opt/openssl@3/lib/libcrypto.3.dylib" "@executable_path/../lib/libcrypto.3.dylib" "/Users/jaydenmanno/AI/MoneyPrinterTurbo/desktop/build/final/stage/lib/libavfilter.12.1.101.dylib"
/Applications/Xcode.app/Contents/Developer/Toolchains/XcodeDefault.xctoolchain/usr/bin/install_name_tool: warning: changes being made to the file will invalidate the code signature in: /Users/jaydenmanno/AI/MoneyPrinterTurbo/desktop/build/final/stage/lib/libavfilter.12.1.101.dylib
    install_name_tool -change "/opt/homebrew/Cellar/libvpx/1.16.0/lib/libvpx.12.dylib" "@executable_path/../lib/libvpx.12.dylib" "/Users/jaydenmanno/AI/MoneyPrinterTurbo/desktop/build/final/stage/lib/libavfilter.12.1.101.dylib"
/Applications/Xcode.app/Contents/Developer/Toolchains/XcodeDefault.xctoolchain/usr/bin/install_name_tool: warning: changes being made to the file will invalidate the code signature in: /Users/jaydenmanno/AI/MoneyPrinterTurbo/desktop/build/final/stage/lib/libavfilter.12.1.101.dylib
    install_name_tool -change "/opt/homebrew/opt/libvpx/lib/libvpx.12.dylib" "@executable_path/../lib/libvpx.12.dylib" "/Users/jaydenmanno/AI/MoneyPrinterTurbo/desktop/build/final/stage/lib/libavfilter.12.1.101.dylib"
/Applications/Xcode.app/Contents/Developer/Toolchains/XcodeDefault.xctoolchain/usr/bin/install_name_tool: warning: changes being made to the file will invalidate the code signature in: /Users/jaydenmanno/AI/MoneyPrinterTurbo/desktop/build/final/stage/lib/libavfilter.12.1.101.dylib
    install_name_tool -change "/opt/homebrew/Cellar/xz/5.8.3/lib/liblzma.5.dylib" "@executable_path/../lib/liblzma.5.dylib" "/Users/jaydenmanno/AI/MoneyPrinterTurbo/desktop/build/final/stage/lib/libavfilter.12.1.101.dylib"
/Applications/Xcode.app/Contents/Developer/Toolchains/XcodeDefault.xctoolchain/usr/bin/install_name_tool: warning: changes being made to the file will invalidate the code signature in: /Users/jaydenmanno/AI/MoneyPrinterTurbo/desktop/build/final/stage/lib/libavfilter.12.1.101.dylib
    install_name_tool -change "/opt/homebrew/opt/xz/lib/liblzma.5.dylib" "@executable_path/../lib/liblzma.5.dylib" "/Users/jaydenmanno/AI/MoneyPrinterTurbo/desktop/build/final/stage/lib/libavfilter.12.1.101.dylib"
/Applications/Xcode.app/Contents/Developer/Toolchains/XcodeDefault.xctoolchain/usr/bin/install_name_tool: warning: changes being made to the file will invalidate the code signature in: /Users/jaydenmanno/AI/MoneyPrinterTurbo/desktop/build/final/stage/lib/libavfilter.12.1.101.dylib
    install_name_tool -change "/opt/homebrew/Cellar/dav1d/1.5.4/lib/libdav1d.7.dylib" "@executable_path/../lib/libdav1d.7.dylib" "/Users/jaydenmanno/AI/MoneyPrinterTurbo/desktop/build/final/stage/lib/libavfilter.12.1.101.dylib"
/Applications/Xcode.app/Contents/Developer/Toolchains/XcodeDefault.xctoolchain/usr/bin/install_name_tool: warning: changes being made to the file will invalidate the code signature in: /Users/jaydenmanno/AI/MoneyPrinterTurbo/desktop/build/final/stage/lib/libavfilter.12.1.101.dylib
    install_name_tool -change "/opt/homebrew/opt/dav1d/lib/libdav1d.7.dylib" "@executable_path/../lib/libdav1d.7.dylib" "/Users/jaydenmanno/AI/MoneyPrinterTurbo/desktop/build/final/stage/lib/libavfilter.12.1.101.dylib"
/Applications/Xcode.app/Contents/Developer/Toolchains/XcodeDefault.xctoolchain/usr/bin/install_name_tool: warning: changes being made to the file will invalidate the code signature in: /Users/jaydenmanno/AI/MoneyPrinterTurbo/desktop/build/final/stage/lib/libavfilter.12.1.101.dylib
    install_name_tool -change "/opt/homebrew/Cellar/lame/4.0/lib/libmp3lame.0.dylib" "@executable_path/../lib/libmp3lame.0.dylib" "/Users/jaydenmanno/AI/MoneyPrinterTurbo/desktop/build/final/stage/lib/libavfilter.12.1.101.dylib"
/Applications/Xcode.app/Contents/Developer/Toolchains/XcodeDefault.xctoolchain/usr/bin/install_name_tool: warning: changes being made to the file will invalidate the code signature in: /Users/jaydenmanno/AI/MoneyPrinterTurbo/desktop/build/final/stage/lib/libavfilter.12.1.101.dylib
    install_name_tool -change "/opt/homebrew/opt/lame/lib/libmp3lame.0.dylib" "@executable_path/../lib/libmp3lame.0.dylib" "/Users/jaydenmanno/AI/MoneyPrinterTurbo/desktop/build/final/stage/lib/libavfilter.12.1.101.dylib"
/Applications/Xcode.app/Contents/Developer/Toolchains/XcodeDefault.xctoolchain/usr/bin/install_name_tool: warning: changes being made to the file will invalidate the code signature in: /Users/jaydenmanno/AI/MoneyPrinterTurbo/desktop/build/final/stage/lib/libavfilter.12.1.101.dylib
    install_name_tool -change "/opt/homebrew/Cellar/opus/1.6.1/lib/libopus.0.dylib" "@executable_path/../lib/libopus.0.dylib" "/Users/jaydenmanno/AI/MoneyPrinterTurbo/desktop/build/final/stage/lib/libavfilter.12.1.101.dylib"
/Applications/Xcode.app/Contents/Developer/Toolchains/XcodeDefault.xctoolchain/usr/bin/install_name_tool: warning: changes being made to the file will invalidate the code signature in: /Users/jaydenmanno/AI/MoneyPrinterTurbo/desktop/build/final/stage/lib/libavfilter.12.1.101.dylib
    install_name_tool -change "/opt/homebrew/opt/opus/lib/libopus.0.dylib" "@executable_path/../lib/libopus.0.dylib" "/Users/jaydenmanno/AI/MoneyPrinterTurbo/desktop/build/final/stage/lib/libavfilter.12.1.101.dylib"
/Applications/Xcode.app/Contents/Developer/Toolchains/XcodeDefault.xctoolchain/usr/bin/install_name_tool: warning: changes being made to the file will invalidate the code signature in: /Users/jaydenmanno/AI/MoneyPrinterTurbo/desktop/build/final/stage/lib/libavfilter.12.1.101.dylib
    install_name_tool -change "/opt/homebrew/Cellar/svt-av1/4.2.0/lib/libSvtAv1Enc.4.2.0.dylib" "@executable_path/../lib/libSvtAv1Enc.4.2.0.dylib" "/Users/jaydenmanno/AI/MoneyPrinterTurbo/desktop/build/final/stage/lib/libavfilter.12.1.101.dylib"
/Applications/Xcode.app/Contents/Developer/Toolchains/XcodeDefault.xctoolchain/usr/bin/install_name_tool: warning: changes being made to the file will invalidate the code signature in: /Users/jaydenmanno/AI/MoneyPrinterTurbo/desktop/build/final/stage/lib/libavfilter.12.1.101.dylib
    install_name_tool -change "/opt/homebrew/opt/svt-av1/lib/libSvtAv1Enc.4.dylib" "@executable_path/../lib/libSvtAv1Enc.4.2.0.dylib" "/Users/jaydenmanno/AI/MoneyPrinterTurbo/desktop/build/final/stage/lib/libavfilter.12.1.101.dylib"
/Applications/Xcode.app/Contents/Developer/Toolchains/XcodeDefault.xctoolchain/usr/bin/install_name_tool: warning: changes being made to the file will invalidate the code signature in: /Users/jaydenmanno/AI/MoneyPrinterTurbo/desktop/build/final/stage/lib/libavfilter.12.1.101.dylib
    install_name_tool -change "/opt/homebrew/Cellar/x264/r3222/lib/libx264.165.dylib" "@executable_path/../lib/libx264.165.dylib" "/Users/jaydenmanno/AI/MoneyPrinterTurbo/desktop/build/final/stage/lib/libavfilter.12.1.101.dylib"
/Applications/Xcode.app/Contents/Developer/Toolchains/XcodeDefault.xctoolchain/usr/bin/install_name_tool: warning: changes being made to the file will invalidate the code signature in: /Users/jaydenmanno/AI/MoneyPrinterTurbo/desktop/build/final/stage/lib/libavfilter.12.1.101.dylib
    install_name_tool -change "/opt/homebrew/opt/x264/lib/libx264.165.dylib" "@executable_path/../lib/libx264.165.dylib" "/Users/jaydenmanno/AI/MoneyPrinterTurbo/desktop/build/final/stage/lib/libavfilter.12.1.101.dylib"
/Applications/Xcode.app/Contents/Developer/Toolchains/XcodeDefault.xctoolchain/usr/bin/install_name_tool: warning: changes being made to the file will invalidate the code signature in: /Users/jaydenmanno/AI/MoneyPrinterTurbo/desktop/build/final/stage/lib/libavfilter.12.1.101.dylib
    install_name_tool -change "/opt/homebrew/Cellar/x265/4.2/lib/libx265.216.dylib" "@executable_path/../lib/libx265.216.dylib" "/Users/jaydenmanno/AI/MoneyPrinterTurbo/desktop/build/final/stage/lib/libavfilter.12.1.101.dylib"
/Applications/Xcode.app/Contents/Developer/Toolchains/XcodeDefault.xctoolchain/usr/bin/install_name_tool: warning: changes being made to the file will invalidate the code signature in: /Users/jaydenmanno/AI/MoneyPrinterTurbo/desktop/build/final/stage/lib/libavfilter.12.1.101.dylib
    install_name_tool -change "/opt/homebrew/opt/x265/lib/libx265.216.dylib" "@executable_path/../lib/libx265.216.dylib" "/Users/jaydenmanno/AI/MoneyPrinterTurbo/desktop/build/final/stage/lib/libavfilter.12.1.101.dylib"
/Applications/Xcode.app/Contents/Developer/Toolchains/XcodeDefault.xctoolchain/usr/bin/install_name_tool: warning: changes being made to the file will invalidate the code signature in: /Users/jaydenmanno/AI/MoneyPrinterTurbo/desktop/build/final/stage/lib/libavfilter.12.1.101.dylib
    codesign --force --deep --preserve-metadata=entitlements,requirements,flags,runtime --sign - "/Users/jaydenmanno/AI/MoneyPrinterTurbo/desktop/build/final/stage/lib/libavfilter.12.1.101.dylib"
/Users/jaydenmanno/AI/MoneyPrinterTurbo/desktop/build/final/stage/lib/libavfilter.12.1.101.dylib: replacing existing signature

* Processing dependency /Users/jaydenmanno/AI/MoneyPrinterTurbo/desktop/build/final/stage/lib/libavdevice.63.1.101.dylib
    cp -f "/opt/homebrew/Cellar/ffmpeg/9.0.1/lib/libavdevice.63.1.101.dylib" "/Users/jaydenmanno/AI/MoneyPrinterTurbo/desktop/build/final/stage/lib/libavdevice.63.1.101.dylib"
    chmod +w "/Users/jaydenmanno/AI/MoneyPrinterTurbo/desktop/build/final/stage/lib/libavdevice.63.1.101.dylib"
    install_name_tool -id "@executable_path/../lib/libavdevice.63.1.101.dylib" "/Users/jaydenmanno/AI/MoneyPrinterTurbo/desktop/build/final/stage/lib/libavdevice.63.1.101.dylib"
/Applications/Xcode.app/Contents/Developer/Toolchains/XcodeDefault.xctoolchain/usr/bin/install_name_tool: warning: changes being made to the file will invalidate the code signature in: /Users/jaydenmanno/AI/MoneyPrinterTurbo/desktop/build/final/stage/lib/libavdevice.63.1.101.dylib
    .....................................
  * Fixing dependencies on /Users/jaydenmanno/AI/MoneyPrinterTurbo/desktop/build/final/stage/lib/libavdevice.63.1.101.dylib
    install_name_tool -change "/opt/homebrew/Cellar/ffmpeg/9.0.1/lib/libavfilter.12.1.101.dylib" "@executable_path/../lib/libavfilter.12.1.101.dylib" "/Users/jaydenmanno/AI/MoneyPrinterTurbo/desktop/build/final/stage/lib/libavdevice.63.1.101.dylib"
/Applications/Xcode.app/Contents/Developer/Toolchains/XcodeDefault.xctoolchain/usr/bin/install_name_tool: warning: changes being made to the file will invalidate the code signature in: /Users/jaydenmanno/AI/MoneyPrinterTurbo/desktop/build/final/stage/lib/libavdevice.63.1.101.dylib
    install_name_tool -change "/opt/homebrew/Cellar/ffmpeg/9.0.1/lib/libavfilter.12.dylib" "@executable_path/../lib/libavfilter.12.1.101.dylib" "/Users/jaydenmanno/AI/MoneyPrinterTurbo/desktop/build/final/stage/lib/libavdevice.63.1.101.dylib"
/Applications/Xcode.app/Contents/Developer/Toolchains/XcodeDefault.xctoolchain/usr/bin/install_name_tool: warning: changes being made to the file will invalidate the code signature in: /Users/jaydenmanno/AI/MoneyPrinterTurbo/desktop/build/final/stage/lib/libavdevice.63.1.101.dylib
    install_name_tool -change "/opt/homebrew/Cellar/ffmpeg/9.0.1/lib/libswscale.10.1.101.dylib" "@executable_path/../lib/libswscale.10.1.101.dylib" "/Users/jaydenmanno/AI/MoneyPrinterTurbo/desktop/build/final/stage/lib/libavdevice.63.1.101.dylib"
/Applications/Xcode.app/Contents/Developer/Toolchains/XcodeDefault.xctoolchain/usr/bin/install_name_tool: warning: changes being made to the file will invalidate the code signature in: /Users/jaydenmanno/AI/MoneyPrinterTurbo/desktop/build/final/stage/lib/libavdevice.63.1.101.dylib
    install_name_tool -change "/opt/homebrew/Cellar/ffmpeg/9.0.1/lib/libswscale.10.dylib" "@executable_path/../lib/libswscale.10.1.101.dylib" "/Users/jaydenmanno/AI/MoneyPrinterTurbo/desktop/build/final/stage/lib/libavdevice.63.1.101.dylib"
/Applications/Xcode.app/Contents/Developer/Toolchains/XcodeDefault.xctoolchain/usr/bin/install_name_tool: warning: changes being made to the file will invalidate the code signature in: /Users/jaydenmanno/AI/MoneyPrinterTurbo/desktop/build/final/stage/lib/libavdevice.63.1.101.dylib
    install_name_tool -change "/opt/homebrew/Cellar/ffmpeg/9.0.1/lib/libavformat.63.1.101.dylib" "@executable_path/../lib/libavformat.63.1.101.dylib" "/Users/jaydenmanno/AI/MoneyPrinterTurbo/desktop/build/final/stage/lib/libavdevice.63.1.101.dylib"
/Applications/Xcode.app/Contents/Developer/Toolchains/XcodeDefault.xctoolchain/usr/bin/install_name_tool: warning: changes being made to the file will invalidate the code signature in: /Users/jaydenmanno/AI/MoneyPrinterTurbo/desktop/build/final/stage/lib/libavdevice.63.1.101.dylib
    install_name_tool -change "/opt/homebrew/Cellar/ffmpeg/9.0.1/lib/libavformat.63.dylib" "@executable_path/../lib/libavformat.63.1.101.dylib" "/Users/jaydenmanno/AI/MoneyPrinterTurbo/desktop/build/final/stage/lib/libavdevice.63.1.101.dylib"
/Applications/Xcode.app/Contents/Developer/Toolchains/XcodeDefault.xctoolchain/usr/bin/install_name_tool: warning: changes being made to the file will invalidate the code signature in: /Users/jaydenmanno/AI/MoneyPrinterTurbo/desktop/build/final/stage/lib/libavdevice.63.1.101.dylib
    install_name_tool -change "/opt/homebrew/Cellar/ffmpeg/9.0.1/lib/libavcodec.63.1.101.dylib" "@executable_path/../lib/libavcodec.63.1.101.dylib" "/Users/jaydenmanno/AI/MoneyPrinterTurbo/desktop/build/final/stage/lib/libavdevice.63.1.101.dylib"
/Applications/Xcode.app/Contents/Developer/Toolchains/XcodeDefault.xctoolchain/usr/bin/install_name_tool: warning: changes being made to the file will invalidate the code signature in: /Users/jaydenmanno/AI/MoneyPrinterTurbo/desktop/build/final/stage/lib/libavdevice.63.1.101.dylib
    install_name_tool -change "/opt/homebrew/Cellar/ffmpeg/9.0.1/lib/libavcodec.63.dylib" "@executable_path/../lib/libavcodec.63.1.101.dylib" "/Users/jaydenmanno/AI/MoneyPrinterTurbo/desktop/build/final/stage/lib/libavdevice.63.1.101.dylib"
/Applications/Xcode.app/Contents/Developer/Toolchains/XcodeDefault.xctoolchain/usr/bin/install_name_tool: warning: changes being made to the file will invalidate the code signature in: /Users/jaydenmanno/AI/MoneyPrinterTurbo/desktop/build/final/stage/lib/libavdevice.63.1.101.dylib
    install_name_tool -change "/opt/homebrew/Cellar/ffmpeg/9.0.1/lib/libswresample.7.1.101.dylib" "@executable_path/../lib/libswresample.7.1.101.dylib" "/Users/jaydenmanno/AI/MoneyPrinterTurbo/desktop/build/final/stage/lib/libavdevice.63.1.101.dylib"
/Applications/Xcode.app/Contents/Developer/Toolchains/XcodeDefault.xctoolchain/usr/bin/install_name_tool: warning: changes being made to the file will invalidate the code signature in: /Users/jaydenmanno/AI/MoneyPrinterTurbo/desktop/build/final/stage/lib/libavdevice.63.1.101.dylib
    install_name_tool -change "/opt/homebrew/Cellar/ffmpeg/9.0.1/lib/libswresample.7.dylib" "@executable_path/../lib/libswresample.7.1.101.dylib" "/Users/jaydenmanno/AI/MoneyPrinterTurbo/desktop/build/final/stage/lib/libavdevice.63.1.101.dylib"
/Applications/Xcode.app/Contents/Developer/Toolchains/XcodeDefault.xctoolchain/usr/bin/install_name_tool: warning: changes being made to the file will invalidate the code signature in: /Users/jaydenmanno/AI/MoneyPrinterTurbo/desktop/build/final/stage/lib/libavdevice.63.1.101.dylib
    install_name_tool -change "/opt/homebrew/Cellar/ffmpeg/9.0.1/lib/libavutil.61.1.101.dylib" "@executable_path/../lib/libavutil.61.1.101.dylib" "/Users/jaydenmanno/AI/MoneyPrinterTurbo/desktop/build/final/stage/lib/libavdevice.63.1.101.dylib"
/Applications/Xcode.app/Contents/Developer/Toolchains/XcodeDefault.xctoolchain/usr/bin/install_name_tool: warning: changes being made to the file will invalidate the code signature in: /Users/jaydenmanno/AI/MoneyPrinterTurbo/desktop/build/final/stage/lib/libavdevice.63.1.101.dylib
    install_name_tool -change "/opt/homebrew/Cellar/ffmpeg/9.0.1/lib/libavutil.61.dylib" "@executable_path/../lib/libavutil.61.1.101.dylib" "/Users/jaydenmanno/AI/MoneyPrinterTurbo/desktop/build/final/stage/lib/libavdevice.63.1.101.dylib"
/Applications/Xcode.app/Contents/Developer/Toolchains/XcodeDefault.xctoolchain/usr/bin/install_name_tool: warning: changes being made to the file will invalidate the code signature in: /Users/jaydenmanno/AI/MoneyPrinterTurbo/desktop/build/final/stage/lib/libavdevice.63.1.101.dylib
    install_name_tool -change "/opt/homebrew/Cellar/libvmaf/3.2.0/lib/libvmaf.3.dylib" "@executable_path/../lib/libvmaf.3.dylib" "/Users/jaydenmanno/AI/MoneyPrinterTurbo/desktop/build/final/stage/lib/libavdevice.63.1.101.dylib"
/Applications/Xcode.app/Contents/Developer/Toolchains/XcodeDefault.xctoolchain/usr/bin/install_name_tool: warning: changes being made to the file will invalidate the code signature in: /Users/jaydenmanno/AI/MoneyPrinterTurbo/desktop/build/final/stage/lib/libavdevice.63.1.101.dylib
    install_name_tool -change "/opt/homebrew/opt/libvmaf/lib/libvmaf.3.dylib" "@executable_path/../lib/libvmaf.3.dylib" "/Users/jaydenmanno/AI/MoneyPrinterTurbo/desktop/build/final/stage/lib/libavdevice.63.1.101.dylib"
/Applications/Xcode.app/Contents/Developer/Toolchains/XcodeDefault.xctoolchain/usr/bin/install_name_tool: warning: changes being made to the file will invalidate the code signature in: /Users/jaydenmanno/AI/MoneyPrinterTurbo/desktop/build/final/stage/lib/libavdevice.63.1.101.dylib
    install_name_tool -change "/opt/homebrew/Cellar/openssl@3/3.6.3/lib/libssl.3.dylib" "@executable_path/../lib/libssl.3.dylib" "/Users/jaydenmanno/AI/MoneyPrinterTurbo/desktop/build/final/stage/lib/libavdevice.63.1.101.dylib"
/Applications/Xcode.app/Contents/Developer/Toolchains/XcodeDefault.xctoolchain/usr/bin/install_name_tool: warning: changes being made to the file will invalidate the code signature in: /Users/jaydenmanno/AI/MoneyPrinterTurbo/desktop/build/final/stage/lib/libavdevice.63.1.101.dylib
    install_name_tool -change "/opt/homebrew/opt/openssl@3/lib/libssl.3.dylib" "@executable_path/../lib/libssl.3.dylib" "/Users/jaydenmanno/AI/MoneyPrinterTurbo/desktop/build/final/stage/lib/libavdevice.63.1.101.dylib"
/Applications/Xcode.app/Contents/Developer/Toolchains/XcodeDefault.xctoolchain/usr/bin/install_name_tool: warning: changes being made to the file will invalidate the code signature in: /Users/jaydenmanno/AI/MoneyPrinterTurbo/desktop/build/final/stage/lib/libavdevice.63.1.101.dylib
    install_name_tool -change "/opt/homebrew/Cellar/openssl@3/3.6.3/lib/libcrypto.3.dylib" "@executable_path/../lib/libcrypto.3.dylib" "/Users/jaydenmanno/AI/MoneyPrinterTurbo/desktop/build/final/stage/lib/libavdevice.63.1.101.dylib"
/Applications/Xcode.app/Contents/Developer/Toolchains/XcodeDefault.xctoolchain/usr/bin/install_name_tool: warning: changes being made to the file will invalidate the code signature in: /Users/jaydenmanno/AI/MoneyPrinterTurbo/desktop/build/final/stage/lib/libavdevice.63.1.101.dylib
    install_name_tool -change "/opt/homebrew/opt/openssl@3/lib/libcrypto.3.dylib" "@executable_path/../lib/libcrypto.3.dylib" "/Users/jaydenmanno/AI/MoneyPrinterTurbo/desktop/build/final/stage/lib/libavdevice.63.1.101.dylib"
/Applications/Xcode.app/Contents/Developer/Toolchains/XcodeDefault.xctoolchain/usr/bin/install_name_tool: warning: changes being made to the file will invalidate the code signature in: /Users/jaydenmanno/AI/MoneyPrinterTurbo/desktop/build/final/stage/lib/libavdevice.63.1.101.dylib
    install_name_tool -change "/opt/homebrew/Cellar/libvpx/1.16.0/lib/libvpx.12.dylib" "@executable_path/../lib/libvpx.12.dylib" "/Users/jaydenmanno/AI/MoneyPrinterTurbo/desktop/build/final/stage/lib/libavdevice.63.1.101.dylib"
/Applications/Xcode.app/Contents/Developer/Toolchains/XcodeDefault.xctoolchain/usr/bin/install_name_tool: warning: changes being made to the file will invalidate the code signature in: /Users/jaydenmanno/AI/MoneyPrinterTurbo/desktop/build/final/stage/lib/libavdevice.63.1.101.dylib
    install_name_tool -change "/opt/homebrew/opt/libvpx/lib/libvpx.12.dylib" "@executable_path/../lib/libvpx.12.dylib" "/Users/jaydenmanno/AI/MoneyPrinterTurbo/desktop/build/final/stage/lib/libavdevice.63.1.101.dylib"
/Applications/Xcode.app/Contents/Developer/Toolchains/XcodeDefault.xctoolchain/usr/bin/install_name_tool: warning: changes being made to the file will invalidate the code signature in: /Users/jaydenmanno/AI/MoneyPrinterTurbo/desktop/build/final/stage/lib/libavdevice.63.1.101.dylib
    install_name_tool -change "/opt/homebrew/Cellar/xz/5.8.3/lib/liblzma.5.dylib" "@executable_path/../lib/liblzma.5.dylib" "/Users/jaydenmanno/AI/MoneyPrinterTurbo/desktop/build/final/stage/lib/libavdevice.63.1.101.dylib"
/Applications/Xcode.app/Contents/Developer/Toolchains/XcodeDefault.xctoolchain/usr/bin/install_name_tool: warning: changes being made to the file will invalidate the code signature in: /Users/jaydenmanno/AI/MoneyPrinterTurbo/desktop/build/final/stage/lib/libavdevice.63.1.101.dylib
    install_name_tool -change "/opt/homebrew/opt/xz/lib/liblzma.5.dylib" "@executable_path/../lib/liblzma.5.dylib" "/Users/jaydenmanno/AI/MoneyPrinterTurbo/desktop/build/final/stage/lib/libavdevice.63.1.101.dylib"
/Applications/Xcode.app/Contents/Developer/Toolchains/XcodeDefault.xctoolchain/usr/bin/install_name_tool: warning: changes being made to the file will invalidate the code signature in: /Users/jaydenmanno/AI/MoneyPrinterTurbo/desktop/build/final/stage/lib/libavdevice.63.1.101.dylib
    install_name_tool -change "/opt/homebrew/Cellar/dav1d/1.5.4/lib/libdav1d.7.dylib" "@executable_path/../lib/libdav1d.7.dylib" "/Users/jaydenmanno/AI/MoneyPrinterTurbo/desktop/build/final/stage/lib/libavdevice.63.1.101.dylib"
/Applications/Xcode.app/Contents/Developer/Toolchains/XcodeDefault.xctoolchain/usr/bin/install_name_tool: warning: changes being made to the file will invalidate the code signature in: /Users/jaydenmanno/AI/MoneyPrinterTurbo/desktop/build/final/stage/lib/libavdevice.63.1.101.dylib
    install_name_tool -change "/opt/homebrew/opt/dav1d/lib/libdav1d.7.dylib" "@executable_path/../lib/libdav1d.7.dylib" "/Users/jaydenmanno/AI/MoneyPrinterTurbo/desktop/build/final/stage/lib/libavdevice.63.1.101.dylib"
/Applications/Xcode.app/Contents/Developer/Toolchains/XcodeDefault.xctoolchain/usr/bin/install_name_tool: warning: changes being made to the file will invalidate the code signature in: /Users/jaydenmanno/AI/MoneyPrinterTurbo/desktop/build/final/stage/lib/libavdevice.63.1.101.dylib
    install_name_tool -change "/opt/homebrew/Cellar/lame/4.0/lib/libmp3lame.0.dylib" "@executable_path/../lib/libmp3lame.0.dylib" "/Users/jaydenmanno/AI/MoneyPrinterTurbo/desktop/build/final/stage/lib/libavdevice.63.1.101.dylib"
/Applications/Xcode.app/Contents/Developer/Toolchains/XcodeDefault.xctoolchain/usr/bin/install_name_tool: warning: changes being made to the file will invalidate the code signature in: /Users/jaydenmanno/AI/MoneyPrinterTurbo/desktop/build/final/stage/lib/libavdevice.63.1.101.dylib
    install_name_tool -change "/opt/homebrew/opt/lame/lib/libmp3lame.0.dylib" "@executable_path/../lib/libmp3lame.0.dylib" "/Users/jaydenmanno/AI/MoneyPrinterTurbo/desktop/build/final/stage/lib/libavdevice.63.1.101.dylib"
/Applications/Xcode.app/Contents/Developer/Toolchains/XcodeDefault.xctoolchain/usr/bin/install_name_tool: warning: changes being made to the file will invalidate the code signature in: /Users/jaydenmanno/AI/MoneyPrinterTurbo/desktop/build/final/stage/lib/libavdevice.63.1.101.dylib
    install_name_tool -change "/opt/homebrew/Cellar/opus/1.6.1/lib/libopus.0.dylib" "@executable_path/../lib/libopus.0.dylib" "/Users/jaydenmanno/AI/MoneyPrinterTurbo/desktop/build/final/stage/lib/libavdevice.63.1.101.dylib"
/Applications/Xcode.app/Contents/Developer/Toolchains/XcodeDefault.xctoolchain/usr/bin/install_name_tool: warning: changes being made to the file will invalidate the code signature in: /Users/jaydenmanno/AI/MoneyPrinterTurbo/desktop/build/final/stage/lib/libavdevice.63.1.101.dylib
    install_name_tool -change "/opt/homebrew/opt/opus/lib/libopus.0.dylib" "@executable_path/../lib/libopus.0.dylib" "/Users/jaydenmanno/AI/MoneyPrinterTurbo/desktop/build/final/stage/lib/libavdevice.63.1.101.dylib"
/Applications/Xcode.app/Contents/Developer/Toolchains/XcodeDefault.xctoolchain/usr/bin/install_name_tool: warning: changes being made to the file will invalidate the code signature in: /Users/jaydenmanno/AI/MoneyPrinterTurbo/desktop/build/final/stage/lib/libavdevice.63.1.101.dylib
    install_name_tool -change "/opt/homebrew/Cellar/svt-av1/4.2.0/lib/libSvtAv1Enc.4.2.0.dylib" "@executable_path/../lib/libSvtAv1Enc.4.2.0.dylib" "/Users/jaydenmanno/AI/MoneyPrinterTurbo/desktop/build/final/stage/lib/libavdevice.63.1.101.dylib"
/Applications/Xcode.app/Contents/Developer/Toolchains/XcodeDefault.xctoolchain/usr/bin/install_name_tool: warning: changes being made to the file will invalidate the code signature in: /Users/jaydenmanno/AI/MoneyPrinterTurbo/desktop/build/final/stage/lib/libavdevice.63.1.101.dylib
    install_name_tool -change "/opt/homebrew/opt/svt-av1/lib/libSvtAv1Enc.4.dylib" "@executable_path/../lib/libSvtAv1Enc.4.2.0.dylib" "/Users/jaydenmanno/AI/MoneyPrinterTurbo/desktop/build/final/stage/lib/libavdevice.63.1.101.dylib"
/Applications/Xcode.app/Contents/Developer/Toolchains/XcodeDefault.xctoolchain/usr/bin/install_name_tool: warning: changes being made to the file will invalidate the code signature in: /Users/jaydenmanno/AI/MoneyPrinterTurbo/desktop/build/final/stage/lib/libavdevice.63.1.101.dylib
    install_name_tool -change "/opt/homebrew/Cellar/x264/r3222/lib/libx264.165.dylib" "@executable_path/../lib/libx264.165.dylib" "/Users/jaydenmanno/AI/MoneyPrinterTurbo/desktop/build/final/stage/lib/libavdevice.63.1.101.dylib"
/Applications/Xcode.app/Contents/Developer/Toolchains/XcodeDefault.xctoolchain/usr/bin/install_name_tool: warning: changes being made to the file will invalidate the code signature in: /Users/jaydenmanno/AI/MoneyPrinterTurbo/desktop/build/final/stage/lib/libavdevice.63.1.101.dylib
    install_name_tool -change "/opt/homebrew/opt/x264/lib/libx264.165.dylib" "@executable_path/../lib/libx264.165.dylib" "/Users/jaydenmanno/AI/MoneyPrinterTurbo/desktop/build/final/stage/lib/libavdevice.63.1.101.dylib"
/Applications/Xcode.app/Contents/Developer/Toolchains/XcodeDefault.xctoolchain/usr/bin/install_name_tool: warning: changes being made to the file will invalidate the code signature in: /Users/jaydenmanno/AI/MoneyPrinterTurbo/desktop/build/final/stage/lib/libavdevice.63.1.101.dylib
    install_name_tool -change "/opt/homebrew/Cellar/x265/4.2/lib/libx265.216.dylib" "@executable_path/../lib/libx265.216.dylib" "/Users/jaydenmanno/AI/MoneyPrinterTurbo/desktop/build/final/stage/lib/libavdevice.63.1.101.dylib"
/Applications/Xcode.app/Contents/Developer/Toolchains/XcodeDefault.xctoolchain/usr/bin/install_name_tool: warning: changes being made to the file will invalidate the code signature in: /Users/jaydenmanno/AI/MoneyPrinterTurbo/desktop/build/final/stage/lib/libavdevice.63.1.101.dylib
    install_name_tool -change "/opt/homebrew/opt/x265/lib/libx265.216.dylib" "@executable_path/../lib/libx265.216.dylib" "/Users/jaydenmanno/AI/MoneyPrinterTurbo/desktop/build/final/stage/lib/libavdevice.63.1.101.dylib"
/Applications/Xcode.app/Contents/Developer/Toolchains/XcodeDefault.xctoolchain/usr/bin/install_name_tool: warning: changes being made to the file will invalidate the code signature in: /Users/jaydenmanno/AI/MoneyPrinterTurbo/desktop/build/final/stage/lib/libavdevice.63.1.101.dylib
    codesign --force --deep --preserve-metadata=entitlements,requirements,flags,runtime --sign - "/Users/jaydenmanno/AI/MoneyPrinterTurbo/desktop/build/final/stage/lib/libavdevice.63.1.101.dylib"
/Users/jaydenmanno/AI/MoneyPrinterTurbo/desktop/build/final/stage/lib/libavdevice.63.1.101.dylib: replacing existing signature

* Processing /Users/jaydenmanno/AI/MoneyPrinterTurbo/desktop/build/final/stage/bin/ffprobe
    chmod +w "/Users/jaydenmanno/AI/MoneyPrinterTurbo/desktop/build/final/stage/bin/ffprobe"
  * Fixing dependencies on /Users/jaydenmanno/AI/MoneyPrinterTurbo/desktop/build/final/stage/bin/ffprobe
    install_name_tool -change "/opt/homebrew/Cellar/ffmpeg/9.0.1/lib/libavdevice.63.1.101.dylib" "@executable_path/../lib/libavdevice.63.1.101.dylib" "/Users/jaydenmanno/AI/MoneyPrinterTurbo/desktop/build/final/stage/bin/ffprobe"
/Applications/Xcode.app/Contents/Developer/Toolchains/XcodeDefault.xctoolchain/usr/bin/install_name_tool: warning: changes being made to the file will invalidate the code signature in: /Users/jaydenmanno/AI/MoneyPrinterTurbo/desktop/build/final/stage/bin/ffprobe
    install_name_tool -change "/opt/homebrew/Cellar/ffmpeg/9.0.1/lib/libavdevice.63.dylib" "@executable_path/../lib/libavdevice.63.1.101.dylib" "/Users/jaydenmanno/AI/MoneyPrinterTurbo/desktop/build/final/stage/bin/ffprobe"
/Applications/Xcode.app/Contents/Developer/Toolchains/XcodeDefault.xctoolchain/usr/bin/install_name_tool: warning: changes being made to the file will invalidate the code signature in: /Users/jaydenmanno/AI/MoneyPrinterTurbo/desktop/build/final/stage/bin/ffprobe
    install_name_tool -change "/opt/homebrew/Cellar/ffmpeg/9.0.1/lib/libavfilter.12.1.101.dylib" "@executable_path/../lib/libavfilter.12.1.101.dylib" "/Users/jaydenmanno/AI/MoneyPrinterTurbo/desktop/build/final/stage/bin/ffprobe"
/Applications/Xcode.app/Contents/Developer/Toolchains/XcodeDefault.xctoolchain/usr/bin/install_name_tool: warning: changes being made to the file will invalidate the code signature in: /Users/jaydenmanno/AI/MoneyPrinterTurbo/desktop/build/final/stage/bin/ffprobe
    install_name_tool -change "/opt/homebrew/Cellar/ffmpeg/9.0.1/lib/libavfilter.12.dylib" "@executable_path/../lib/libavfilter.12.1.101.dylib" "/Users/jaydenmanno/AI/MoneyPrinterTurbo/desktop/build/final/stage/bin/ffprobe"
/Applications/Xcode.app/Contents/Developer/Toolchains/XcodeDefault.xctoolchain/usr/bin/install_name_tool: warning: changes being made to the file will invalidate the code signature in: /Users/jaydenmanno/AI/MoneyPrinterTurbo/desktop/build/final/stage/bin/ffprobe
    install_name_tool -change "/opt/homebrew/Cellar/ffmpeg/9.0.1/lib/libavformat.63.1.101.dylib" "@executable_path/../lib/libavformat.63.1.101.dylib" "/Users/jaydenmanno/AI/MoneyPrinterTurbo/desktop/build/final/stage/bin/ffprobe"
/Applications/Xcode.app/Contents/Developer/Toolchains/XcodeDefault.xctoolchain/usr/bin/install_name_tool: warning: changes being made to the file will invalidate the code signature in: /Users/jaydenmanno/AI/MoneyPrinterTurbo/desktop/build/final/stage/bin/ffprobe
    install_name_tool -change "/opt/homebrew/Cellar/ffmpeg/9.0.1/lib/libavformat.63.dylib" "@executable_path/../lib/libavformat.63.1.101.dylib" "/Users/jaydenmanno/AI/MoneyPrinterTurbo/desktop/build/final/stage/bin/ffprobe"
/Applications/Xcode.app/Contents/Developer/Toolchains/XcodeDefault.xctoolchain/usr/bin/install_name_tool: warning: changes being made to the file will invalidate the code signature in: /Users/jaydenmanno/AI/MoneyPrinterTurbo/desktop/build/final/stage/bin/ffprobe
    install_name_tool -change "/opt/homebrew/Cellar/ffmpeg/9.0.1/lib/libavcodec.63.1.101.dylib" "@executable_path/../lib/libavcodec.63.1.101.dylib" "/Users/jaydenmanno/AI/MoneyPrinterTurbo/desktop/build/final/stage/bin/ffprobe"
/Applications/Xcode.app/Contents/Developer/Toolchains/XcodeDefault.xctoolchain/usr/bin/install_name_tool: warning: changes being made to the file will invalidate the code signature in: /Users/jaydenmanno/AI/MoneyPrinterTurbo/desktop/build/final/stage/bin/ffprobe
    install_name_tool -change "/opt/homebrew/Cellar/ffmpeg/9.0.1/lib/libavcodec.63.dylib" "@executable_path/../lib/libavcodec.63.1.101.dylib" "/Users/jaydenmanno/AI/MoneyPrinterTurbo/desktop/build/final/stage/bin/ffprobe"
/Applications/Xcode.app/Contents/Developer/Toolchains/XcodeDefault.xctoolchain/usr/bin/install_name_tool: warning: changes being made to the file will invalidate the code signature in: /Users/jaydenmanno/AI/MoneyPrinterTurbo/desktop/build/final/stage/bin/ffprobe
    install_name_tool -change "/opt/homebrew/Cellar/ffmpeg/9.0.1/lib/libswresample.7.1.101.dylib" "@executable_path/../lib/libswresample.7.1.101.dylib" "/Users/jaydenmanno/AI/MoneyPrinterTurbo/desktop/build/final/stage/bin/ffprobe"
/Applications/Xcode.app/Contents/Developer/Toolchains/XcodeDefault.xctoolchain/usr/bin/install_name_tool: warning: changes being made to the file will invalidate the code signature in: /Users/jaydenmanno/AI/MoneyPrinterTurbo/desktop/build/final/stage/bin/ffprobe
    install_name_tool -change "/opt/homebrew/Cellar/ffmpeg/9.0.1/lib/libswresample.7.dylib" "@executable_path/../lib/libswresample.7.1.101.dylib" "/Users/jaydenmanno/AI/MoneyPrinterTurbo/desktop/build/final/stage/bin/ffprobe"
/Applications/Xcode.app/Contents/Developer/Toolchains/XcodeDefault.xctoolchain/usr/bin/install_name_tool: warning: changes being made to the file will invalidate the code signature in: /Users/jaydenmanno/AI/MoneyPrinterTurbo/desktop/build/final/stage/bin/ffprobe
    install_name_tool -change "/opt/homebrew/Cellar/ffmpeg/9.0.1/lib/libswscale.10.1.101.dylib" "@executable_path/../lib/libswscale.10.1.101.dylib" "/Users/jaydenmanno/AI/MoneyPrinterTurbo/desktop/build/final/stage/bin/ffprobe"
/Applications/Xcode.app/Contents/Developer/Toolchains/XcodeDefault.xctoolchain/usr/bin/install_name_tool: warning: changes being made to the file will invalidate the code signature in: /Users/jaydenmanno/AI/MoneyPrinterTurbo/desktop/build/final/stage/bin/ffprobe
    install_name_tool -change "/opt/homebrew/Cellar/ffmpeg/9.0.1/lib/libswscale.10.dylib" "@executable_path/../lib/libswscale.10.1.101.dylib" "/Users/jaydenmanno/AI/MoneyPrinterTurbo/desktop/build/final/stage/bin/ffprobe"
/Applications/Xcode.app/Contents/Developer/Toolchains/XcodeDefault.xctoolchain/usr/bin/install_name_tool: warning: changes being made to the file will invalidate the code signature in: /Users/jaydenmanno/AI/MoneyPrinterTurbo/desktop/build/final/stage/bin/ffprobe
    install_name_tool -change "/opt/homebrew/Cellar/ffmpeg/9.0.1/lib/libavutil.61.1.101.dylib" "@executable_path/../lib/libavutil.61.1.101.dylib" "/Users/jaydenmanno/AI/MoneyPrinterTurbo/desktop/build/final/stage/bin/ffprobe"
/Applications/Xcode.app/Contents/Developer/Toolchains/XcodeDefault.xctoolchain/usr/bin/install_name_tool: warning: changes being made to the file will invalidate the code signature in: /Users/jaydenmanno/AI/MoneyPrinterTurbo/desktop/build/final/stage/bin/ffprobe
    install_name_tool -change "/opt/homebrew/Cellar/ffmpeg/9.0.1/lib/libavutil.61.dylib" "@executable_path/../lib/libavutil.61.1.101.dylib" "/Users/jaydenmanno/AI/MoneyPrinterTurbo/desktop/build/final/stage/bin/ffprobe"
/Applications/Xcode.app/Contents/Developer/Toolchains/XcodeDefault.xctoolchain/usr/bin/install_name_tool: warning: changes being made to the file will invalidate the code signature in: /Users/jaydenmanno/AI/MoneyPrinterTurbo/desktop/build/final/stage/bin/ffprobe
    install_name_tool -change "/opt/homebrew/Cellar/libvmaf/3.2.0/lib/libvmaf.3.dylib" "@executable_path/../lib/libvmaf.3.dylib" "/Users/jaydenmanno/AI/MoneyPrinterTurbo/desktop/build/final/stage/bin/ffprobe"
/Applications/Xcode.app/Contents/Developer/Toolchains/XcodeDefault.xctoolchain/usr/bin/install_name_tool: warning: changes being made to the file will invalidate the code signature in: /Users/jaydenmanno/AI/MoneyPrinterTurbo/desktop/build/final/stage/bin/ffprobe
    install_name_tool -change "/opt/homebrew/opt/libvmaf/lib/libvmaf.3.dylib" "@executable_path/../lib/libvmaf.3.dylib" "/Users/jaydenmanno/AI/MoneyPrinterTurbo/desktop/build/final/stage/bin/ffprobe"
/Applications/Xcode.app/Contents/Developer/Toolchains/XcodeDefault.xctoolchain/usr/bin/install_name_tool: warning: changes being made to the file will invalidate the code signature in: /Users/jaydenmanno/AI/MoneyPrinterTurbo/desktop/build/final/stage/bin/ffprobe
    install_name_tool -change "/opt/homebrew/Cellar/openssl@3/3.6.3/lib/libssl.3.dylib" "@executable_path/../lib/libssl.3.dylib" "/Users/jaydenmanno/AI/MoneyPrinterTurbo/desktop/build/final/stage/bin/ffprobe"
/Applications/Xcode.app/Contents/Developer/Toolchains/XcodeDefault.xctoolchain/usr/bin/install_name_tool: warning: changes being made to the file will invalidate the code signature in: /Users/jaydenmanno/AI/MoneyPrinterTurbo/desktop/build/final/stage/bin/ffprobe
    install_name_tool -change "/opt/homebrew/opt/openssl@3/lib/libssl.3.dylib" "@executable_path/../lib/libssl.3.dylib" "/Users/jaydenmanno/AI/MoneyPrinterTurbo/desktop/build/final/stage/bin/ffprobe"
/Applications/Xcode.app/Contents/Developer/Toolchains/XcodeDefault.xctoolchain/usr/bin/install_name_tool: warning: changes being made to the file will invalidate the code signature in: /Users/jaydenmanno/AI/MoneyPrinterTurbo/desktop/build/final/stage/bin/ffprobe
    install_name_tool -change "/opt/homebrew/Cellar/openssl@3/3.6.3/lib/libcrypto.3.dylib" "@executable_path/../lib/libcrypto.3.dylib" "/Users/jaydenmanno/AI/MoneyPrinterTurbo/desktop/build/final/stage/bin/ffprobe"
/Applications/Xcode.app/Contents/Developer/Toolchains/XcodeDefault.xctoolchain/usr/bin/install_name_tool: warning: changes being made to the file will invalidate the code signature in: /Users/jaydenmanno/AI/MoneyPrinterTurbo/desktop/build/final/stage/bin/ffprobe
    install_name_tool -change "/opt/homebrew/opt/openssl@3/lib/libcrypto.3.dylib" "@executable_path/../lib/libcrypto.3.dylib" "/Users/jaydenmanno/AI/MoneyPrinterTurbo/desktop/build/final/stage/bin/ffprobe"
/Applications/Xcode.app/Contents/Developer/Toolchains/XcodeDefault.xctoolchain/usr/bin/install_name_tool: warning: changes being made to the file will invalidate the code signature in: /Users/jaydenmanno/AI/MoneyPrinterTurbo/desktop/build/final/stage/bin/ffprobe
    install_name_tool -change "/opt/homebrew/Cellar/libvpx/1.16.0/lib/libvpx.12.dylib" "@executable_path/../lib/libvpx.12.dylib" "/Users/jaydenmanno/AI/MoneyPrinterTurbo/desktop/build/final/stage/bin/ffprobe"
/Applications/Xcode.app/Contents/Developer/Toolchains/XcodeDefault.xctoolchain/usr/bin/install_name_tool: warning: changes being made to the file will invalidate the code signature in: /Users/jaydenmanno/AI/MoneyPrinterTurbo/desktop/build/final/stage/bin/ffprobe
    install_name_tool -change "/opt/homebrew/opt/libvpx/lib/libvpx.12.dylib" "@executable_path/../lib/libvpx.12.dylib" "/Users/jaydenmanno/AI/MoneyPrinterTurbo/desktop/build/final/stage/bin/ffprobe"
/Applications/Xcode.app/Contents/Developer/Toolchains/XcodeDefault.xctoolchain/usr/bin/install_name_tool: warning: changes being made to the file will invalidate the code signature in: /Users/jaydenmanno/AI/MoneyPrinterTurbo/desktop/build/final/stage/bin/ffprobe
    install_name_tool -change "/opt/homebrew/Cellar/xz/5.8.3/lib/liblzma.5.dylib" "@executable_path/../lib/liblzma.5.dylib" "/Users/jaydenmanno/AI/MoneyPrinterTurbo/desktop/build/final/stage/bin/ffprobe"
/Applications/Xcode.app/Contents/Developer/Toolchains/XcodeDefault.xctoolchain/usr/bin/install_name_tool: warning: changes being made to the file will invalidate the code signature in: /Users/jaydenmanno/AI/MoneyPrinterTurbo/desktop/build/final/stage/bin/ffprobe
    install_name_tool -change "/opt/homebrew/opt/xz/lib/liblzma.5.dylib" "@executable_path/../lib/liblzma.5.dylib" "/Users/jaydenmanno/AI/MoneyPrinterTurbo/desktop/build/final/stage/bin/ffprobe"
/Applications/Xcode.app/Contents/Developer/Toolchains/XcodeDefault.xctoolchain/usr/bin/install_name_tool: warning: changes being made to the file will invalidate the code signature in: /Users/jaydenmanno/AI/MoneyPrinterTurbo/desktop/build/final/stage/bin/ffprobe
    install_name_tool -change "/opt/homebrew/Cellar/dav1d/1.5.4/lib/libdav1d.7.dylib" "@executable_path/../lib/libdav1d.7.dylib" "/Users/jaydenmanno/AI/MoneyPrinterTurbo/desktop/build/final/stage/bin/ffprobe"
/Applications/Xcode.app/Contents/Developer/Toolchains/XcodeDefault.xctoolchain/usr/bin/install_name_tool: warning: changes being made to the file will invalidate the code signature in: /Users/jaydenmanno/AI/MoneyPrinterTurbo/desktop/build/final/stage/bin/ffprobe
    install_name_tool -change "/opt/homebrew/opt/dav1d/lib/libdav1d.7.dylib" "@executable_path/../lib/libdav1d.7.dylib" "/Users/jaydenmanno/AI/MoneyPrinterTurbo/desktop/build/final/stage/bin/ffprobe"
/Applications/Xcode.app/Contents/Developer/Toolchains/XcodeDefault.xctoolchain/usr/bin/install_name_tool: warning: changes being made to the file will invalidate the code signature in: /Users/jaydenmanno/AI/MoneyPrinterTurbo/desktop/build/final/stage/bin/ffprobe
    install_name_tool -change "/opt/homebrew/Cellar/lame/4.0/lib/libmp3lame.0.dylib" "@executable_path/../lib/libmp3lame.0.dylib" "/Users/jaydenmanno/AI/MoneyPrinterTurbo/desktop/build/final/stage/bin/ffprobe"
/Applications/Xcode.app/Contents/Developer/Toolchains/XcodeDefault.xctoolchain/usr/bin/install_name_tool: warning: changes being made to the file will invalidate the code signature in: /Users/jaydenmanno/AI/MoneyPrinterTurbo/desktop/build/final/stage/bin/ffprobe
    install_name_tool -change "/opt/homebrew/opt/lame/lib/libmp3lame.0.dylib" "@executable_path/../lib/libmp3lame.0.dylib" "/Users/jaydenmanno/AI/MoneyPrinterTurbo/desktop/build/final/stage/bin/ffprobe"
/Applications/Xcode.app/Contents/Developer/Toolchains/XcodeDefault.xctoolchain/usr/bin/install_name_tool: warning: changes being made to the file will invalidate the code signature in: /Users/jaydenmanno/AI/MoneyPrinterTurbo/desktop/build/final/stage/bin/ffprobe
    install_name_tool -change "/opt/homebrew/Cellar/opus/1.6.1/lib/libopus.0.dylib" "@executable_path/../lib/libopus.0.dylib" "/Users/jaydenmanno/AI/MoneyPrinterTurbo/desktop/build/final/stage/bin/ffprobe"
/Applications/Xcode.app/Contents/Developer/Toolchains/XcodeDefault.xctoolchain/usr/bin/install_name_tool: warning: changes being made to the file will invalidate the code signature in: /Users/jaydenmanno/AI/MoneyPrinterTurbo/desktop/build/final/stage/bin/ffprobe
    install_name_tool -change "/opt/homebrew/opt/opus/lib/libopus.0.dylib" "@executable_path/../lib/libopus.0.dylib" "/Users/jaydenmanno/AI/MoneyPrinterTurbo/desktop/build/final/stage/bin/ffprobe"
/Applications/Xcode.app/Contents/Developer/Toolchains/XcodeDefault.xctoolchain/usr/bin/install_name_tool: warning: changes being made to the file will invalidate the code signature in: /Users/jaydenmanno/AI/MoneyPrinterTurbo/desktop/build/final/stage/bin/ffprobe
    install_name_tool -change "/opt/homebrew/Cellar/svt-av1/4.2.0/lib/libSvtAv1Enc.4.2.0.dylib" "@executable_path/../lib/libSvtAv1Enc.4.2.0.dylib" "/Users/jaydenmanno/AI/MoneyPrinterTurbo/desktop/build/final/stage/bin/ffprobe"
/Applications/Xcode.app/Contents/Developer/Toolchains/XcodeDefault.xctoolchain/usr/bin/install_name_tool: warning: changes being made to the file will invalidate the code signature in: /Users/jaydenmanno/AI/MoneyPrinterTurbo/desktop/build/final/stage/bin/ffprobe
    install_name_tool -change "/opt/homebrew/opt/svt-av1/lib/libSvtAv1Enc.4.dylib" "@executable_path/../lib/libSvtAv1Enc.4.2.0.dylib" "/Users/jaydenmanno/AI/MoneyPrinterTurbo/desktop/build/final/stage/bin/ffprobe"
/Applications/Xcode.app/Contents/Developer/Toolchains/XcodeDefault.xctoolchain/usr/bin/install_name_tool: warning: changes being made to the file will invalidate the code signature in: /Users/jaydenmanno/AI/MoneyPrinterTurbo/desktop/build/final/stage/bin/ffprobe
    install_name_tool -change "/opt/homebrew/Cellar/x264/r3222/lib/libx264.165.dylib" "@executable_path/../lib/libx264.165.dylib" "/Users/jaydenmanno/AI/MoneyPrinterTurbo/desktop/build/final/stage/bin/ffprobe"
/Applications/Xcode.app/Contents/Developer/Toolchains/XcodeDefault.xctoolchain/usr/bin/install_name_tool: warning: changes being made to the file will invalidate the code signature in: /Users/jaydenmanno/AI/MoneyPrinterTurbo/desktop/build/final/stage/bin/ffprobe
    install_name_tool -change "/opt/homebrew/opt/x264/lib/libx264.165.dylib" "@executable_path/../lib/libx264.165.dylib" "/Users/jaydenmanno/AI/MoneyPrinterTurbo/desktop/build/final/stage/bin/ffprobe"
/Applications/Xcode.app/Contents/Developer/Toolchains/XcodeDefault.xctoolchain/usr/bin/install_name_tool: warning: changes being made to the file will invalidate the code signature in: /Users/jaydenmanno/AI/MoneyPrinterTurbo/desktop/build/final/stage/bin/ffprobe
    install_name_tool -change "/opt/homebrew/Cellar/x265/4.2/lib/libx265.216.dylib" "@executable_path/../lib/libx265.216.dylib" "/Users/jaydenmanno/AI/MoneyPrinterTurbo/desktop/build/final/stage/bin/ffprobe"
/Applications/Xcode.app/Contents/Developer/Toolchains/XcodeDefault.xctoolchain/usr/bin/install_name_tool: warning: changes being made to the file will invalidate the code signature in: /Users/jaydenmanno/AI/MoneyPrinterTurbo/desktop/build/final/stage/bin/ffprobe
    install_name_tool -change "/opt/homebrew/opt/x265/lib/libx265.216.dylib" "@executable_path/../lib/libx265.216.dylib" "/Users/jaydenmanno/AI/MoneyPrinterTurbo/desktop/build/final/stage/bin/ffprobe"
/Applications/Xcode.app/Contents/Developer/Toolchains/XcodeDefault.xctoolchain/usr/bin/install_name_tool: warning: changes being made to the file will invalidate the code signature in: /Users/jaydenmanno/AI/MoneyPrinterTurbo/desktop/build/final/stage/bin/ffprobe
    codesign --force --deep --preserve-metadata=entitlements,requirements,flags,runtime --sign - "/Users/jaydenmanno/AI/MoneyPrinterTurbo/desktop/build/final/stage/bin/ffprobe"
/Users/jaydenmanno/AI/MoneyPrinterTurbo/desktop/build/final/stage/bin/ffprobe: replacing existing signature
37 INFO: PyInstaller: 6.16.0, contrib hooks: 2026.6
37 INFO: Python: 3.11.16
43 INFO: Platform: macOS-26.5.2-arm64-arm-64bit
43 INFO: Python environment: /Users/jaydenmanno/AI/MoneyPrinterTurbo/.venv
43 INFO: wrote /Users/jaydenmanno/AI/MoneyPrinterTurbo/desktop/build/final/spec/Turbo Video.spec
45 INFO: Removing temporary files and cleaning cache in /Users/jaydenmanno/Library/Application Support/pyinstaller
76 WARNING: Failed to collect submodules for 'streamlit_tour' because importing 'streamlit_tour' raised: streamlit.errors.StreamlitAPIException: Component 'streamlit-tour.streamlit_tour' must be declared in pyproject.toml with asset_dir to use file-backed js.
1052 INFO: Module search paths (PYTHONPATH):
['/Users/jaydenmanno/.local/share/uv/python/cpython-3.11.16-macos-aarch64-none/lib/python311.zip',
 '/Users/jaydenmanno/.local/share/uv/python/cpython-3.11.16-macos-aarch64-none/lib/python3.11',
 '/Users/jaydenmanno/.local/share/uv/python/cpython-3.11-macos-aarch64-none/lib/python3.11/lib-dynload',
 '/Users/jaydenmanno/AI/MoneyPrinterTurbo/.venv/lib/python3.11/site-packages',
 '/Users/jaydenmanno/AI/MoneyPrinterTurbo/desktop',
 '/Users/jaydenmanno/AI/MoneyPrinterTurbo']
1145 INFO: Appending 'binaries' from .spec
1145 INFO: Appending 'datas' from .spec
1155 INFO: checking Analysis
1155 INFO: Building Analysis because Analysis-00.toc is non existent
1155 INFO: Looking for Python shared library...
1160 INFO: Using Python shared library: /Users/jaydenmanno/.local/share/uv/python/cpython-3.11.16-macos-aarch64-none/lib/libpython3.11.dylib
1160 INFO: Running Analysis Analysis-00.toc
1160 INFO: Target bytecode optimization level: 0
1160 INFO: Initializing module dependency graph...
1161 INFO: Initializing module graph hook caches...
1168 INFO: Analyzing modules for base_library.zip ...
1378 INFO: Processing standard module hook 'hook-heapq.py' from '/Users/jaydenmanno/AI/MoneyPrinterTurbo/.venv/lib/python3.11/site-packages/PyInstaller/hooks'
1407 INFO: Processing standard module hook 'hook-encodings.py' from '/Users/jaydenmanno/AI/MoneyPrinterTurbo/.venv/lib/python3.11/site-packages/PyInstaller/hooks'
1929 INFO: Processing standard module hook 'hook-pickle.py' from '/Users/jaydenmanno/AI/MoneyPrinterTurbo/.venv/lib/python3.11/site-packages/PyInstaller/hooks'
2412 INFO: Caching module dependency graph...
2430 INFO: Analyzing /Users/jaydenmanno/AI/MoneyPrinterTurbo/desktop/turbo_video_desktop.py
2572 INFO: Processing standard module hook 'hook-webview.py' from '/Users/jaydenmanno/AI/MoneyPrinterTurbo/.venv/lib/python3.11/site-packages/webview/__pyinstaller'
2586 INFO: Processing standard module hook 'hook-platform.py' from '/Users/jaydenmanno/AI/MoneyPrinterTurbo/.venv/lib/python3.11/site-packages/PyInstaller/hooks'
2596 INFO: Processing standard module hook 'hook-xml.py' from '/Users/jaydenmanno/AI/MoneyPrinterTurbo/.venv/lib/python3.11/site-packages/PyInstaller/hooks'
2767 INFO: Processing standard module hook 'hook-multiprocessing.util.py' from '/Users/jaydenmanno/AI/MoneyPrinterTurbo/.venv/lib/python3.11/site-packages/PyInstaller/hooks'
2891 INFO: Processing standard module hook 'hook-_ctypes.py' from '/Users/jaydenmanno/AI/MoneyPrinterTurbo/.venv/lib/python3.11/site-packages/PyInstaller/hooks'
3019 INFO: Processing standard module hook 'hook-jinja2.py' from '/Users/jaydenmanno/AI/MoneyPrinterTurbo/.venv/lib/python3.11/site-packages/_pyinstaller_hooks_contrib/stdhooks'
3023 INFO: Processing pre-safe-import-module hook 'hook-typing_extensions.py' from '/Users/jaydenmanno/AI/MoneyPrinterTurbo/.venv/lib/python3.11/site-packages/PyInstaller/hooks/pre_safe_import_module'
3023 INFO: SetuptoolsInfo: initializing cached setuptools info...
3468 INFO: Processing pre-safe-import-module hook 'hook-gi.py' from '/Users/jaydenmanno/AI/MoneyPrinterTurbo/.venv/lib/python3.11/site-packages/PyInstaller/hooks/pre_safe_import_module'
3715 INFO: Processing standard module hook 'hook-xml.etree.cElementTree.py' from '/Users/jaydenmanno/AI/MoneyPrinterTurbo/.venv/lib/python3.11/site-packages/PyInstaller/hooks'
4162 INFO: Processing standard module hook 'hook-sysconfig.py' from '/Users/jaydenmanno/AI/MoneyPrinterTurbo/.venv/lib/python3.11/site-packages/PyInstaller/hooks'
4166 INFO: Processing standard module hook 'hook-_osx_support.py' from '/Users/jaydenmanno/AI/MoneyPrinterTurbo/.venv/lib/python3.11/site-packages/PyInstaller/hooks'
4216 INFO: Processing standard module hook 'hook-cryptography.py' from '/Users/jaydenmanno/AI/MoneyPrinterTurbo/.venv/lib/python3.11/site-packages/_pyinstaller_hooks_contrib/stdhooks'
4442 INFO: hook-cryptography: cryptography does not seem to be using dynamically linked OpenSSL.
4875 INFO: Processing standard module hook 'hook-numpy.py' from '/Users/jaydenmanno/AI/MoneyPrinterTurbo/.venv/lib/python3.11/site-packages/PyInstaller/hooks'
5040 INFO: Processing standard module hook 'hook-difflib.py' from '/Users/jaydenmanno/AI/MoneyPrinterTurbo/.venv/lib/python3.11/site-packages/PyInstaller/hooks'
5659 INFO: Processing standard module hook 'hook-charset_normalizer.py' from '/Users/jaydenmanno/AI/MoneyPrinterTurbo/.venv/lib/python3.11/site-packages/_pyinstaller_hooks_contrib/stdhooks'
6218 INFO: Processing standard module hook 'hook-py.py' from '/Users/jaydenmanno/AI/MoneyPrinterTurbo/.venv/lib/python3.11/site-packages/_pyinstaller_hooks_contrib/stdhooks'
6338 INFO: Processing standard module hook 'hook-pygments.py' from '/Users/jaydenmanno/AI/MoneyPrinterTurbo/.venv/lib/python3.11/site-packages/PyInstaller/hooks'
6649 INFO: Processing pre-safe-import-module hook 'hook-packaging.py' from '/Users/jaydenmanno/AI/MoneyPrinterTurbo/.venv/lib/python3.11/site-packages/PyInstaller/hooks/pre_safe_import_module'
6701 INFO: Processing pre-safe-import-module hook 'hook-tomli.py' from '/Users/jaydenmanno/AI/MoneyPrinterTurbo/.venv/lib/python3.11/site-packages/PyInstaller/hooks/pre_safe_import_module'
6702 INFO: Setuptools: 'tomli' appears to be a setuptools-vendored copy - creating alias to 'setuptools._vendor.tomli'!
6704 INFO: Processing standard module hook 'hook-setuptools.py' from '/Users/jaydenmanno/AI/MoneyPrinterTurbo/.venv/lib/python3.11/site-packages/PyInstaller/hooks'
6708 INFO: Processing pre-safe-import-module hook 'hook-distutils.py' from '/Users/jaydenmanno/AI/MoneyPrinterTurbo/.venv/lib/python3.11/site-packages/PyInstaller/hooks/pre_safe_import_module'
6708 INFO: Processing pre-find-module-path hook 'hook-distutils.py' from '/Users/jaydenmanno/AI/MoneyPrinterTurbo/.venv/lib/python3.11/site-packages/PyInstaller/hooks/pre_find_module_path'
6778 INFO: Processing standard module hook 'hook-distutils.py' from '/Users/jaydenmanno/AI/MoneyPrinterTurbo/.venv/lib/python3.11/site-packages/PyInstaller/hooks'
6788 INFO: Processing standard module hook 'hook-distutils.util.py' from '/Users/jaydenmanno/AI/MoneyPrinterTurbo/.venv/lib/python3.11/site-packages/PyInstaller/hooks'
6885 INFO: Processing pre-safe-import-module hook 'hook-more_itertools.py' from '/Users/jaydenmanno/AI/MoneyPrinterTurbo/.venv/lib/python3.11/site-packages/PyInstaller/hooks/pre_safe_import_module'
6886 INFO: Setuptools: 'more_itertools' appears to be a setuptools-vendored copy - creating alias to 'setuptools._vendor.more_itertools'!
6933 INFO: Processing pre-safe-import-module hook 'hook-jaraco.functools.py' from '/Users/jaydenmanno/AI/MoneyPrinterTurbo/.venv/lib/python3.11/site-packages/PyInstaller/hooks/pre_safe_import_module'
6933 INFO: Setuptools: 'jaraco.functools' appears to be a setuptools-vendored copy - creating alias to 'setuptools._vendor.jaraco.functools'!
6936 INFO: Processing pre-safe-import-module hook 'hook-jaraco.text.py' from '/Users/jaydenmanno/AI/MoneyPrinterTurbo/.venv/lib/python3.11/site-packages/PyInstaller/hooks/pre_safe_import_module'
6937 INFO: Setuptools: 'jaraco.text' appears to be a setuptools-vendored copy - creating alias to 'setuptools._vendor.jaraco.text'!
6940 INFO: Processing standard module hook 'hook-setuptools._vendor.jaraco.text.py' from '/Users/jaydenmanno/AI/MoneyPrinterTurbo/.venv/lib/python3.11/site-packages/PyInstaller/hooks'
6940 INFO: Processing pre-safe-import-module hook 'hook-importlib_resources.py' from '/Users/jaydenmanno/AI/MoneyPrinterTurbo/.venv/lib/python3.11/site-packages/PyInstaller/hooks/pre_safe_import_module'
6940 INFO: Processing pre-safe-import-module hook 'hook-jaraco.context.py' from '/Users/jaydenmanno/AI/MoneyPrinterTurbo/.venv/lib/python3.11/site-packages/PyInstaller/hooks/pre_safe_import_module'
6941 INFO: Setuptools: 'jaraco.context' appears to be a setuptools-vendored copy - creating alias to 'setuptools._vendor.jaraco.context'!
6944 INFO: Processing pre-safe-import-module hook 'hook-importlib_metadata.py' from '/Users/jaydenmanno/AI/MoneyPrinterTurbo/.venv/lib/python3.11/site-packages/PyInstaller/hooks/pre_safe_import_module'
6951 INFO: Processing standard module hook 'hook-importlib_metadata.py' from '/Users/jaydenmanno/AI/MoneyPrinterTurbo/.venv/lib/python3.11/site-packages/PyInstaller/hooks'
6958 INFO: Processing pre-safe-import-module hook 'hook-zipp.py' from '/Users/jaydenmanno/AI/MoneyPrinterTurbo/.venv/lib/python3.11/site-packages/PyInstaller/hooks/pre_safe_import_module'
7224 INFO: Processing pre-safe-import-module hook 'hook-wheel.py' from '/Users/jaydenmanno/AI/MoneyPrinterTurbo/.venv/lib/python3.11/site-packages/PyInstaller/hooks/pre_safe_import_module'
7224 INFO: Setuptools: 'wheel' appears to be a setuptools-vendored copy - creating alias to 'setuptools._vendor.wheel'!
7401 INFO: Processing standard module hook 'hook-pytest.py' from '/Users/jaydenmanno/AI/MoneyPrinterTurbo/.venv/lib/python3.11/site-packages/_pyinstaller_hooks_contrib/stdhooks'
11386 INFO: Processing standard module hook 'hook-PIL.py' from '/Users/jaydenmanno/AI/MoneyPrinterTurbo/.venv/lib/python3.11/site-packages/PyInstaller/hooks'
11418 INFO: Processing standard module hook 'hook-PIL.Image.py' from '/Users/jaydenmanno/AI/MoneyPrinterTurbo/.venv/lib/python3.11/site-packages/PyInstaller/hooks'
11538 INFO: Processing standard module hook 'hook-PIL.ImageFilter.py' from '/Users/jaydenmanno/AI/MoneyPrinterTurbo/.venv/lib/python3.11/site-packages/PyInstaller/hooks'
12086 INFO: Processing standard module hook 'hook-xml.dom.domreg.py' from '/Users/jaydenmanno/AI/MoneyPrinterTurbo/.venv/lib/python3.11/site-packages/PyInstaller/hooks'
12537 INFO: Processing standard module hook 'hook-altair.py' from '/Users/jaydenmanno/AI/MoneyPrinterTurbo/.venv/lib/python3.11/site-packages/_pyinstaller_hooks_contrib/stdhooks'
12563 INFO: Processing standard module hook 'hook-jsonschema.py' from '/Users/jaydenmanno/AI/MoneyPrinterTurbo/.venv/lib/python3.11/site-packages/_pyinstaller_hooks_contrib/stdhooks'
12740 INFO: Processing standard module hook 'hook-jsonschema_specifications.py' from '/Users/jaydenmanno/AI/MoneyPrinterTurbo/.venv/lib/python3.11/site-packages/_pyinstaller_hooks_contrib/stdhooks'
12758 INFO: Processing standard module hook 'hook-urllib3.py' from '/Users/jaydenmanno/AI/MoneyPrinterTurbo/.venv/lib/python3.11/site-packages/_pyinstaller_hooks_contrib/stdhooks'
12902 INFO: Processing standard module hook 'hook-certifi.py' from '/Users/jaydenmanno/AI/MoneyPrinterTurbo/.venv/lib/python3.11/site-packages/_pyinstaller_hooks_contrib/stdhooks'
12937 INFO: Processing standard module hook 'hook-narwhals.py' from '/Users/jaydenmanno/AI/MoneyPrinterTurbo/.venv/lib/python3.11/site-packages/_pyinstaller_hooks_contrib/stdhooks'
12973 INFO: Processing standard module hook 'hook-pandas.py' from '/Users/jaydenmanno/AI/MoneyPrinterTurbo/.venv/lib/python3.11/site-packages/PyInstaller/hooks'
13510 INFO: Processing standard module hook 'hook-pytz.py' from '/Users/jaydenmanno/AI/MoneyPrinterTurbo/.venv/lib/python3.11/site-packages/PyInstaller/hooks'
14130 INFO: Processing standard module hook 'hook-pyarrow.py' from '/Users/jaydenmanno/AI/MoneyPrinterTurbo/.venv/lib/python3.11/site-packages/_pyinstaller_hooks_contrib/stdhooks'
14420 INFO: Processing standard module hook 'hook-fsspec.py' from '/Users/jaydenmanno/AI/MoneyPrinterTurbo/.venv/lib/python3.11/site-packages/_pyinstaller_hooks_contrib/stdhooks'
14654 INFO: Processing standard module hook 'hook-pandas.io.formats.style.py' from '/Users/jaydenmanno/AI/MoneyPrinterTurbo/.venv/lib/python3.11/site-packages/PyInstaller/hooks'
16202 INFO: Processing standard module hook 'hook-sqlite3.py' from '/Users/jaydenmanno/AI/MoneyPrinterTurbo/.venv/lib/python3.11/site-packages/PyInstaller/hooks'
16276 INFO: Processing standard module hook 'hook-pandas.io.clipboard.py' from '/Users/jaydenmanno/AI/MoneyPrinterTurbo/.venv/lib/python3.11/site-packages/PyInstaller/hooks'
16300 INFO: Processing standard module hook 'hook-pandas.plotting.py' from '/Users/jaydenmanno/AI/MoneyPrinterTurbo/.venv/lib/python3.11/site-packages/PyInstaller/hooks'
16575 INFO: Processing standard module hook 'hook-dateutil.py' from '/Users/jaydenmanno/AI/MoneyPrinterTurbo/.venv/lib/python3.11/site-packages/_pyinstaller_hooks_contrib/stdhooks'
16623 INFO: Processing pre-safe-import-module hook 'hook-six.moves.py' from '/Users/jaydenmanno/AI/MoneyPrinterTurbo/.venv/lib/python3.11/site-packages/PyInstaller/hooks/pre_safe_import_module'
18394 INFO: Processing standard module hook 'hook-rich.py' from '/Users/jaydenmanno/AI/MoneyPrinterTurbo/.venv/lib/python3.11/site-packages/_pyinstaller_hooks_contrib/stdhooks'
19579 INFO: Processing pre-safe-import-module hook 'hook-tensorflow.py' from '/Users/jaydenmanno/AI/MoneyPrinterTurbo/.venv/lib/python3.11/site-packages/_pyinstaller_hooks_contrib/pre_safe_import_module'
19620 INFO: Processing standard module hook 'hook-anyio.py' from '/Users/jaydenmanno/AI/MoneyPrinterTurbo/.venv/lib/python3.11/site-packages/_pyinstaller_hooks_contrib/stdhooks'
19935 INFO: Processing standard module hook 'hook-uvicorn.py' from '/Users/jaydenmanno/AI/MoneyPrinterTurbo/.venv/lib/python3.11/site-packages/_pyinstaller_hooks_contrib/stdhooks'
20161 INFO: Processing standard module hook 'hook-websockets.py' from '/Users/jaydenmanno/AI/MoneyPrinterTurbo/.venv/lib/python3.11/site-packages/_pyinstaller_hooks_contrib/stdhooks'
20450 INFO: Processing standard module hook 'hook-pydantic.py' from '/Users/jaydenmanno/AI/MoneyPrinterTurbo/.venv/lib/python3.11/site-packages/_pyinstaller_hooks_contrib/stdhooks'
20767 INFO: Processing standard module hook 'hook-zoneinfo.py' from '/Users/jaydenmanno/AI/MoneyPrinterTurbo/.venv/lib/python3.11/site-packages/_pyinstaller_hooks_contrib/stdhooks'
21291 INFO: Processing standard module hook 'hook-imageio.py' from '/Users/jaydenmanno/AI/MoneyPrinterTurbo/.venv/lib/python3.11/site-packages/_pyinstaller_hooks_contrib/stdhooks'
21584 INFO: Processing standard module hook 'hook-imageio_ffmpeg.py' from '/Users/jaydenmanno/AI/MoneyPrinterTurbo/.venv/lib/python3.11/site-packages/_pyinstaller_hooks_contrib/stdhooks'
21618 INFO: Analyzing hidden import 'webview.__pyinstaller'
21618 INFO: Analyzing hidden import 'webview.__pyinstaller.hook-webview'
21761 INFO: Analyzing hidden import 'webview._version'
21761 INFO: Analyzing hidden import 'streamlit.__main__'
21762 INFO: Analyzing hidden import 'streamlit.components.v1.components'
21762 INFO: Analyzing hidden import 'streamlit.hello.animation_demo'
21764 INFO: Analyzing hidden import 'streamlit.hello.dataframe_demo'
21765 INFO: Analyzing hidden import 'streamlit.hello.hello'
21765 INFO: Analyzing hidden import 'streamlit.hello.mapping_demo'
21766 INFO: Analyzing hidden import 'streamlit.hello.plotting_demo'
21766 INFO: Analyzing hidden import 'streamlit.platform'
21767 INFO: Analyzing hidden import 'streamlit.proto.MetricsEvent_pb2'
21767 INFO: Analyzing hidden import 'streamlit.runtime.scriptrunner.magic_funcs'
21768 INFO: Analyzing hidden import 'streamlit.testing'
21768 INFO: Analyzing hidden import 'streamlit.testing.v1'
21864 INFO: Analyzing hidden import 'moviepy.audio.tools'
21864 INFO: Analyzing hidden import 'moviepy.audio.tools.cuts'
21865 INFO: Analyzing hidden import 'moviepy.video.tools.credits'
21866 INFO: Analyzing hidden import 'moviepy.video.tools.cuts'
21869 INFO: Analyzing hidden import 'moviepy.video.tools.drawing'
21871 INFO: Analyzing hidden import 'moviepy.video.tools.interpolators'
21872 INFO: Analyzing hidden import 'imageio.__main__'
21874 INFO: Analyzing hidden import 'imageio.freeze'
21874 INFO: Analyzing hidden import 'imageio.plugins._bsdf'
21883 INFO: Analyzing hidden import 'imageio.plugins._dicom'
21891 INFO: Analyzing hidden import 'imageio.plugins._freeimage'
21902 INFO: Analyzing hidden import 'imageio.plugins._swf'
21910 INFO: Analyzing hidden import 'imageio.plugins._tifffile'
22045 INFO: Processing pre-find-module-path hook 'hook-tkinter.py' from '/Users/jaydenmanno/AI/MoneyPrinterTurbo/.venv/lib/python3.11/site-packages/PyInstaller/hooks/pre_find_module_path'
22045 INFO: TclTkInfo: initializing cached Tcl/Tk info...
22131 INFO: Processing standard module hook 'hook-_tkinter.py' from '/Users/jaydenmanno/AI/MoneyPrinterTurbo/.venv/lib/python3.11/site-packages/PyInstaller/hooks'
22149 INFO: Analyzing hidden import 'imageio.plugins.bsdf'
22152 INFO: Analyzing hidden import 'imageio.plugins.dicom'
22156 INFO: Analyzing hidden import 'imageio.plugins.example'
22157 INFO: Analyzing hidden import 'imageio.plugins.feisem'
22160 INFO: Analyzing hidden import 'imageio.plugins.fits'
22161 INFO: Analyzing hidden import 'imageio.plugins.freeimage'
22164 INFO: Analyzing hidden import 'imageio.plugins.freeimagemulti'
22167 INFO: Analyzing hidden import 'imageio.plugins.gdal'
22168 INFO: Analyzing hidden import 'imageio.plugins.grab'
22171 INFO: Analyzing hidden import 'imageio.plugins.lytro'
22209 INFO: Analyzing hidden import 'imageio.plugins.npz'
22210 INFO: Analyzing hidden import 'imageio.plugins.opencv'
22212 INFO: Analyzing hidden import 'imageio.plugins.pillow'
22217 INFO: Analyzing hidden import 'imageio.plugins.pillow_info'
22219 INFO: Analyzing hidden import 'imageio.plugins.pillow_legacy'
22229 INFO: Analyzing hidden import 'imageio.plugins.pyav'
22236 INFO: Processing standard module hook 'hook-av.py' from '/Users/jaydenmanno/AI/MoneyPrinterTurbo/.venv/lib/python3.11/site-packages/_pyinstaller_hooks_contrib/stdhooks'
22395 INFO: Analyzing hidden import 'imageio.plugins.rawpy'
22396 INFO: Analyzing hidden import 'imageio.plugins.simpleitk'
22398 INFO: Analyzing hidden import 'imageio.plugins.spe'
22404 INFO: Analyzing hidden import 'imageio.plugins.swf'
22407 INFO: Analyzing hidden import 'imageio.plugins.tifffile_v3'
22409 INFO: Analyzing hidden import 'imageio.testing'
22410 INFO: Processing module hooks (post-graph stage)...
23242 INFO: Processing standard module hook 'hook-pycparser.py' from '/Users/jaydenmanno/AI/MoneyPrinterTurbo/.venv/lib/python3.11/site-packages/_pyinstaller_hooks_contrib/stdhooks'
23407 INFO: Processing standard module hook 'hook-_tkinter.py' from '/Users/jaydenmanno/AI/MoneyPrinterTurbo/.venv/lib/python3.11/site-packages/PyInstaller/hooks'
23696 INFO: Processing standard module hook 'hook-PIL.SpiderImagePlugin.py' from '/Users/jaydenmanno/AI/MoneyPrinterTurbo/.venv/lib/python3.11/site-packages/PyInstaller/hooks'
24498 WARNING: Hidden import "pycparser.lextab" not found!
24498 WARNING: Hidden import "pycparser.yacctab" not found!
24518 INFO: Performing binary vs. data reclassification (2637 entries)
24861 INFO: Looking for ctypes DLLs
24921 WARNING: Library msvcrt required via ctypes not found
24923 WARNING: Library user32 required via ctypes not found
24989 INFO: Analyzing run-time hooks ...
24998 INFO: Including run-time hook 'pyi_rth_inspect.py' from '/Users/jaydenmanno/AI/MoneyPrinterTurbo/.venv/lib/python3.11/site-packages/PyInstaller/hooks/rthooks'
24999 INFO: Including run-time hook 'pyi_rth_pkgutil.py' from '/Users/jaydenmanno/AI/MoneyPrinterTurbo/.venv/lib/python3.11/site-packages/PyInstaller/hooks/rthooks'
25000 INFO: Including run-time hook 'pyi_rth_multiprocessing.py' from '/Users/jaydenmanno/AI/MoneyPrinterTurbo/.venv/lib/python3.11/site-packages/PyInstaller/hooks/rthooks'
25000 INFO: Including run-time hook 'pyi_rth_setuptools.py' from '/Users/jaydenmanno/AI/MoneyPrinterTurbo/.venv/lib/python3.11/site-packages/PyInstaller/hooks/rthooks'
25001 INFO: Including run-time hook 'pyi_rth__tkinter.py' from '/Users/jaydenmanno/AI/MoneyPrinterTurbo/.venv/lib/python3.11/site-packages/PyInstaller/hooks/rthooks'
25002 INFO: Including run-time hook 'pyi_rth_cryptography_openssl.py' from '/Users/jaydenmanno/AI/MoneyPrinterTurbo/.venv/lib/python3.11/site-packages/_pyinstaller_hooks_contrib/rthooks'
25043 INFO: Creating base_library.zip...
25051 INFO: Looking for dynamic libraries
25679 INFO: Warnings written to /Users/jaydenmanno/AI/MoneyPrinterTurbo/desktop/build/final/work/Turbo Video/warn-Turbo Video.txt
25766 INFO: Graph cross-reference written to /Users/jaydenmanno/AI/MoneyPrinterTurbo/desktop/build/final/work/Turbo Video/xref-Turbo Video.html
25931 INFO: checking PYZ
25931 INFO: Building PYZ because PYZ-00.toc is non existent
25931 INFO: Building PYZ (ZlibArchive) /Users/jaydenmanno/AI/MoneyPrinterTurbo/desktop/build/final/work/Turbo Video/PYZ-00.pyz
27638 INFO: Building PYZ (ZlibArchive) /Users/jaydenmanno/AI/MoneyPrinterTurbo/desktop/build/final/work/Turbo Video/PYZ-00.pyz completed successfully.
27664 INFO: EXE target arch: arm64
27664 INFO: Code signing identity: None
27667 INFO: checking PKG
27667 INFO: Building PKG because PKG-00.toc is non existent
27667 INFO: Building PKG (CArchive) Turbo Video.pkg
27686 INFO: Building PKG (CArchive) Turbo Video.pkg completed successfully.
27687 INFO: Bootloader /Users/jaydenmanno/AI/MoneyPrinterTurbo/.venv/lib/python3.11/site-packages/PyInstaller/bootloader/Darwin-64bit/runw
27687 INFO: checking EXE
27687 INFO: Building EXE because EXE-00.toc is non existent
27687 INFO: Building EXE from EXE-00.toc
27687 INFO: Copying bootloader EXE to /Users/jaydenmanno/AI/MoneyPrinterTurbo/desktop/build/final/work/Turbo Video/Turbo Video
27692 INFO: Converting EXE to target arch (arm64)
27710 INFO: Removing signature(s) from EXE
27723 INFO: Modifying Mach-O image UUID(s) in EXE
27738 INFO: Appending PKG archive to EXE
27751 INFO: Fixing EXE headers for code signing
27754 INFO: Rewriting the executable's macOS SDK version (15.5.0) to match the SDK version of the Python library (15.0.0) in order to avoid inconsistent behavior and potential UI issues in the frozen application.
27754 INFO: Re-signing the EXE
27803 INFO: Building EXE from EXE-00.toc completed successfully.
27811 INFO: checking COLLECT
27811 INFO: Building COLLECT because COLLECT-00.toc is non existent
27812 INFO: Building COLLECT COLLECT-00.toc
38385 INFO: Building COLLECT COLLECT-00.toc completed successfully.
38412 INFO: checking BUNDLE
38412 INFO: Building BUNDLE because BUNDLE-00.toc is non existent
38412 INFO: Building BUNDLE BUNDLE-00.toc
43252 INFO: Signing the BUNDLE...
44522 INFO: Building BUNDLE BUNDLE-00.toc completed successfully.
44543 INFO: Build complete! The results are available in: /Users/jaydenmanno/AI/MoneyPrinterTurbo/desktop/dist
/Users/jaydenmanno/AI/MoneyPrinterTurbo/desktop/dist/Turbo Video.app/Contents/MacOS/Turbo Video: replacing existing signature
/Users/jaydenmanno/AI/MoneyPrinterTurbo/desktop/dist/Turbo Video.app/Contents/Frameworks/81d243bd2c585b0f4821__mypyc.cpython-311-darwin.so: replacing existing signature
/Users/jaydenmanno/AI/MoneyPrinterTurbo/desktop/dist/Turbo Video.app/Contents/Frameworks/imageio_ffmpeg/binaries/ffmpeg-macos-aarch64-v7.1: replacing existing signature
/Users/jaydenmanno/AI/MoneyPrinterTurbo/desktop/dist/Turbo Video.app/Contents/Frameworks/_cffi_backend.cpython-311-darwin.so: replacing existing signature
/Users/jaydenmanno/AI/MoneyPrinterTurbo/desktop/dist/Turbo Video.app/Contents/Frameworks/aiohttp/_http_parser.cpython-311-darwin.so: replacing existing signature
/Users/jaydenmanno/AI/MoneyPrinterTurbo/desktop/dist/Turbo Video.app/Contents/Frameworks/aiohttp/_http_writer.cpython-311-darwin.so: replacing existing signature
/Users/jaydenmanno/AI/MoneyPrinterTurbo/desktop/dist/Turbo Video.app/Contents/Frameworks/aiohttp/_websocket/mask.cpython-311-darwin.so: replacing existing signature
/Users/jaydenmanno/AI/MoneyPrinterTurbo/desktop/dist/Turbo Video.app/Contents/Frameworks/aiohttp/_websocket/reader_c.cpython-311-darwin.so: replacing existing signature
/Users/jaydenmanno/AI/MoneyPrinterTurbo/desktop/dist/Turbo Video.app/Contents/Frameworks/libtcl9.0.dylib: replacing existing signature
/Users/jaydenmanno/AI/MoneyPrinterTurbo/desktop/dist/Turbo Video.app/Contents/Frameworks/libmpg123.0.dylib: replacing existing signature
/Users/jaydenmanno/AI/MoneyPrinterTurbo/desktop/dist/Turbo Video.app/Contents/Frameworks/libvmaf.3.dylib: replacing existing signature
/Users/jaydenmanno/AI/MoneyPrinterTurbo/desktop/dist/Turbo Video.app/Contents/Frameworks/WebKit/_WebKit.cpython-311-darwin.so: replacing existing signature
/Users/jaydenmanno/AI/MoneyPrinterTurbo/desktop/dist/Turbo Video.app/Contents/Frameworks/markupsafe/_speedups.cpython-311-darwin.so: replacing existing signature
/Users/jaydenmanno/AI/MoneyPrinterTurbo/desktop/dist/Turbo Video.app/Contents/Frameworks/libSvtAv1Enc.4.2.0.dylib: replacing existing signature
/Users/jaydenmanno/AI/MoneyPrinterTurbo/desktop/dist/Turbo Video.app/Contents/Frameworks/libavdevice.63.1.101.dylib: replacing existing signature
/Users/jaydenmanno/AI/MoneyPrinterTurbo/desktop/dist/Turbo Video.app/Contents/Frameworks/av/device.abi3.so: replacing existing signature
/Users/jaydenmanno/AI/MoneyPrinterTurbo/desktop/dist/Turbo Video.app/Contents/Frameworks/av/buffer.abi3.so: replacing existing signature
/Users/jaydenmanno/AI/MoneyPrinterTurbo/desktop/dist/Turbo Video.app/Contents/Frameworks/av/video/stream.abi3.so: replacing existing signature
/Users/jaydenmanno/AI/MoneyPrinterTurbo/desktop/dist/Turbo Video.app/Contents/Frameworks/av/video/plane.abi3.so: replacing existing signature
/Users/jaydenmanno/AI/MoneyPrinterTurbo/desktop/dist/Turbo Video.app/Contents/Frameworks/av/video/codeccontext.abi3.so: replacing existing signature
/Users/jaydenmanno/AI/MoneyPrinterTurbo/desktop/dist/Turbo Video.app/Contents/Frameworks/av/video/frame.abi3.so: replacing existing signature
/Users/jaydenmanno/AI/MoneyPrinterTurbo/desktop/dist/Turbo Video.app/Contents/Frameworks/av/video/format.abi3.so: replacing existing signature
/Users/jaydenmanno/AI/MoneyPrinterTurbo/desktop/dist/Turbo Video.app/Contents/Frameworks/av/video/reformatter.abi3.so: replacing existing signature
/Users/jaydenmanno/AI/MoneyPrinterTurbo/desktop/dist/Turbo Video.app/Contents/Frameworks/av/packet.abi3.so: replacing existing signature
/Users/jaydenmanno/AI/MoneyPrinterTurbo/desktop/dist/Turbo Video.app/Contents/Frameworks/av/stream.abi3.so: replacing existing signature
/Users/jaydenmanno/AI/MoneyPrinterTurbo/desktop/dist/Turbo Video.app/Contents/Frameworks/av/opaque.abi3.so: replacing existing signature
/Users/jaydenmanno/AI/MoneyPrinterTurbo/desktop/dist/Turbo Video.app/Contents/Frameworks/av/__dot__dylibs/libSvtAv1Enc.3.1.2.dylib: replacing existing signature
/Users/jaydenmanno/AI/MoneyPrinterTurbo/desktop/dist/Turbo Video.app/Contents/Frameworks/av/__dot__dylibs/libvorbisenc.2.dylib: replacing existing signature
/Users/jaydenmanno/AI/MoneyPrinterTurbo/desktop/dist/Turbo Video.app/Contents/Frameworks/av/__dot__dylibs/libdav1d.7.dylib: replacing existing signature
/Users/jaydenmanno/AI/MoneyPrinterTurbo/desktop/dist/Turbo Video.app/Contents/Frameworks/av/__dot__dylibs/libx264.165.dylib: replacing existing signature
/Users/jaydenmanno/AI/MoneyPrinterTurbo/desktop/dist/Turbo Video.app/Contents/Frameworks/av/__dot__dylibs/libmp3lame.0.dylib: replacing existing signature
/Users/jaydenmanno/AI/MoneyPrinterTurbo/desktop/dist/Turbo Video.app/Contents/Frameworks/av/__dot__dylibs/libwebp.7.1.10.dylib: replacing existing signature
/Users/jaydenmanno/AI/MoneyPrinterTurbo/desktop/dist/Turbo Video.app/Contents/Frameworks/av/__dot__dylibs/libavcodec.62.11.100.dylib: replacing existing signature
/Users/jaydenmanno/AI/MoneyPrinterTurbo/desktop/dist/Turbo Video.app/Contents/Frameworks/av/__dot__dylibs/libopencore-amrnb.0.dylib: replacing existing signature
/Users/jaydenmanno/AI/MoneyPrinterTurbo/desktop/dist/Turbo Video.app/Contents/Frameworks/av/__dot__dylibs/libavformat.62.3.100.dylib: replacing existing signature
/Users/jaydenmanno/AI/MoneyPrinterTurbo/desktop/dist/Turbo Video.app/Contents/Frameworks/av/__dot__dylibs/libswresample.6.1.100.dylib: replacing existing signature
/Users/jaydenmanno/AI/MoneyPrinterTurbo/desktop/dist/Turbo Video.app/Contents/Frameworks/av/__dot__dylibs/libwebpmux.3.1.1.dylib: replacing existing signature
/Users/jaydenmanno/AI/MoneyPrinterTurbo/desktop/dist/Turbo Video.app/Contents/Frameworks/av/__dot__dylibs/libvpx.11.dylib: replacing existing signature
/Users/jaydenmanno/AI/MoneyPrinterTurbo/desktop/dist/Turbo Video.app/Contents/Frameworks/av/__dot__dylibs/libsharpyuv.0.1.1.dylib: replacing existing signature
/Users/jaydenmanno/AI/MoneyPrinterTurbo/desktop/dist/Turbo Video.app/Contents/Frameworks/av/__dot__dylibs/libvorbis.0.dylib: replacing existing signature
/Users/jaydenmanno/AI/MoneyPrinterTurbo/desktop/dist/Turbo Video.app/Contents/Frameworks/av/__dot__dylibs/libx265.215.dylib: replacing existing signature
/Users/jaydenmanno/AI/MoneyPrinterTurbo/desktop/dist/Turbo Video.app/Contents/Frameworks/av/__dot__dylibs/libopenh264.7.dylib: replacing existing signature
/Users/jaydenmanno/AI/MoneyPrinterTurbo/desktop/dist/Turbo Video.app/Contents/Frameworks/av/__dot__dylibs/libavdevice.62.1.100.dylib: replacing existing signature
/Users/jaydenmanno/AI/MoneyPrinterTurbo/desktop/dist/Turbo Video.app/Contents/Frameworks/av/__dot__dylibs/libavutil.60.8.100.dylib: replacing existing signature
/Users/jaydenmanno/AI/MoneyPrinterTurbo/desktop/dist/Turbo Video.app/Contents/Frameworks/av/__dot__dylibs/libspeex.1.dylib: replacing existing signature
/Users/jaydenmanno/AI/MoneyPrinterTurbo/desktop/dist/Turbo Video.app/Contents/Frameworks/av/__dot__dylibs/libswscale.9.1.100.dylib: replacing existing signature
/Users/jaydenmanno/AI/MoneyPrinterTurbo/desktop/dist/Turbo Video.app/Contents/Frameworks/av/__dot__dylibs/libopencore-amrwb.0.dylib: replacing existing signature
/Users/jaydenmanno/AI/MoneyPrinterTurbo/desktop/dist/Turbo Video.app/Contents/Frameworks/av/__dot__dylibs/libogg.0.dylib: replacing existing signature
/Users/jaydenmanno/AI/MoneyPrinterTurbo/desktop/dist/Turbo Video.app/Contents/Frameworks/av/__dot__dylibs/libavfilter.11.4.100.dylib: replacing existing signature
/Users/jaydenmanno/AI/MoneyPrinterTurbo/desktop/dist/Turbo Video.app/Contents/Frameworks/av/__dot__dylibs/libopus.0.dylib: replacing existing signature
/Users/jaydenmanno/AI/MoneyPrinterTurbo/desktop/dist/Turbo Video.app/Contents/Frameworks/av/dictionary.abi3.so: replacing existing signature
/Users/jaydenmanno/AI/MoneyPrinterTurbo/desktop/dist/Turbo Video.app/Contents/Frameworks/av/error.abi3.so: replacing existing signature
/Users/jaydenmanno/AI/MoneyPrinterTurbo/desktop/dist/Turbo Video.app/Contents/Frameworks/av/codec/context.abi3.so: replacing existing signature
/Users/jaydenmanno/AI/MoneyPrinterTurbo/desktop/dist/Turbo Video.app/Contents/Frameworks/av/codec/hwaccel.abi3.so: replacing existing signature
/Users/jaydenmanno/AI/MoneyPrinterTurbo/desktop/dist/Turbo Video.app/Contents/Frameworks/av/codec/codec.abi3.so: replacing existing signature
/Users/jaydenmanno/AI/MoneyPrinterTurbo/desktop/dist/Turbo Video.app/Contents/Frameworks/av/plane.abi3.so: replacing existing signature
/Users/jaydenmanno/AI/MoneyPrinterTurbo/desktop/dist/Turbo Video.app/Contents/Frameworks/av/option.abi3.so: replacing existing signature
/Users/jaydenmanno/AI/MoneyPrinterTurbo/desktop/dist/Turbo Video.app/Contents/Frameworks/av/container/streams.abi3.so: replacing existing signature
/Users/jaydenmanno/AI/MoneyPrinterTurbo/desktop/dist/Turbo Video.app/Contents/Frameworks/av/container/output.abi3.so: replacing existing signature
/Users/jaydenmanno/AI/MoneyPrinterTurbo/desktop/dist/Turbo Video.app/Contents/Frameworks/av/container/pyio.abi3.so: replacing existing signature
/Users/jaydenmanno/AI/MoneyPrinterTurbo/desktop/dist/Turbo Video.app/Contents/Frameworks/av/container/core.abi3.so: replacing existing signature
/Users/jaydenmanno/AI/MoneyPrinterTurbo/desktop/dist/Turbo Video.app/Contents/Frameworks/av/container/input.abi3.so: replacing existing signature
/Users/jaydenmanno/AI/MoneyPrinterTurbo/desktop/dist/Turbo Video.app/Contents/Frameworks/av/bitstream.abi3.so: replacing existing signature
/Users/jaydenmanno/AI/MoneyPrinterTurbo/desktop/dist/Turbo Video.app/Contents/Frameworks/av/utils.abi3.so: replacing existing signature
/Users/jaydenmanno/AI/MoneyPrinterTurbo/desktop/dist/Turbo Video.app/Contents/Frameworks/av/audio/layout.abi3.so: replacing existing signature
/Users/jaydenmanno/AI/MoneyPrinterTurbo/desktop/dist/Turbo Video.app/Contents/Frameworks/av/audio/stream.abi3.so: replacing existing signature
/Users/jaydenmanno/AI/MoneyPrinterTurbo/desktop/dist/Turbo Video.app/Contents/Frameworks/av/audio/resampler.abi3.so: replacing existing signature
/Users/jaydenmanno/AI/MoneyPrinterTurbo/desktop/dist/Turbo Video.app/Contents/Frameworks/av/audio/plane.abi3.so: replacing existing signature
/Users/jaydenmanno/AI/MoneyPrinterTurbo/desktop/dist/Turbo Video.app/Contents/Frameworks/av/audio/codeccontext.abi3.so: replacing existing signature
/Users/jaydenmanno/AI/MoneyPrinterTurbo/desktop/dist/Turbo Video.app/Contents/Frameworks/av/audio/fifo.abi3.so: replacing existing signature
/Users/jaydenmanno/AI/MoneyPrinterTurbo/desktop/dist/Turbo Video.app/Contents/Frameworks/av/audio/frame.abi3.so: replacing existing signature
/Users/jaydenmanno/AI/MoneyPrinterTurbo/desktop/dist/Turbo Video.app/Contents/Frameworks/av/audio/format.abi3.so: replacing existing signature
/Users/jaydenmanno/AI/MoneyPrinterTurbo/desktop/dist/Turbo Video.app/Contents/Frameworks/av/_core.abi3.so: replacing existing signature
/Users/jaydenmanno/AI/MoneyPrinterTurbo/desktop/dist/Turbo Video.app/Contents/Frameworks/av/index.abi3.so: replacing existing signature
/Users/jaydenmanno/AI/MoneyPrinterTurbo/desktop/dist/Turbo Video.app/Contents/Frameworks/av/frame.abi3.so: replacing existing signature
/Users/jaydenmanno/AI/MoneyPrinterTurbo/desktop/dist/Turbo Video.app/Contents/Frameworks/av/format.abi3.so: replacing existing signature
/Users/jaydenmanno/AI/MoneyPrinterTurbo/desktop/dist/Turbo Video.app/Contents/Frameworks/av/subtitles/stream.abi3.so: replacing existing signature
/Users/jaydenmanno/AI/MoneyPrinterTurbo/desktop/dist/Turbo Video.app/Contents/Frameworks/av/subtitles/subtitle.abi3.so: replacing existing signature
/Users/jaydenmanno/AI/MoneyPrinterTurbo/desktop/dist/Turbo Video.app/Contents/Frameworks/av/subtitles/codeccontext.abi3.so: replacing existing signature
/Users/jaydenmanno/AI/MoneyPrinterTurbo/desktop/dist/Turbo Video.app/Contents/Frameworks/av/filter/context.abi3.so: replacing existing signature
/Users/jaydenmanno/AI/MoneyPrinterTurbo/desktop/dist/Turbo Video.app/Contents/Frameworks/av/filter/loudnorm.abi3.so: replacing existing signature
/Users/jaydenmanno/AI/MoneyPrinterTurbo/desktop/dist/Turbo Video.app/Contents/Frameworks/av/filter/graph.abi3.so: replacing existing signature
/Users/jaydenmanno/AI/MoneyPrinterTurbo/desktop/dist/Turbo Video.app/Contents/Frameworks/av/filter/filter.abi3.so: replacing existing signature
/Users/jaydenmanno/AI/MoneyPrinterTurbo/desktop/dist/Turbo Video.app/Contents/Frameworks/av/filter/link.abi3.so: replacing existing signature
/Users/jaydenmanno/AI/MoneyPrinterTurbo/desktop/dist/Turbo Video.app/Contents/Frameworks/av/sidedata/sidedata.abi3.so: replacing existing signature
/Users/jaydenmanno/AI/MoneyPrinterTurbo/desktop/dist/Turbo Video.app/Contents/Frameworks/av/sidedata/encparams.abi3.so: replacing existing signature
/Users/jaydenmanno/AI/MoneyPrinterTurbo/desktop/dist/Turbo Video.app/Contents/Frameworks/av/sidedata/motionvectors.abi3.so: replacing existing signature
/Users/jaydenmanno/AI/MoneyPrinterTurbo/desktop/dist/Turbo Video.app/Contents/Frameworks/av/descriptor.abi3.so: replacing existing signature
/Users/jaydenmanno/AI/MoneyPrinterTurbo/desktop/dist/Turbo Video.app/Contents/Frameworks/av/logging.abi3.so: replacing existing signature
/Users/jaydenmanno/AI/MoneyPrinterTurbo/desktop/dist/Turbo Video.app/Contents/Frameworks/libtcl9tk9.0.dylib: replacing existing signature
/Users/jaydenmanno/AI/MoneyPrinterTurbo/desktop/dist/Turbo Video.app/Contents/Frameworks/rpds/rpds.cpython-311-darwin.so: replacing existing signature
/Users/jaydenmanno/AI/MoneyPrinterTurbo/desktop/dist/Turbo Video.app/Contents/Frameworks/propcache/_helpers_c.cpython-311-darwin.so: replacing existing signature
/Users/jaydenmanno/AI/MoneyPrinterTurbo/desktop/dist/Turbo Video.app/Contents/Frameworks/libavfilter.12.1.101.dylib: replacing existing signature
/Users/jaydenmanno/AI/MoneyPrinterTurbo/desktop/dist/Turbo Video.app/Contents/Frameworks/bin/ffmpeg: replacing existing signature
/Users/jaydenmanno/AI/MoneyPrinterTurbo/desktop/dist/Turbo Video.app/Contents/Frameworks/bin/ffprobe: replacing existing signature
/Users/jaydenmanno/AI/MoneyPrinterTurbo/desktop/dist/Turbo Video.app/Contents/Frameworks/Security/_Security.cpython-311-darwin.so: replacing existing signature
/Users/jaydenmanno/AI/MoneyPrinterTurbo/desktop/dist/Turbo Video.app/Contents/Frameworks/cryptography/hazmat/bindings/_rust.abi3.so: replacing existing signature
/Users/jaydenmanno/AI/MoneyPrinterTurbo/desktop/dist/Turbo Video.app/Contents/Frameworks/frozenlist/_frozenlist.cpython-311-darwin.so: replacing existing signature
/Users/jaydenmanno/AI/MoneyPrinterTurbo/desktop/dist/Turbo Video.app/Contents/Frameworks/google/_upb/_message.abi3.so: replacing existing signature
/Users/jaydenmanno/AI/MoneyPrinterTurbo/desktop/dist/Turbo Video.app/Contents/Frameworks/libpython3.11.dylib: replacing existing signature
/Users/jaydenmanno/AI/MoneyPrinterTurbo/desktop/dist/Turbo Video.app/Contents/Frameworks/libssl.3.dylib: replacing existing signature
/Users/jaydenmanno/AI/MoneyPrinterTurbo/desktop/dist/Turbo Video.app/Contents/Frameworks/Foundation/_inlines.cpython-311-darwin.so: replacing existing signature
/Users/jaydenmanno/AI/MoneyPrinterTurbo/desktop/dist/Turbo Video.app/Contents/Frameworks/Foundation/_Foundation.cpython-311-darwin.so: replacing existing signature
/Users/jaydenmanno/AI/MoneyPrinterTurbo/desktop/dist/Turbo Video.app/Contents/Frameworks/websockets/speedups.cpython-311-darwin.so: replacing existing signature
/Users/jaydenmanno/AI/MoneyPrinterTurbo/desktop/dist/Turbo Video.app/Contents/Frameworks/libcrypto.3.dylib: replacing existing signature
/Users/jaydenmanno/AI/MoneyPrinterTurbo/desktop/dist/Turbo Video.app/Contents/Frameworks/libswresample.7.1.101.dylib: replacing existing signature
/Users/jaydenmanno/AI/MoneyPrinterTurbo/desktop/dist/Turbo Video.app/Contents/Frameworks/libswscale.10.1.101.dylib: replacing existing signature
/Users/jaydenmanno/AI/MoneyPrinterTurbo/desktop/dist/Turbo Video.app/Contents/Frameworks/numpy/linalg/_umath_linalg.cpython-311-darwin.so: replacing existing signature
/Users/jaydenmanno/AI/MoneyPrinterTurbo/desktop/dist/Turbo Video.app/Contents/Frameworks/numpy/_core/_multiarray_umath.cpython-311-darwin.so: replacing existing signature
/Users/jaydenmanno/AI/MoneyPrinterTurbo/desktop/dist/Turbo Video.app/Contents/Frameworks/numpy/_core/_multiarray_tests.cpython-311-darwin.so: replacing existing signature
/Users/jaydenmanno/AI/MoneyPrinterTurbo/desktop/dist/Turbo Video.app/Contents/Frameworks/numpy/fft/_pocketfft_umath.cpython-311-darwin.so: replacing existing signature
/Users/jaydenmanno/AI/MoneyPrinterTurbo/desktop/dist/Turbo Video.app/Contents/Frameworks/numpy/random/_generator.cpython-311-darwin.so: replacing existing signature
/Users/jaydenmanno/AI/MoneyPrinterTurbo/desktop/dist/Turbo Video.app/Contents/Frameworks/numpy/random/_common.cpython-311-darwin.so: replacing existing signature
/Users/jaydenmanno/AI/MoneyPrinterTurbo/desktop/dist/Turbo Video.app/Contents/Frameworks/numpy/random/mtrand.cpython-311-darwin.so: replacing existing signature
/Users/jaydenmanno/AI/MoneyPrinterTurbo/desktop/dist/Turbo Video.app/Contents/Frameworks/numpy/random/_sfc64.cpython-311-darwin.so: replacing existing signature
/Users/jaydenmanno/AI/MoneyPrinterTurbo/desktop/dist/Turbo Video.app/Contents/Frameworks/numpy/random/_pcg64.cpython-311-darwin.so: replacing existing signature
/Users/jaydenmanno/AI/MoneyPrinterTurbo/desktop/dist/Turbo Video.app/Contents/Frameworks/numpy/random/_philox.cpython-311-darwin.so: replacing existing signature
/Users/jaydenmanno/AI/MoneyPrinterTurbo/desktop/dist/Turbo Video.app/Contents/Frameworks/numpy/random/_mt19937.cpython-311-darwin.so: replacing existing signature
/Users/jaydenmanno/AI/MoneyPrinterTurbo/desktop/dist/Turbo Video.app/Contents/Frameworks/numpy/random/_bounded_integers.cpython-311-darwin.so: replacing existing signature
/Users/jaydenmanno/AI/MoneyPrinterTurbo/desktop/dist/Turbo Video.app/Contents/Frameworks/numpy/random/bit_generator.cpython-311-darwin.so: replacing existing signature
/Users/jaydenmanno/AI/MoneyPrinterTurbo/desktop/dist/Turbo Video.app/Contents/Frameworks/charset_normalizer/cd.cpython-311-darwin.so: replacing existing signature
/Users/jaydenmanno/AI/MoneyPrinterTurbo/desktop/dist/Turbo Video.app/Contents/Frameworks/charset_normalizer/md.cpython-311-darwin.so: replacing existing signature
/Users/jaydenmanno/AI/MoneyPrinterTurbo/desktop/dist/Turbo Video.app/Contents/Frameworks/httptools/parser/parser.cpython-311-darwin.so: replacing existing signature
/Users/jaydenmanno/AI/MoneyPrinterTurbo/desktop/dist/Turbo Video.app/Contents/Frameworks/httptools/parser/url_parser.cpython-311-darwin.so: replacing existing signature
/Users/jaydenmanno/AI/MoneyPrinterTurbo/desktop/dist/Turbo Video.app/Contents/Frameworks/PIL/__dot__dylibs/libavif.16.3.0.dylib: replacing existing signature
/Users/jaydenmanno/AI/MoneyPrinterTurbo/desktop/dist/Turbo Video.app/Contents/Frameworks/PIL/__dot__dylibs/liblcms2.2.dylib: replacing existing signature
/Users/jaydenmanno/AI/MoneyPrinterTurbo/desktop/dist/Turbo Video.app/Contents/Frameworks/PIL/__dot__dylibs/libpng16.16.dylib: replacing existing signature
/Users/jaydenmanno/AI/MoneyPrinterTurbo/desktop/dist/Turbo Video.app/Contents/Frameworks/PIL/__dot__dylibs/libxcb.1.1.0.dylib: replacing existing signature
/Users/jaydenmanno/AI/MoneyPrinterTurbo/desktop/dist/Turbo Video.app/Contents/Frameworks/PIL/__dot__dylibs/libjpeg.62.4.0.dylib: replacing existing signature
/Users/jaydenmanno/AI/MoneyPrinterTurbo/desktop/dist/Turbo Video.app/Contents/Frameworks/PIL/__dot__dylibs/libbrotlidec.1.1.0.dylib: replacing existing signature
/Users/jaydenmanno/AI/MoneyPrinterTurbo/desktop/dist/Turbo Video.app/Contents/Frameworks/PIL/__dot__dylibs/libfreetype.6.dylib: replacing existing signature
/Users/jaydenmanno/AI/MoneyPrinterTurbo/desktop/dist/Turbo Video.app/Contents/Frameworks/PIL/__dot__dylibs/libbrotlicommon.1.1.0.dylib: replacing existing signature
/Users/jaydenmanno/AI/MoneyPrinterTurbo/desktop/dist/Turbo Video.app/Contents/Frameworks/PIL/__dot__dylibs/libharfbuzz.0.dylib: replacing existing signature
/Users/jaydenmanno/AI/MoneyPrinterTurbo/desktop/dist/Turbo Video.app/Contents/Frameworks/PIL/__dot__dylibs/libsharpyuv.0.dylib: replacing existing signature
/Users/jaydenmanno/AI/MoneyPrinterTurbo/desktop/dist/Turbo Video.app/Contents/Frameworks/PIL/__dot__dylibs/libz.1.3.1.zlib-ng.dylib: replacing existing signature
/Users/jaydenmanno/AI/MoneyPrinterTurbo/desktop/dist/Turbo Video.app/Contents/Frameworks/PIL/__dot__dylibs/libwebp.7.dylib: replacing existing signature
/Users/jaydenmanno/AI/MoneyPrinterTurbo/desktop/dist/Turbo Video.app/Contents/Frameworks/PIL/__dot__dylibs/libXau.6.dylib: replacing existing signature
/Users/jaydenmanno/AI/MoneyPrinterTurbo/desktop/dist/Turbo Video.app/Contents/Frameworks/PIL/__dot__dylibs/libwebpmux.3.dylib: replacing existing signature
/Users/jaydenmanno/AI/MoneyPrinterTurbo/desktop/dist/Turbo Video.app/Contents/Frameworks/PIL/__dot__dylibs/libwebpdemux.2.dylib: replacing existing signature
/Users/jaydenmanno/AI/MoneyPrinterTurbo/desktop/dist/Turbo Video.app/Contents/Frameworks/PIL/__dot__dylibs/liblzma.5.dylib: replacing existing signature
/Users/jaydenmanno/AI/MoneyPrinterTurbo/desktop/dist/Turbo Video.app/Contents/Frameworks/PIL/__dot__dylibs/libopenjp2.2.5.3.dylib: replacing existing signature
/Users/jaydenmanno/AI/MoneyPrinterTurbo/desktop/dist/Turbo Video.app/Contents/Frameworks/PIL/__dot__dylibs/libtiff.6.dylib: replacing existing signature
/Users/jaydenmanno/AI/MoneyPrinterTurbo/desktop/dist/Turbo Video.app/Contents/Frameworks/PIL/_imagingtk.cpython-311-darwin.so: replacing existing signature
/Users/jaydenmanno/AI/MoneyPrinterTurbo/desktop/dist/Turbo Video.app/Contents/Frameworks/PIL/_avif.cpython-311-darwin.so: replacing existing signature
/Users/jaydenmanno/AI/MoneyPrinterTurbo/desktop/dist/Turbo Video.app/Contents/Frameworks/PIL/_imagingmath.cpython-311-darwin.so: replacing existing signature
/Users/jaydenmanno/AI/MoneyPrinterTurbo/desktop/dist/Turbo Video.app/Contents/Frameworks/PIL/_imaging.cpython-311-darwin.so: replacing existing signature
/Users/jaydenmanno/AI/MoneyPrinterTurbo/desktop/dist/Turbo Video.app/Contents/Frameworks/PIL/_webp.cpython-311-darwin.so: replacing existing signature
/Users/jaydenmanno/AI/MoneyPrinterTurbo/desktop/dist/Turbo Video.app/Contents/Frameworks/PIL/_imagingft.cpython-311-darwin.so: replacing existing signature
/Users/jaydenmanno/AI/MoneyPrinterTurbo/desktop/dist/Turbo Video.app/Contents/Frameworks/PIL/_imagingcms.cpython-311-darwin.so: replacing existing signature
/Users/jaydenmanno/AI/MoneyPrinterTurbo/desktop/dist/Turbo Video.app/Contents/Frameworks/multidict/_multidict.cpython-311-darwin.so: replacing existing signature
/Users/jaydenmanno/AI/MoneyPrinterTurbo/desktop/dist/Turbo Video.app/Contents/Frameworks/python3__dot__11/lib-dynload/_tkinter.cpython-311-darwin.so: replacing existing signature
/Users/jaydenmanno/AI/MoneyPrinterTurbo/desktop/dist/Turbo Video.app/Contents/Frameworks/libavutil.61.1.101.dylib: replacing existing signature
/Users/jaydenmanno/AI/MoneyPrinterTurbo/desktop/dist/Turbo Video.app/Contents/Frameworks/lib/libmpg123.0.dylib: replacing existing signature
/Users/jaydenmanno/AI/MoneyPrinterTurbo/desktop/dist/Turbo Video.app/Contents/Frameworks/lib/libvmaf.3.dylib: replacing existing signature
/Users/jaydenmanno/AI/MoneyPrinterTurbo/desktop/dist/Turbo Video.app/Contents/Frameworks/lib/libSvtAv1Enc.4.2.0.dylib: replacing existing signature
/Users/jaydenmanno/AI/MoneyPrinterTurbo/desktop/dist/Turbo Video.app/Contents/Frameworks/lib/libavdevice.63.1.101.dylib: replacing existing signature
/Users/jaydenmanno/AI/MoneyPrinterTurbo/desktop/dist/Turbo Video.app/Contents/Frameworks/lib/libavfilter.12.1.101.dylib: replacing existing signature
/Users/jaydenmanno/AI/MoneyPrinterTurbo/desktop/dist/Turbo Video.app/Contents/Frameworks/lib/libdav1d.7.dylib: replacing existing signature
/Users/jaydenmanno/AI/MoneyPrinterTurbo/desktop/dist/Turbo Video.app/Contents/Frameworks/lib/libssl.3.dylib: replacing existing signature
/Users/jaydenmanno/AI/MoneyPrinterTurbo/desktop/dist/Turbo Video.app/Contents/Frameworks/lib/libx264.165.dylib: replacing existing signature
/Users/jaydenmanno/AI/MoneyPrinterTurbo/desktop/dist/Turbo Video.app/Contents/Frameworks/lib/libmp3lame.0.dylib: replacing existing signature
/Users/jaydenmanno/AI/MoneyPrinterTurbo/desktop/dist/Turbo Video.app/Contents/Frameworks/lib/libcrypto.3.dylib: replacing existing signature
/Users/jaydenmanno/AI/MoneyPrinterTurbo/desktop/dist/Turbo Video.app/Contents/Frameworks/lib/libswresample.7.1.101.dylib: replacing existing signature
/Users/jaydenmanno/AI/MoneyPrinterTurbo/desktop/dist/Turbo Video.app/Contents/Frameworks/lib/libswscale.10.1.101.dylib: replacing existing signature
/Users/jaydenmanno/AI/MoneyPrinterTurbo/desktop/dist/Turbo Video.app/Contents/Frameworks/lib/libavutil.61.1.101.dylib: replacing existing signature
/Users/jaydenmanno/AI/MoneyPrinterTurbo/desktop/dist/Turbo Video.app/Contents/Frameworks/lib/libavcodec.63.1.101.dylib: replacing existing signature
/Users/jaydenmanno/AI/MoneyPrinterTurbo/desktop/dist/Turbo Video.app/Contents/Frameworks/lib/liblzma.5.dylib: replacing existing signature
/Users/jaydenmanno/AI/MoneyPrinterTurbo/desktop/dist/Turbo Video.app/Contents/Frameworks/lib/libvpx.12.dylib: replacing existing signature
/Users/jaydenmanno/AI/MoneyPrinterTurbo/desktop/dist/Turbo Video.app/Contents/Frameworks/lib/libavformat.63.1.101.dylib: replacing existing signature
/Users/jaydenmanno/AI/MoneyPrinterTurbo/desktop/dist/Turbo Video.app/Contents/Frameworks/lib/libx265.216.dylib: replacing existing signature
/Users/jaydenmanno/AI/MoneyPrinterTurbo/desktop/dist/Turbo Video.app/Contents/Frameworks/lib/libopus.0.dylib: replacing existing signature
/Users/jaydenmanno/AI/MoneyPrinterTurbo/desktop/dist/Turbo Video.app/Contents/Frameworks/AppKit/_inlines.cpython-311-darwin.so: replacing existing signature
/Users/jaydenmanno/AI/MoneyPrinterTurbo/desktop/dist/Turbo Video.app/Contents/Frameworks/AppKit/_AppKit.cpython-311-darwin.so: replacing existing signature
/Users/jaydenmanno/AI/MoneyPrinterTurbo/desktop/dist/Turbo Video.app/Contents/Frameworks/yaml/_yaml.cpython-311-darwin.so: replacing existing signature
/Users/jaydenmanno/AI/MoneyPrinterTurbo/desktop/dist/Turbo Video.app/Contents/Frameworks/libavcodec.63.1.101.dylib: replacing existing signature
/Users/jaydenmanno/AI/MoneyPrinterTurbo/desktop/dist/Turbo Video.app/Contents/Frameworks/objc/_machsignals.cpython-311-darwin.so: replacing existing signature
/Users/jaydenmanno/AI/MoneyPrinterTurbo/desktop/dist/Turbo Video.app/Contents/Frameworks/objc/_objc.cpython-311-darwin.so: replacing existing signature
/Users/jaydenmanno/AI/MoneyPrinterTurbo/desktop/dist/Turbo Video.app/Contents/Frameworks/yarl/_quoting_c.cpython-311-darwin.so: replacing existing signature
/Users/jaydenmanno/AI/MoneyPrinterTurbo/desktop/dist/Turbo Video.app/Contents/Frameworks/CoreFoundation/_inlines.cpython-311-darwin.so: replacing existing signature
/Users/jaydenmanno/AI/MoneyPrinterTurbo/desktop/dist/Turbo Video.app/Contents/Frameworks/CoreFoundation/_CoreFoundation.cpython-311-darwin.so: replacing existing signature
/Users/jaydenmanno/AI/MoneyPrinterTurbo/desktop/dist/Turbo Video.app/Contents/Frameworks/pydantic_core/_pydantic_core.cpython-311-darwin.so: replacing existing signature
/Users/jaydenmanno/AI/MoneyPrinterTurbo/desktop/dist/Turbo Video.app/Contents/Frameworks/pandas/_libs/index.cpython-311-darwin.so: replacing existing signature
/Users/jaydenmanno/AI/MoneyPrinterTurbo/desktop/dist/Turbo Video.app/Contents/Frameworks/pandas/_libs/algos.cpython-311-darwin.so: replacing existing signature
/Users/jaydenmanno/AI/MoneyPrinterTurbo/desktop/dist/Turbo Video.app/Contents/Frameworks/pandas/_libs/tslib.cpython-311-darwin.so: replacing existing signature
/Users/jaydenmanno/AI/MoneyPrinterTurbo/desktop/dist/Turbo Video.app/Contents/Frameworks/pandas/_libs/json.cpython-311-darwin.so: replacing existing signature
/Users/jaydenmanno/AI/MoneyPrinterTurbo/desktop/dist/Turbo Video.app/Contents/Frameworks/pandas/_libs/hashtable.cpython-311-darwin.so: replacing existing signature
/Users/jaydenmanno/AI/MoneyPrinterTurbo/desktop/dist/Turbo Video.app/Contents/Frameworks/pandas/_libs/groupby.cpython-311-darwin.so: replacing existing signature
/Users/jaydenmanno/AI/MoneyPrinterTurbo/desktop/dist/Turbo Video.app/Contents/Frameworks/pandas/_libs/ops.cpython-311-darwin.so: replacing existing signature
/Users/jaydenmanno/AI/MoneyPrinterTurbo/desktop/dist/Turbo Video.app/Contents/Frameworks/pandas/_libs/parsers.cpython-311-darwin.so: replacing existing signature
/Users/jaydenmanno/AI/MoneyPrinterTurbo/desktop/dist/Turbo Video.app/Contents/Frameworks/pandas/_libs/indexing.cpython-311-darwin.so: replacing existing signature
/Users/jaydenmanno/AI/MoneyPrinterTurbo/desktop/dist/Turbo Video.app/Contents/Frameworks/pandas/_libs/missing.cpython-311-darwin.so: replacing existing signature
/Users/jaydenmanno/AI/MoneyPrinterTurbo/desktop/dist/Turbo Video.app/Contents/Frameworks/pandas/_libs/hashing.cpython-311-darwin.so: replacing existing signature
/Users/jaydenmanno/AI/MoneyPrinterTurbo/desktop/dist/Turbo Video.app/Contents/Frameworks/pandas/_libs/sparse.cpython-311-darwin.so: replacing existing signature
/Users/jaydenmanno/AI/MoneyPrinterTurbo/desktop/dist/Turbo Video.app/Contents/Frameworks/pandas/_libs/arrays.cpython-311-darwin.so: replacing existing signature
/Users/jaydenmanno/AI/MoneyPrinterTurbo/desktop/dist/Turbo Video.app/Contents/Frameworks/pandas/_libs/sas.cpython-311-darwin.so: replacing existing signature
/Users/jaydenmanno/AI/MoneyPrinterTurbo/desktop/dist/Turbo Video.app/Contents/Frameworks/pandas/_libs/reshape.cpython-311-darwin.so: replacing existing signature
/Users/jaydenmanno/AI/MoneyPrinterTurbo/desktop/dist/Turbo Video.app/Contents/Frameworks/pandas/_libs/join.cpython-311-darwin.so: replacing existing signature
/Users/jaydenmanno/AI/MoneyPrinterTurbo/desktop/dist/Turbo Video.app/Contents/Frameworks/pandas/_libs/testing.cpython-311-darwin.so: replacing existing signature
/Users/jaydenmanno/AI/MoneyPrinterTurbo/desktop/dist/Turbo Video.app/Contents/Frameworks/pandas/_libs/lib.cpython-311-darwin.so: replacing existing signature
/Users/jaydenmanno/AI/MoneyPrinterTurbo/desktop/dist/Turbo Video.app/Contents/Frameworks/pandas/_libs/window/indexers.cpython-311-darwin.so: replacing existing signature
/Users/jaydenmanno/AI/MoneyPrinterTurbo/desktop/dist/Turbo Video.app/Contents/Frameworks/pandas/_libs/window/aggregations.cpython-311-darwin.so: replacing existing signature
/Users/jaydenmanno/AI/MoneyPrinterTurbo/desktop/dist/Turbo Video.app/Contents/Frameworks/pandas/_libs/internals.cpython-311-darwin.so: replacing existing signature
/Users/jaydenmanno/AI/MoneyPrinterTurbo/desktop/dist/Turbo Video.app/Contents/Frameworks/pandas/_libs/pandas_parser.cpython-311-darwin.so: replacing existing signature
/Users/jaydenmanno/AI/MoneyPrinterTurbo/desktop/dist/Turbo Video.app/Contents/Frameworks/pandas/_libs/byteswap.cpython-311-darwin.so: replacing existing signature
/Users/jaydenmanno/AI/MoneyPrinterTurbo/desktop/dist/Turbo Video.app/Contents/Frameworks/pandas/_libs/tslibs/strptime.cpython-311-darwin.so: replacing existing signature
/Users/jaydenmanno/AI/MoneyPrinterTurbo/desktop/dist/Turbo Video.app/Contents/Frameworks/pandas/_libs/tslibs/dtypes.cpython-311-darwin.so: replacing existing signature
/Users/jaydenmanno/AI/MoneyPrinterTurbo/desktop/dist/Turbo Video.app/Contents/Frameworks/pandas/_libs/tslibs/vectorized.cpython-311-darwin.so: replacing existing signature
/Users/jaydenmanno/AI/MoneyPrinterTurbo/desktop/dist/Turbo Video.app/Contents/Frameworks/pandas/_libs/tslibs/base.cpython-311-darwin.so: replacing existing signature
/Users/jaydenmanno/AI/MoneyPrinterTurbo/desktop/dist/Turbo Video.app/Contents/Frameworks/pandas/_libs/tslibs/parsing.cpython-311-darwin.so: replacing existing signature
/Users/jaydenmanno/AI/MoneyPrinterTurbo/desktop/dist/Turbo Video.app/Contents/Frameworks/pandas/_libs/tslibs/timestamps.cpython-311-darwin.so: replacing existing signature
/Users/jaydenmanno/AI/MoneyPrinterTurbo/desktop/dist/Turbo Video.app/Contents/Frameworks/pandas/_libs/tslibs/np_datetime.cpython-311-darwin.so: replacing existing signature
/Users/jaydenmanno/AI/MoneyPrinterTurbo/desktop/dist/Turbo Video.app/Contents/Frameworks/pandas/_libs/tslibs/timezones.cpython-311-darwin.so: replacing existing signature
/Users/jaydenmanno/AI/MoneyPrinterTurbo/desktop/dist/Turbo Video.app/Contents/Frameworks/pandas/_libs/tslibs/period.cpython-311-darwin.so: replacing existing signature
/Users/jaydenmanno/AI/MoneyPrinterTurbo/desktop/dist/Turbo Video.app/Contents/Frameworks/pandas/_libs/tslibs/conversion.cpython-311-darwin.so: replacing existing signature
/Users/jaydenmanno/AI/MoneyPrinterTurbo/desktop/dist/Turbo Video.app/Contents/Frameworks/pandas/_libs/tslibs/nattype.cpython-311-darwin.so: replacing existing signature
/Users/jaydenmanno/AI/MoneyPrinterTurbo/desktop/dist/Turbo Video.app/Contents/Frameworks/pandas/_libs/tslibs/fields.cpython-311-darwin.so: replacing existing signature
/Users/jaydenmanno/AI/MoneyPrinterTurbo/desktop/dist/Turbo Video.app/Contents/Frameworks/pandas/_libs/tslibs/tzconversion.cpython-311-darwin.so: replacing existing signature
/Users/jaydenmanno/AI/MoneyPrinterTurbo/desktop/dist/Turbo Video.app/Contents/Frameworks/pandas/_libs/tslibs/offsets.cpython-311-darwin.so: replacing existing signature
/Users/jaydenmanno/AI/MoneyPrinterTurbo/desktop/dist/Turbo Video.app/Contents/Frameworks/pandas/_libs/tslibs/timedeltas.cpython-311-darwin.so: replacing existing signature
/Users/jaydenmanno/AI/MoneyPrinterTurbo/desktop/dist/Turbo Video.app/Contents/Frameworks/pandas/_libs/tslibs/ccalendar.cpython-311-darwin.so: replacing existing signature
/Users/jaydenmanno/AI/MoneyPrinterTurbo/desktop/dist/Turbo Video.app/Contents/Frameworks/pandas/_libs/properties.cpython-311-darwin.so: replacing existing signature
/Users/jaydenmanno/AI/MoneyPrinterTurbo/desktop/dist/Turbo Video.app/Contents/Frameworks/pandas/_libs/ops_dispatch.cpython-311-darwin.so: replacing existing signature
/Users/jaydenmanno/AI/MoneyPrinterTurbo/desktop/dist/Turbo Video.app/Contents/Frameworks/pandas/_libs/pandas_datetime.cpython-311-darwin.so: replacing existing signature
/Users/jaydenmanno/AI/MoneyPrinterTurbo/desktop/dist/Turbo Video.app/Contents/Frameworks/pandas/_libs/writers.cpython-311-darwin.so: replacing existing signature
/Users/jaydenmanno/AI/MoneyPrinterTurbo/desktop/dist/Turbo Video.app/Contents/Frameworks/pandas/_libs/interval.cpython-311-darwin.so: replacing existing signature
/Users/jaydenmanno/AI/MoneyPrinterTurbo/desktop/dist/Turbo Video.app/Contents/Frameworks/libvpx.12.dylib: replacing existing signature
/Users/jaydenmanno/AI/MoneyPrinterTurbo/desktop/dist/Turbo Video.app/Contents/Frameworks/pyarrow/libarrow.2300.dylib: replacing existing signature
/Users/jaydenmanno/AI/MoneyPrinterTurbo/desktop/dist/Turbo Video.app/Contents/Frameworks/pyarrow/libarrow_python_flight.2300.dylib: replacing existing signature
/Users/jaydenmanno/AI/MoneyPrinterTurbo/desktop/dist/Turbo Video.app/Contents/Frameworks/pyarrow/_feather.cpython-311-darwin.so: replacing existing signature
/Users/jaydenmanno/AI/MoneyPrinterTurbo/desktop/dist/Turbo Video.app/Contents/Frameworks/pyarrow/_parquet_encryption.cpython-311-darwin.so: replacing existing signature
/Users/jaydenmanno/AI/MoneyPrinterTurbo/desktop/dist/Turbo Video.app/Contents/Frameworks/pyarrow/_substrait.cpython-311-darwin.so: replacing existing signature
/Users/jaydenmanno/AI/MoneyPrinterTurbo/desktop/dist/Turbo Video.app/Contents/Frameworks/pyarrow/_dataset_parquet_encryption.cpython-311-darwin.so: replacing existing signature
/Users/jaydenmanno/AI/MoneyPrinterTurbo/desktop/dist/Turbo Video.app/Contents/Frameworks/pyarrow/_compute.cpython-311-darwin.so: replacing existing signature
/Users/jaydenmanno/AI/MoneyPrinterTurbo/desktop/dist/Turbo Video.app/Contents/Frameworks/pyarrow/_flight.cpython-311-darwin.so: replacing existing signature
/Users/jaydenmanno/AI/MoneyPrinterTurbo/desktop/dist/Turbo Video.app/Contents/Frameworks/pyarrow/_json.cpython-311-darwin.so: replacing existing signature
/Users/jaydenmanno/AI/MoneyPrinterTurbo/desktop/dist/Turbo Video.app/Contents/Frameworks/pyarrow/libparquet.2300.dylib: replacing existing signature
/Users/jaydenmanno/AI/MoneyPrinterTurbo/desktop/dist/Turbo Video.app/Contents/Frameworks/pyarrow/_dataset.cpython-311-darwin.so: replacing existing signature
/Users/jaydenmanno/AI/MoneyPrinterTurbo/desktop/dist/Turbo Video.app/Contents/Frameworks/pyarrow/libarrow_python.2300.dylib: replacing existing signature
/Users/jaydenmanno/AI/MoneyPrinterTurbo/desktop/dist/Turbo Video.app/Contents/Frameworks/pyarrow/_gcsfs.cpython-311-darwin.so: replacing existing signature
/Users/jaydenmanno/AI/MoneyPrinterTurbo/desktop/dist/Turbo Video.app/Contents/Frameworks/pyarrow/_hdfs.cpython-311-darwin.so: replacing existing signature
/Users/jaydenmanno/AI/MoneyPrinterTurbo/desktop/dist/Turbo Video.app/Contents/Frameworks/pyarrow/libarrow_substrait.2300.dylib: replacing existing signature
/Users/jaydenmanno/AI/MoneyPrinterTurbo/desktop/dist/Turbo Video.app/Contents/Frameworks/pyarrow/_dataset_parquet.cpython-311-darwin.so: replacing existing signature
/Users/jaydenmanno/AI/MoneyPrinterTurbo/desktop/dist/Turbo Video.app/Contents/Frameworks/pyarrow/libarrow_compute.2300.dylib: replacing existing signature
/Users/jaydenmanno/AI/MoneyPrinterTurbo/desktop/dist/Turbo Video.app/Contents/Frameworks/pyarrow/libarrow_flight.2300.dylib: replacing existing signature
/Users/jaydenmanno/AI/MoneyPrinterTurbo/desktop/dist/Turbo Video.app/Contents/Frameworks/pyarrow/libarrow_python_flight.dylib: replacing existing signature
/Users/jaydenmanno/AI/MoneyPrinterTurbo/desktop/dist/Turbo Video.app/Contents/Frameworks/pyarrow/libarrow_python_flight.2300.1.0.dylib: replacing existing signature
/Users/jaydenmanno/AI/MoneyPrinterTurbo/desktop/dist/Turbo Video.app/Contents/Frameworks/pyarrow/lib.cpython-311-darwin.so: replacing existing signature
/Users/jaydenmanno/AI/MoneyPrinterTurbo/desktop/dist/Turbo Video.app/Contents/Frameworks/pyarrow/_orc.cpython-311-darwin.so: replacing existing signature
/Users/jaydenmanno/AI/MoneyPrinterTurbo/desktop/dist/Turbo Video.app/Contents/Frameworks/pyarrow/libarrow_python_parquet_encryption.2300.1.0.dylib: replacing existing signature
/Users/jaydenmanno/AI/MoneyPrinterTurbo/desktop/dist/Turbo Video.app/Contents/Frameworks/pyarrow/_parquet.cpython-311-darwin.so: replacing existing signature
/Users/jaydenmanno/AI/MoneyPrinterTurbo/desktop/dist/Turbo Video.app/Contents/Frameworks/pyarrow/libarrow_acero.2300.dylib: replacing existing signature
/Users/jaydenmanno/AI/MoneyPrinterTurbo/desktop/dist/Turbo Video.app/Contents/Frameworks/pyarrow/_azurefs.cpython-311-darwin.so: replacing existing signature
/Users/jaydenmanno/AI/MoneyPrinterTurbo/desktop/dist/Turbo Video.app/Contents/Frameworks/pyarrow/_acero.cpython-311-darwin.so: replacing existing signature
/Users/jaydenmanno/AI/MoneyPrinterTurbo/desktop/dist/Turbo Video.app/Contents/Frameworks/pyarrow/_dataset_orc.cpython-311-darwin.so: replacing existing signature
/Users/jaydenmanno/AI/MoneyPrinterTurbo/desktop/dist/Turbo Video.app/Contents/Frameworks/pyarrow/_s3fs.cpython-311-darwin.so: replacing existing signature
/Users/jaydenmanno/AI/MoneyPrinterTurbo/desktop/dist/Turbo Video.app/Contents/Frameworks/pyarrow/libarrow_python.dylib: replacing existing signature
/Users/jaydenmanno/AI/MoneyPrinterTurbo/desktop/dist/Turbo Video.app/Contents/Frameworks/pyarrow/libarrow_dataset.2300.dylib: replacing existing signature
/Users/jaydenmanno/AI/MoneyPrinterTurbo/desktop/dist/Turbo Video.app/Contents/Frameworks/pyarrow/libarrow_python_parquet_encryption.dylib: replacing existing signature
/Users/jaydenmanno/AI/MoneyPrinterTurbo/desktop/dist/Turbo Video.app/Contents/Frameworks/pyarrow/libarrow_python_parquet_encryption.2300.dylib: replacing existing signature
/Users/jaydenmanno/AI/MoneyPrinterTurbo/desktop/dist/Turbo Video.app/Contents/Frameworks/pyarrow/_fs.cpython-311-darwin.so: replacing existing signature
/Users/jaydenmanno/AI/MoneyPrinterTurbo/desktop/dist/Turbo Video.app/Contents/Frameworks/pyarrow/libarrow_python.2300.1.0.dylib: replacing existing signature
/Users/jaydenmanno/AI/MoneyPrinterTurbo/desktop/dist/Turbo Video.app/Contents/Frameworks/pyarrow/_csv.cpython-311-darwin.so: replacing existing signature
/Users/jaydenmanno/AI/MoneyPrinterTurbo/desktop/dist/Turbo Video.app/Contents/Frameworks/libavformat.63.1.101.dylib: replacing existing signature
/Users/jaydenmanno/AI/MoneyPrinterTurbo/desktop/dist/Turbo Video.app/Contents/Frameworks/libx265.216.dylib: replacing existing signature
/Users/jaydenmanno/AI/MoneyPrinterTurbo/desktop/dist/Turbo Video.app: replacing existing signature
--prepared:/Users/jaydenmanno/AI/MoneyPrinterTurbo/desktop/dist/Turbo Video.app/Contents/Frameworks/_cffi_backend.cpython-311-darwin.so
--validated:/Users/jaydenmanno/AI/MoneyPrinterTurbo/desktop/dist/Turbo Video.app/Contents/Frameworks/_cffi_backend.cpython-311-darwin.so
--prepared:/Users/jaydenmanno/AI/MoneyPrinterTurbo/desktop/dist/Turbo Video.app/Contents/Frameworks/81d243bd2c585b0f4821__mypyc.cpython-311-darwin.so
--validated:/Users/jaydenmanno/AI/MoneyPrinterTurbo/desktop/dist/Turbo Video.app/Contents/Frameworks/81d243bd2c585b0f4821__mypyc.cpython-311-darwin.so
--prepared:/Users/jaydenmanno/AI/MoneyPrinterTurbo/desktop/dist/Turbo Video.app/Contents/Frameworks/aiohttp/_http_writer.cpython-311-darwin.so
--validated:/Users/jaydenmanno/AI/MoneyPrinterTurbo/desktop/dist/Turbo Video.app/Contents/Frameworks/aiohttp/_http_writer.cpython-311-darwin.so
--prepared:/Users/jaydenmanno/AI/MoneyPrinterTurbo/desktop/dist/Turbo Video.app/Contents/Frameworks/aiohttp/_websocket/mask.cpython-311-darwin.so
--validated:/Users/jaydenmanno/AI/MoneyPrinterTurbo/desktop/dist/Turbo Video.app/Contents/Frameworks/aiohttp/_websocket/mask.cpython-311-darwin.so
--prepared:/Users/jaydenmanno/AI/MoneyPrinterTurbo/desktop/dist/Turbo Video.app/Contents/Frameworks/aiohttp/_http_parser.cpython-311-darwin.so
--prepared:/Users/jaydenmanno/AI/MoneyPrinterTurbo/desktop/dist/Turbo Video.app/Contents/Frameworks/aiohttp/_websocket/reader_c.cpython-311-darwin.so
--prepared:/Users/jaydenmanno/AI/MoneyPrinterTurbo/desktop/dist/Turbo Video.app/Contents/Frameworks/libmpg123.0.dylib
--validated:/Users/jaydenmanno/AI/MoneyPrinterTurbo/desktop/dist/Turbo Video.app/Contents/Frameworks/aiohttp/_http_parser.cpython-311-darwin.so
--validated:/Users/jaydenmanno/AI/MoneyPrinterTurbo/desktop/dist/Turbo Video.app/Contents/Frameworks/aiohttp/_websocket/reader_c.cpython-311-darwin.so
--validated:/Users/jaydenmanno/AI/MoneyPrinterTurbo/desktop/dist/Turbo Video.app/Contents/Frameworks/libmpg123.0.dylib
--prepared:/Users/jaydenmanno/AI/MoneyPrinterTurbo/desktop/dist/Turbo Video.app/Contents/Frameworks/libvmaf.3.dylib
--validated:/Users/jaydenmanno/AI/MoneyPrinterTurbo/desktop/dist/Turbo Video.app/Contents/Frameworks/libvmaf.3.dylib
--prepared:/Users/jaydenmanno/AI/MoneyPrinterTurbo/desktop/dist/Turbo Video.app/Contents/Frameworks/libtcl9.0.dylib
--validated:/Users/jaydenmanno/AI/MoneyPrinterTurbo/desktop/dist/Turbo Video.app/Contents/Frameworks/libtcl9.0.dylib
--prepared:/Users/jaydenmanno/AI/MoneyPrinterTurbo/desktop/dist/Turbo Video.app/Contents/Frameworks/markupsafe/_speedups.cpython-311-darwin.so
--prepared:/Users/jaydenmanno/AI/MoneyPrinterTurbo/desktop/dist/Turbo Video.app/Contents/Frameworks/libavdevice.63.1.101.dylib
--validated:/Users/jaydenmanno/AI/MoneyPrinterTurbo/desktop/dist/Turbo Video.app/Contents/Frameworks/markupsafe/_speedups.cpython-311-darwin.so
--prepared:/Users/jaydenmanno/AI/MoneyPrinterTurbo/desktop/dist/Turbo Video.app/Contents/Frameworks/WebKit/_WebKit.cpython-311-darwin.so
--validated:/Users/jaydenmanno/AI/MoneyPrinterTurbo/desktop/dist/Turbo Video.app/Contents/Frameworks/libavdevice.63.1.101.dylib
--validated:/Users/jaydenmanno/AI/MoneyPrinterTurbo/desktop/dist/Turbo Video.app/Contents/Frameworks/WebKit/_WebKit.cpython-311-darwin.so
--prepared:/Users/jaydenmanno/AI/MoneyPrinterTurbo/desktop/dist/Turbo Video.app/Contents/Frameworks/av/device.abi3.so
--prepared:/Users/jaydenmanno/AI/MoneyPrinterTurbo/desktop/dist/Turbo Video.app/Contents/Frameworks/av/video/reformatter.abi3.so
--validated:/Users/jaydenmanno/AI/MoneyPrinterTurbo/desktop/dist/Turbo Video.app/Contents/Frameworks/av/device.abi3.so
--validated:/Users/jaydenmanno/AI/MoneyPrinterTurbo/desktop/dist/Turbo Video.app/Contents/Frameworks/av/video/reformatter.abi3.so
--prepared:/Users/jaydenmanno/AI/MoneyPrinterTurbo/desktop/dist/Turbo Video.app/Contents/Frameworks/av/video/stream.abi3.so
--prepared:/Users/jaydenmanno/AI/MoneyPrinterTurbo/desktop/dist/Turbo Video.app/Contents/Frameworks/av/video/format.abi3.so
--prepared:/Users/jaydenmanno/AI/MoneyPrinterTurbo/desktop/dist/Turbo Video.app/Contents/Frameworks/av/video/codeccontext.abi3.so
--prepared:/Users/jaydenmanno/AI/MoneyPrinterTurbo/desktop/dist/Turbo Video.app/Contents/Frameworks/av/video/plane.abi3.so
--validated:/Users/jaydenmanno/AI/MoneyPrinterTurbo/desktop/dist/Turbo Video.app/Contents/Frameworks/av/video/format.abi3.so
--validated:/Users/jaydenmanno/AI/MoneyPrinterTurbo/desktop/dist/Turbo Video.app/Contents/Frameworks/av/video/stream.abi3.so
--prepared:/Users/jaydenmanno/AI/MoneyPrinterTurbo/desktop/dist/Turbo Video.app/Contents/Frameworks/av/buffer.abi3.so
--prepared:/Users/jaydenmanno/AI/MoneyPrinterTurbo/desktop/dist/Turbo Video.app/Contents/Frameworks/av/video/frame.abi3.so
--validated:/Users/jaydenmanno/AI/MoneyPrinterTurbo/desktop/dist/Turbo Video.app/Contents/Frameworks/av/buffer.abi3.so
--validated:/Users/jaydenmanno/AI/MoneyPrinterTurbo/desktop/dist/Turbo Video.app/Contents/Frameworks/av/video/codeccontext.abi3.so
--validated:/Users/jaydenmanno/AI/MoneyPrinterTurbo/desktop/dist/Turbo Video.app/Contents/Frameworks/av/video/plane.abi3.so
--validated:/Users/jaydenmanno/AI/MoneyPrinterTurbo/desktop/dist/Turbo Video.app/Contents/Frameworks/av/video/frame.abi3.so
--prepared:/Users/jaydenmanno/AI/MoneyPrinterTurbo/desktop/dist/Turbo Video.app/Contents/Frameworks/av/stream.abi3.so
--validated:/Users/jaydenmanno/AI/MoneyPrinterTurbo/desktop/dist/Turbo Video.app/Contents/Frameworks/av/stream.abi3.so
--prepared:/Users/jaydenmanno/AI/MoneyPrinterTurbo/desktop/dist/Turbo Video.app/Contents/Frameworks/av/packet.abi3.so
--validated:/Users/jaydenmanno/AI/MoneyPrinterTurbo/desktop/dist/Turbo Video.app/Contents/Frameworks/av/packet.abi3.so
--prepared:/Users/jaydenmanno/AI/MoneyPrinterTurbo/desktop/dist/Turbo Video.app/Contents/Frameworks/libSvtAv1Enc.4.2.0.dylib
--validated:/Users/jaydenmanno/AI/MoneyPrinterTurbo/desktop/dist/Turbo Video.app/Contents/Frameworks/libSvtAv1Enc.4.2.0.dylib
--prepared:/Users/jaydenmanno/AI/MoneyPrinterTurbo/desktop/dist/Turbo Video.app/Contents/Frameworks/av/__dot__dylibs/libmp3lame.0.dylib
--validated:/Users/jaydenmanno/AI/MoneyPrinterTurbo/desktop/dist/Turbo Video.app/Contents/Frameworks/av/__dot__dylibs/libmp3lame.0.dylib
--prepared:/Users/jaydenmanno/AI/MoneyPrinterTurbo/desktop/dist/Turbo Video.app/Contents/Frameworks/av/opaque.abi3.so
--prepared:/Users/jaydenmanno/AI/MoneyPrinterTurbo/desktop/dist/Turbo Video.app/Contents/Frameworks/av/__dot__dylibs/libvorbisenc.2.dylib
--validated:/Users/jaydenmanno/AI/MoneyPrinterTurbo/desktop/dist/Turbo Video.app/Contents/Frameworks/av/opaque.abi3.so
--validated:/Users/jaydenmanno/AI/MoneyPrinterTurbo/desktop/dist/Turbo Video.app/Contents/Frameworks/av/__dot__dylibs/libvorbisenc.2.dylib
--prepared:/Users/jaydenmanno/AI/MoneyPrinterTurbo/desktop/dist/Turbo Video.app/Contents/Frameworks/av/__dot__dylibs/libdav1d.7.dylib
--validated:/Users/jaydenmanno/AI/MoneyPrinterTurbo/desktop/dist/Turbo Video.app/Contents/Frameworks/av/__dot__dylibs/libdav1d.7.dylib
--prepared:/Users/jaydenmanno/AI/MoneyPrinterTurbo/desktop/dist/Turbo Video.app/Contents/Frameworks/av/__dot__dylibs/libwebp.7.1.10.dylib
--validated:/Users/jaydenmanno/AI/MoneyPrinterTurbo/desktop/dist/Turbo Video.app/Contents/Frameworks/av/__dot__dylibs/libwebp.7.1.10.dylib
--prepared:/Users/jaydenmanno/AI/MoneyPrinterTurbo/desktop/dist/Turbo Video.app/Contents/Frameworks/av/__dot__dylibs/libx264.165.dylib
--validated:/Users/jaydenmanno/AI/MoneyPrinterTurbo/desktop/dist/Turbo Video.app/Contents/Frameworks/av/__dot__dylibs/libx264.165.dylib
--prepared:/Users/jaydenmanno/AI/MoneyPrinterTurbo/desktop/dist/Turbo Video.app/Contents/Frameworks/av/__dot__dylibs/libopencore-amrnb.0.dylib
--prepared:/Users/jaydenmanno/AI/MoneyPrinterTurbo/desktop/dist/Turbo Video.app/Contents/Frameworks/av/__dot__dylibs/libsharpyuv.0.1.1.dylib
--validated:/Users/jaydenmanno/AI/MoneyPrinterTurbo/desktop/dist/Turbo Video.app/Contents/Frameworks/av/__dot__dylibs/libsharpyuv.0.1.1.dylib
--validated:/Users/jaydenmanno/AI/MoneyPrinterTurbo/desktop/dist/Turbo Video.app/Contents/Frameworks/av/__dot__dylibs/libopencore-amrnb.0.dylib
--prepared:/Users/jaydenmanno/AI/MoneyPrinterTurbo/desktop/dist/Turbo Video.app/Contents/Frameworks/av/__dot__dylibs/libwebpmux.3.1.1.dylib
--prepared:/Users/jaydenmanno/AI/MoneyPrinterTurbo/desktop/dist/Turbo Video.app/Contents/Frameworks/av/__dot__dylibs/libswresample.6.1.100.dylib
--validated:/Users/jaydenmanno/AI/MoneyPrinterTurbo/desktop/dist/Turbo Video.app/Contents/Frameworks/av/__dot__dylibs/libwebpmux.3.1.1.dylib
--validated:/Users/jaydenmanno/AI/MoneyPrinterTurbo/desktop/dist/Turbo Video.app/Contents/Frameworks/av/__dot__dylibs/libswresample.6.1.100.dylib
--prepared:/Users/jaydenmanno/AI/MoneyPrinterTurbo/desktop/dist/Turbo Video.app/Contents/Frameworks/av/__dot__dylibs/libvorbis.0.dylib
--validated:/Users/jaydenmanno/AI/MoneyPrinterTurbo/desktop/dist/Turbo Video.app/Contents/Frameworks/av/__dot__dylibs/libvorbis.0.dylib
--prepared:/Users/jaydenmanno/AI/MoneyPrinterTurbo/desktop/dist/Turbo Video.app/Contents/Frameworks/av/__dot__dylibs/libvpx.11.dylib
--validated:/Users/jaydenmanno/AI/MoneyPrinterTurbo/desktop/dist/Turbo Video.app/Contents/Frameworks/av/__dot__dylibs/libvpx.11.dylib
--prepared:/Users/jaydenmanno/AI/MoneyPrinterTurbo/desktop/dist/Turbo Video.app/Contents/Frameworks/av/__dot__dylibs/libavformat.62.3.100.dylib
--prepared:/Users/jaydenmanno/AI/MoneyPrinterTurbo/desktop/dist/Turbo Video.app/Contents/Frameworks/av/__dot__dylibs/libSvtAv1Enc.3.1.2.dylib
--validated:/Users/jaydenmanno/AI/MoneyPrinterTurbo/desktop/dist/Turbo Video.app/Contents/Frameworks/av/__dot__dylibs/libavformat.62.3.100.dylib
--validated:/Users/jaydenmanno/AI/MoneyPrinterTurbo/desktop/dist/Turbo Video.app/Contents/Frameworks/av/__dot__dylibs/libSvtAv1Enc.3.1.2.dylib
--prepared:/Users/jaydenmanno/AI/MoneyPrinterTurbo/desktop/dist/Turbo Video.app/Contents/Frameworks/av/__dot__dylibs/libx265.215.dylib
--validated:/Users/jaydenmanno/AI/MoneyPrinterTurbo/desktop/dist/Turbo Video.app/Contents/Frameworks/av/__dot__dylibs/libx265.215.dylib
--prepared:/Users/jaydenmanno/AI/MoneyPrinterTurbo/desktop/dist/Turbo Video.app/Contents/Frameworks/av/__dot__dylibs/libopencore-amrwb.0.dylib
--prepared:/Users/jaydenmanno/AI/MoneyPrinterTurbo/desktop/dist/Turbo Video.app/Contents/Frameworks/av/__dot__dylibs/libogg.0.dylib
--validated:/Users/jaydenmanno/AI/MoneyPrinterTurbo/desktop/dist/Turbo Video.app/Contents/Frameworks/av/__dot__dylibs/libopencore-amrwb.0.dylib
--validated:/Users/jaydenmanno/AI/MoneyPrinterTurbo/desktop/dist/Turbo Video.app/Contents/Frameworks/av/__dot__dylibs/libogg.0.dylib
--prepared:/Users/jaydenmanno/AI/MoneyPrinterTurbo/desktop/dist/Turbo Video.app/Contents/Frameworks/av/__dot__dylibs/libspeex.1.dylib
--prepared:/Users/jaydenmanno/AI/MoneyPrinterTurbo/desktop/dist/Turbo Video.app/Contents/Frameworks/av/__dot__dylibs/libavdevice.62.1.100.dylib
--validated:/Users/jaydenmanno/AI/MoneyPrinterTurbo/desktop/dist/Turbo Video.app/Contents/Frameworks/av/__dot__dylibs/libspeex.1.dylib
--validated:/Users/jaydenmanno/AI/MoneyPrinterTurbo/desktop/dist/Turbo Video.app/Contents/Frameworks/av/__dot__dylibs/libavdevice.62.1.100.dylib
--prepared:/Users/jaydenmanno/AI/MoneyPrinterTurbo/desktop/dist/Turbo Video.app/Contents/Frameworks/av/__dot__dylibs/libopenh264.7.dylib
--prepared:/Users/jaydenmanno/AI/MoneyPrinterTurbo/desktop/dist/Turbo Video.app/Contents/Frameworks/av/__dot__dylibs/libswscale.9.1.100.dylib
--validated:/Users/jaydenmanno/AI/MoneyPrinterTurbo/desktop/dist/Turbo Video.app/Contents/Frameworks/av/__dot__dylibs/libopenh264.7.dylib
--validated:/Users/jaydenmanno/AI/MoneyPrinterTurbo/desktop/dist/Turbo Video.app/Contents/Frameworks/av/__dot__dylibs/libswscale.9.1.100.dylib
--prepared:/Users/jaydenmanno/AI/MoneyPrinterTurbo/desktop/dist/Turbo Video.app/Contents/Frameworks/av/__dot__dylibs/libavutil.60.8.100.dylib
--validated:/Users/jaydenmanno/AI/MoneyPrinterTurbo/desktop/dist/Turbo Video.app/Contents/Frameworks/av/__dot__dylibs/libavutil.60.8.100.dylib
--prepared:/Users/jaydenmanno/AI/MoneyPrinterTurbo/desktop/dist/Turbo Video.app/Contents/Frameworks/av/__dot__dylibs/libavcodec.62.11.100.dylib
--validated:/Users/jaydenmanno/AI/MoneyPrinterTurbo/desktop/dist/Turbo Video.app/Contents/Frameworks/av/__dot__dylibs/libavcodec.62.11.100.dylib
--prepared:/Users/jaydenmanno/AI/MoneyPrinterTurbo/desktop/dist/Turbo Video.app/Contents/Frameworks/av/__dot__dylibs/libavfilter.11.4.100.dylib
--validated:/Users/jaydenmanno/AI/MoneyPrinterTurbo/desktop/dist/Turbo Video.app/Contents/Frameworks/av/__dot__dylibs/libavfilter.11.4.100.dylib
--prepared:/Users/jaydenmanno/AI/MoneyPrinterTurbo/desktop/dist/Turbo Video.app/Contents/Frameworks/av/plane.abi3.so
--prepared:/Users/jaydenmanno/AI/MoneyPrinterTurbo/desktop/dist/Turbo Video.app/Contents/Frameworks/av/codec/context.abi3.so
--prepared:/Users/jaydenmanno/AI/MoneyPrinterTurbo/desktop/dist/Turbo Video.app/Contents/Frameworks/av/error.abi3.so
--prepared:/Users/jaydenmanno/AI/MoneyPrinterTurbo/desktop/dist/Turbo Video.app/Contents/Frameworks/av/codec/hwaccel.abi3.so
--prepared:/Users/jaydenmanno/AI/MoneyPrinterTurbo/desktop/dist/Turbo Video.app/Contents/Frameworks/av/dictionary.abi3.so
--validated:/Users/jaydenmanno/AI/MoneyPrinterTurbo/desktop/dist/Turbo Video.app/Contents/Frameworks/av/plane.abi3.so
--validated:/Users/jaydenmanno/AI/MoneyPrinterTurbo/desktop/dist/Turbo Video.app/Contents/Frameworks/av/codec/context.abi3.so
--prepared:/Users/jaydenmanno/AI/MoneyPrinterTurbo/desktop/dist/Turbo Video.app/Contents/Frameworks/av/container/streams.abi3.so
--prepared:/Users/jaydenmanno/AI/MoneyPrinterTurbo/desktop/dist/Turbo Video.app/Contents/Frameworks/av/__dot__dylibs/libopus.0.dylib
--validated:/Users/jaydenmanno/AI/MoneyPrinterTurbo/desktop/dist/Turbo Video.app/Contents/Frameworks/av/error.abi3.so
--validated:/Users/jaydenmanno/AI/MoneyPrinterTurbo/desktop/dist/Turbo Video.app/Contents/Frameworks/av/dictionary.abi3.so
--validated:/Users/jaydenmanno/AI/MoneyPrinterTurbo/desktop/dist/Turbo Video.app/Contents/Frameworks/av/codec/hwaccel.abi3.so
--validated:/Users/jaydenmanno/AI/MoneyPrinterTurbo/desktop/dist/Turbo Video.app/Contents/Frameworks/av/__dot__dylibs/libopus.0.dylib
--validated:/Users/jaydenmanno/AI/MoneyPrinterTurbo/desktop/dist/Turbo Video.app/Contents/Frameworks/av/container/streams.abi3.so
--prepared:/Users/jaydenmanno/AI/MoneyPrinterTurbo/desktop/dist/Turbo Video.app/Contents/Frameworks/av/codec/codec.abi3.so
--validated:/Users/jaydenmanno/AI/MoneyPrinterTurbo/desktop/dist/Turbo Video.app/Contents/Frameworks/av/codec/codec.abi3.so
--prepared:/Users/jaydenmanno/AI/MoneyPrinterTurbo/desktop/dist/Turbo Video.app/Contents/Frameworks/av/option.abi3.so
--validated:/Users/jaydenmanno/AI/MoneyPrinterTurbo/desktop/dist/Turbo Video.app/Contents/Frameworks/av/option.abi3.so
--prepared:/Users/jaydenmanno/AI/MoneyPrinterTurbo/desktop/dist/Turbo Video.app/Contents/Frameworks/av/container/pyio.abi3.so
--prepared:/Users/jaydenmanno/AI/MoneyPrinterTurbo/desktop/dist/Turbo Video.app/Contents/Frameworks/av/container/output.abi3.so
--prepared:/Users/jaydenmanno/AI/MoneyPrinterTurbo/desktop/dist/Turbo Video.app/Contents/Frameworks/av/audio/stream.abi3.so
--validated:/Users/jaydenmanno/AI/MoneyPrinterTurbo/desktop/dist/Turbo Video.app/Contents/Frameworks/av/container/pyio.abi3.so
--prepared:/Users/jaydenmanno/AI/MoneyPrinterTurbo/desktop/dist/Turbo Video.app/Contents/Frameworks/av/bitstream.abi3.so
--validated:/Users/jaydenmanno/AI/MoneyPrinterTurbo/desktop/dist/Turbo Video.app/Contents/Frameworks/av/container/output.abi3.so
--validated:/Users/jaydenmanno/AI/MoneyPrinterTurbo/desktop/dist/Turbo Video.app/Contents/Frameworks/av/audio/stream.abi3.so
--prepared:/Users/jaydenmanno/AI/MoneyPrinterTurbo/desktop/dist/Turbo Video.app/Contents/Frameworks/av/container/input.abi3.so
--prepared:/Users/jaydenmanno/AI/MoneyPrinterTurbo/desktop/dist/Turbo Video.app/Contents/Frameworks/av/container/core.abi3.so
--prepared:/Users/jaydenmanno/AI/MoneyPrinterTurbo/desktop/dist/Turbo Video.app/Contents/Frameworks/av/utils.abi3.so
--validated:/Users/jaydenmanno/AI/MoneyPrinterTurbo/desktop/dist/Turbo Video.app/Contents/Frameworks/av/bitstream.abi3.so
--validated:/Users/jaydenmanno/AI/MoneyPrinterTurbo/desktop/dist/Turbo Video.app/Contents/Frameworks/av/container/input.abi3.so
--prepared:/Users/jaydenmanno/AI/MoneyPrinterTurbo/desktop/dist/Turbo Video.app/Contents/Frameworks/av/audio/layout.abi3.so
--validated:/Users/jaydenmanno/AI/MoneyPrinterTurbo/desktop/dist/Turbo Video.app/Contents/Frameworks/av/container/core.abi3.so
--validated:/Users/jaydenmanno/AI/MoneyPrinterTurbo/desktop/dist/Turbo Video.app/Contents/Frameworks/av/utils.abi3.so
--validated:/Users/jaydenmanno/AI/MoneyPrinterTurbo/desktop/dist/Turbo Video.app/Contents/Frameworks/av/audio/layout.abi3.so
--prepared:/Users/jaydenmanno/AI/MoneyPrinterTurbo/desktop/dist/Turbo Video.app/Contents/Frameworks/av/audio/fifo.abi3.so
--prepared:/Users/jaydenmanno/AI/MoneyPrinterTurbo/desktop/dist/Turbo Video.app/Contents/Frameworks/av/audio/resampler.abi3.so
--prepared:/Users/jaydenmanno/AI/MoneyPrinterTurbo/desktop/dist/Turbo Video.app/Contents/Frameworks/av/audio/plane.abi3.so
--validated:/Users/jaydenmanno/AI/MoneyPrinterTurbo/desktop/dist/Turbo Video.app/Contents/Frameworks/av/audio/fifo.abi3.so
--validated:/Users/jaydenmanno/AI/MoneyPrinterTurbo/desktop/dist/Turbo Video.app/Contents/Frameworks/av/audio/resampler.abi3.so
--validated:/Users/jaydenmanno/AI/MoneyPrinterTurbo/desktop/dist/Turbo Video.app/Contents/Frameworks/av/audio/plane.abi3.so
--prepared:/Users/jaydenmanno/AI/MoneyPrinterTurbo/desktop/dist/Turbo Video.app/Contents/Frameworks/av/audio/codeccontext.abi3.so
--validated:/Users/jaydenmanno/AI/MoneyPrinterTurbo/desktop/dist/Turbo Video.app/Contents/Frameworks/av/audio/codeccontext.abi3.so
--prepared:/Users/jaydenmanno/AI/MoneyPrinterTurbo/desktop/dist/Turbo Video.app/Contents/Frameworks/av/_core.abi3.so
--validated:/Users/jaydenmanno/AI/MoneyPrinterTurbo/desktop/dist/Turbo Video.app/Contents/Frameworks/av/_core.abi3.so
--prepared:/Users/jaydenmanno/AI/MoneyPrinterTurbo/desktop/dist/Turbo Video.app/Contents/Frameworks/av/subtitles/subtitle.abi3.so
--prepared:/Users/jaydenmanno/AI/MoneyPrinterTurbo/desktop/dist/Turbo Video.app/Contents/Frameworks/av/audio/frame.abi3.so
--validated:/Users/jaydenmanno/AI/MoneyPrinterTurbo/desktop/dist/Turbo Video.app/Contents/Frameworks/av/subtitles/subtitle.abi3.so
--prepared:/Users/jaydenmanno/AI/MoneyPrinterTurbo/desktop/dist/Turbo Video.app/Contents/Frameworks/av/format.abi3.so
--prepared:/Users/jaydenmanno/AI/MoneyPrinterTurbo/desktop/dist/Turbo Video.app/Contents/Frameworks/av/subtitles/stream.abi3.so
--prepared:/Users/jaydenmanno/AI/MoneyPrinterTurbo/desktop/dist/Turbo Video.app/Contents/Frameworks/av/audio/format.abi3.so
--validated:/Users/jaydenmanno/AI/MoneyPrinterTurbo/desktop/dist/Turbo Video.app/Contents/Frameworks/av/audio/frame.abi3.so
--validated:/Users/jaydenmanno/AI/MoneyPrinterTurbo/desktop/dist/Turbo Video.app/Contents/Frameworks/av/format.abi3.so
--prepared:/Users/jaydenmanno/AI/MoneyPrinterTurbo/desktop/dist/Turbo Video.app/Contents/Frameworks/av/index.abi3.so
--validated:/Users/jaydenmanno/AI/MoneyPrinterTurbo/desktop/dist/Turbo Video.app/Contents/Frameworks/av/subtitles/stream.abi3.so
--prepared:/Users/jaydenmanno/AI/MoneyPrinterTurbo/desktop/dist/Turbo Video.app/Contents/Frameworks/av/frame.abi3.so
--validated:/Users/jaydenmanno/AI/MoneyPrinterTurbo/desktop/dist/Turbo Video.app/Contents/Frameworks/av/audio/format.abi3.so
--validated:/Users/jaydenmanno/AI/MoneyPrinterTurbo/desktop/dist/Turbo Video.app/Contents/Frameworks/av/index.abi3.so
--validated:/Users/jaydenmanno/AI/MoneyPrinterTurbo/desktop/dist/Turbo Video.app/Contents/Frameworks/av/frame.abi3.so
--prepared:/Users/jaydenmanno/AI/MoneyPrinterTurbo/desktop/dist/Turbo Video.app/Contents/Frameworks/av/subtitles/codeccontext.abi3.so
--prepared:/Users/jaydenmanno/AI/MoneyPrinterTurbo/desktop/dist/Turbo Video.app/Contents/Frameworks/av/filter/loudnorm.abi3.so
--validated:/Users/jaydenmanno/AI/MoneyPrinterTurbo/desktop/dist/Turbo Video.app/Contents/Frameworks/av/subtitles/codeccontext.abi3.so
--validated:/Users/jaydenmanno/AI/MoneyPrinterTurbo/desktop/dist/Turbo Video.app/Contents/Frameworks/av/filter/loudnorm.abi3.so
--prepared:/Users/jaydenmanno/AI/MoneyPrinterTurbo/desktop/dist/Turbo Video.app/Contents/Frameworks/av/filter/context.abi3.so
--validated:/Users/jaydenmanno/AI/MoneyPrinterTurbo/desktop/dist/Turbo Video.app/Contents/Frameworks/av/filter/context.abi3.so
--prepared:/Users/jaydenmanno/AI/MoneyPrinterTurbo/desktop/dist/Turbo Video.app/Contents/Frameworks/av/filter/graph.abi3.so
--validated:/Users/jaydenmanno/AI/MoneyPrinterTurbo/desktop/dist/Turbo Video.app/Contents/Frameworks/av/filter/graph.abi3.so
--prepared:/Users/jaydenmanno/AI/MoneyPrinterTurbo/desktop/dist/Turbo Video.app/Contents/Frameworks/av/logging.abi3.so
--prepared:/Users/jaydenmanno/AI/MoneyPrinterTurbo/desktop/dist/Turbo Video.app/Contents/Frameworks/av/sidedata/motionvectors.abi3.so
--prepared:/Users/jaydenmanno/AI/MoneyPrinterTurbo/desktop/dist/Turbo Video.app/Contents/Frameworks/av/filter/filter.abi3.so
--validated:/Users/jaydenmanno/AI/MoneyPrinterTurbo/desktop/dist/Turbo Video.app/Contents/Frameworks/av/logging.abi3.so
--prepared:/Users/jaydenmanno/AI/MoneyPrinterTurbo/desktop/dist/Turbo Video.app/Contents/Frameworks/av/filter/link.abi3.so
--prepared:/Users/jaydenmanno/AI/MoneyPrinterTurbo/desktop/dist/Turbo Video.app/Contents/Frameworks/av/sidedata/encparams.abi3.so
--validated:/Users/jaydenmanno/AI/MoneyPrinterTurbo/desktop/dist/Turbo Video.app/Contents/Frameworks/av/filter/filter.abi3.so
--validated:/Users/jaydenmanno/AI/MoneyPrinterTurbo/desktop/dist/Turbo Video.app/Contents/Frameworks/av/sidedata/motionvectors.abi3.so
--validated:/Users/jaydenmanno/AI/MoneyPrinterTurbo/desktop/dist/Turbo Video.app/Contents/Frameworks/av/filter/link.abi3.so
--prepared:/Users/jaydenmanno/AI/MoneyPrinterTurbo/desktop/dist/Turbo Video.app/Contents/Frameworks/av/descriptor.abi3.so
--validated:/Users/jaydenmanno/AI/MoneyPrinterTurbo/desktop/dist/Turbo Video.app/Contents/Frameworks/av/sidedata/encparams.abi3.so
--prepared:/Users/jaydenmanno/AI/MoneyPrinterTurbo/desktop/dist/Turbo Video.app/Contents/Frameworks/av/sidedata/sidedata.abi3.so
--validated:/Users/jaydenmanno/AI/MoneyPrinterTurbo/desktop/dist/Turbo Video.app/Contents/Frameworks/av/descriptor.abi3.so
--validated:/Users/jaydenmanno/AI/MoneyPrinterTurbo/desktop/dist/Turbo Video.app/Contents/Frameworks/av/sidedata/sidedata.abi3.so
--prepared:/Users/jaydenmanno/AI/MoneyPrinterTurbo/desktop/dist/Turbo Video.app/Contents/Frameworks/propcache/_helpers_c.cpython-311-darwin.so
--validated:/Users/jaydenmanno/AI/MoneyPrinterTurbo/desktop/dist/Turbo Video.app/Contents/Frameworks/propcache/_helpers_c.cpython-311-darwin.so
--prepared:/Users/jaydenmanno/AI/MoneyPrinterTurbo/desktop/dist/Turbo Video.app/Contents/Frameworks/Security/_Security.cpython-311-darwin.so
--validated:/Users/jaydenmanno/AI/MoneyPrinterTurbo/desktop/dist/Turbo Video.app/Contents/Frameworks/Security/_Security.cpython-311-darwin.so
--prepared:/Users/jaydenmanno/AI/MoneyPrinterTurbo/desktop/dist/Turbo Video.app/Contents/Frameworks/bin/ffmpeg
--prepared:/Users/jaydenmanno/AI/MoneyPrinterTurbo/desktop/dist/Turbo Video.app/Contents/Frameworks/bin/ffprobe
--validated:/Users/jaydenmanno/AI/MoneyPrinterTurbo/desktop/dist/Turbo Video.app/Contents/Frameworks/bin/ffmpeg
--prepared:/Users/jaydenmanno/AI/MoneyPrinterTurbo/desktop/dist/Turbo Video.app/Contents/Frameworks/libtcl9tk9.0.dylib
--validated:/Users/jaydenmanno/AI/MoneyPrinterTurbo/desktop/dist/Turbo Video.app/Contents/Frameworks/libtcl9tk9.0.dylib
--validated:/Users/jaydenmanno/AI/MoneyPrinterTurbo/desktop/dist/Turbo Video.app/Contents/Frameworks/bin/ffprobe
--prepared:/Users/jaydenmanno/AI/MoneyPrinterTurbo/desktop/dist/Turbo Video.app/Contents/Frameworks/rpds/rpds.cpython-311-darwin.so
--validated:/Users/jaydenmanno/AI/MoneyPrinterTurbo/desktop/dist/Turbo Video.app/Contents/Frameworks/rpds/rpds.cpython-311-darwin.so
--prepared:/Users/jaydenmanno/AI/MoneyPrinterTurbo/desktop/dist/Turbo Video.app/Contents/Frameworks/libavfilter.12.1.101.dylib
--validated:/Users/jaydenmanno/AI/MoneyPrinterTurbo/desktop/dist/Turbo Video.app/Contents/Frameworks/libavfilter.12.1.101.dylib
--prepared:/Users/jaydenmanno/AI/MoneyPrinterTurbo/desktop/dist/Turbo Video.app/Contents/Frameworks/imageio_ffmpeg/binaries/ffmpeg-macos-aarch64-v7.1
--validated:/Users/jaydenmanno/AI/MoneyPrinterTurbo/desktop/dist/Turbo Video.app/Contents/Frameworks/imageio_ffmpeg/binaries/ffmpeg-macos-aarch64-v7.1
--prepared:/Users/jaydenmanno/AI/MoneyPrinterTurbo/desktop/dist/Turbo Video.app/Contents/Frameworks/cryptography/hazmat/bindings/_rust.abi3.so
--validated:/Users/jaydenmanno/AI/MoneyPrinterTurbo/desktop/dist/Turbo Video.app/Contents/Frameworks/cryptography/hazmat/bindings/_rust.abi3.so
--prepared:/Users/jaydenmanno/AI/MoneyPrinterTurbo/desktop/dist/Turbo Video.app/Contents/Frameworks/frozenlist/_frozenlist.cpython-311-darwin.so
--validated:/Users/jaydenmanno/AI/MoneyPrinterTurbo/desktop/dist/Turbo Video.app/Contents/Frameworks/frozenlist/_frozenlist.cpython-311-darwin.so
--prepared:/Users/jaydenmanno/AI/MoneyPrinterTurbo/desktop/dist/Turbo Video.app/Contents/Frameworks/google/_upb/_message.abi3.so
--validated:/Users/jaydenmanno/AI/MoneyPrinterTurbo/desktop/dist/Turbo Video.app/Contents/Frameworks/google/_upb/_message.abi3.so
--prepared:/Users/jaydenmanno/AI/MoneyPrinterTurbo/desktop/dist/Turbo Video.app/Contents/Frameworks/Foundation/_Foundation.cpython-311-darwin.so
--validated:/Users/jaydenmanno/AI/MoneyPrinterTurbo/desktop/dist/Turbo Video.app/Contents/Frameworks/Foundation/_Foundation.cpython-311-darwin.so
--prepared:/Users/jaydenmanno/AI/MoneyPrinterTurbo/desktop/dist/Turbo Video.app/Contents/Frameworks/Foundation/_inlines.cpython-311-darwin.so
--validated:/Users/jaydenmanno/AI/MoneyPrinterTurbo/desktop/dist/Turbo Video.app/Contents/Frameworks/Foundation/_inlines.cpython-311-darwin.so
--prepared:/Users/jaydenmanno/AI/MoneyPrinterTurbo/desktop/dist/Turbo Video.app/Contents/Frameworks/websockets/speedups.cpython-311-darwin.so
--validated:/Users/jaydenmanno/AI/MoneyPrinterTurbo/desktop/dist/Turbo Video.app/Contents/Frameworks/websockets/speedups.cpython-311-darwin.so
--prepared:/Users/jaydenmanno/AI/MoneyPrinterTurbo/desktop/dist/Turbo Video.app/Contents/Frameworks/libssl.3.dylib
--validated:/Users/jaydenmanno/AI/MoneyPrinterTurbo/desktop/dist/Turbo Video.app/Contents/Frameworks/libssl.3.dylib
--prepared:/Users/jaydenmanno/AI/MoneyPrinterTurbo/desktop/dist/Turbo Video.app/Contents/Frameworks/libswresample.7.1.101.dylib
--validated:/Users/jaydenmanno/AI/MoneyPrinterTurbo/desktop/dist/Turbo Video.app/Contents/Frameworks/libswresample.7.1.101.dylib
--prepared:/Users/jaydenmanno/AI/MoneyPrinterTurbo/desktop/dist/Turbo Video.app/Contents/Frameworks/numpy/linalg/_umath_linalg.cpython-311-darwin.so
--prepared:/Users/jaydenmanno/AI/MoneyPrinterTurbo/desktop/dist/Turbo Video.app/Contents/Frameworks/numpy/_core/_multiarray_tests.cpython-311-darwin.so
--validated:/Users/jaydenmanno/AI/MoneyPrinterTurbo/desktop/dist/Turbo Video.app/Contents/Frameworks/numpy/linalg/_umath_linalg.cpython-311-darwin.so
--validated:/Users/jaydenmanno/AI/MoneyPrinterTurbo/desktop/dist/Turbo Video.app/Contents/Frameworks/numpy/_core/_multiarray_tests.cpython-311-darwin.so
--prepared:/Users/jaydenmanno/AI/MoneyPrinterTurbo/desktop/dist/Turbo Video.app/Contents/Frameworks/numpy/random/_generator.cpython-311-darwin.so
--prepared:/Users/jaydenmanno/AI/MoneyPrinterTurbo/desktop/dist/Turbo Video.app/Contents/Frameworks/numpy/fft/_pocketfft_umath.cpython-311-darwin.so
--validated:/Users/jaydenmanno/AI/MoneyPrinterTurbo/desktop/dist/Turbo Video.app/Contents/Frameworks/numpy/random/_generator.cpython-311-darwin.so
--validated:/Users/jaydenmanno/AI/MoneyPrinterTurbo/desktop/dist/Turbo Video.app/Contents/Frameworks/numpy/fft/_pocketfft_umath.cpython-311-darwin.so
--prepared:/Users/jaydenmanno/AI/MoneyPrinterTurbo/desktop/dist/Turbo Video.app/Contents/Frameworks/libswscale.10.1.101.dylib
--validated:/Users/jaydenmanno/AI/MoneyPrinterTurbo/desktop/dist/Turbo Video.app/Contents/Frameworks/libswscale.10.1.101.dylib
--prepared:/Users/jaydenmanno/AI/MoneyPrinterTurbo/desktop/dist/Turbo Video.app/Contents/Frameworks/numpy/random/_sfc64.cpython-311-darwin.so
--prepared:/Users/jaydenmanno/AI/MoneyPrinterTurbo/desktop/dist/Turbo Video.app/Contents/Frameworks/numpy/random/_bounded_integers.cpython-311-darwin.so
--prepared:/Users/jaydenmanno/AI/MoneyPrinterTurbo/desktop/dist/Turbo Video.app/Contents/Frameworks/numpy/random/_philox.cpython-311-darwin.so
--validated:/Users/jaydenmanno/AI/MoneyPrinterTurbo/desktop/dist/Turbo Video.app/Contents/Frameworks/numpy/random/_sfc64.cpython-311-darwin.so
--prepared:/Users/jaydenmanno/AI/MoneyPrinterTurbo/desktop/dist/Turbo Video.app/Contents/Frameworks/numpy/random/_common.cpython-311-darwin.so
--validated:/Users/jaydenmanno/AI/MoneyPrinterTurbo/desktop/dist/Turbo Video.app/Contents/Frameworks/numpy/random/_bounded_integers.cpython-311-darwin.so
--prepared:/Users/jaydenmanno/AI/MoneyPrinterTurbo/desktop/dist/Turbo Video.app/Contents/Frameworks/numpy/random/_mt19937.cpython-311-darwin.so
--validated:/Users/jaydenmanno/AI/MoneyPrinterTurbo/desktop/dist/Turbo Video.app/Contents/Frameworks/numpy/random/_common.cpython-311-darwin.so
--validated:/Users/jaydenmanno/AI/MoneyPrinterTurbo/desktop/dist/Turbo Video.app/Contents/Frameworks/numpy/random/_philox.cpython-311-darwin.so
--validated:/Users/jaydenmanno/AI/MoneyPrinterTurbo/desktop/dist/Turbo Video.app/Contents/Frameworks/numpy/random/_mt19937.cpython-311-darwin.so
--prepared:/Users/jaydenmanno/AI/MoneyPrinterTurbo/desktop/dist/Turbo Video.app/Contents/Frameworks/numpy/random/_pcg64.cpython-311-darwin.so
--prepared:/Users/jaydenmanno/AI/MoneyPrinterTurbo/desktop/dist/Turbo Video.app/Contents/Frameworks/libcrypto.3.dylib
--validated:/Users/jaydenmanno/AI/MoneyPrinterTurbo/desktop/dist/Turbo Video.app/Contents/Frameworks/libcrypto.3.dylib
--validated:/Users/jaydenmanno/AI/MoneyPrinterTurbo/desktop/dist/Turbo Video.app/Contents/Frameworks/numpy/random/_pcg64.cpython-311-darwin.so
--prepared:/Users/jaydenmanno/AI/MoneyPrinterTurbo/desktop/dist/Turbo Video.app/Contents/Frameworks/numpy/random/mtrand.cpython-311-darwin.so
--prepared:/Users/jaydenmanno/AI/MoneyPrinterTurbo/desktop/dist/Turbo Video.app/Contents/Frameworks/numpy/random/bit_generator.cpython-311-darwin.so
--validated:/Users/jaydenmanno/AI/MoneyPrinterTurbo/desktop/dist/Turbo Video.app/Contents/Frameworks/numpy/random/mtrand.cpython-311-darwin.so
--validated:/Users/jaydenmanno/AI/MoneyPrinterTurbo/desktop/dist/Turbo Video.app/Contents/Frameworks/numpy/random/bit_generator.cpython-311-darwin.so
--prepared:/Users/jaydenmanno/AI/MoneyPrinterTurbo/desktop/dist/Turbo Video.app/Contents/Frameworks/charset_normalizer/md.cpython-311-darwin.so
--prepared:/Users/jaydenmanno/AI/MoneyPrinterTurbo/desktop/dist/Turbo Video.app/Contents/Frameworks/charset_normalizer/cd.cpython-311-darwin.so
--validated:/Users/jaydenmanno/AI/MoneyPrinterTurbo/desktop/dist/Turbo Video.app/Contents/Frameworks/charset_normalizer/md.cpython-311-darwin.so
--validated:/Users/jaydenmanno/AI/MoneyPrinterTurbo/desktop/dist/Turbo Video.app/Contents/Frameworks/charset_normalizer/cd.cpython-311-darwin.so
--prepared:/Users/jaydenmanno/AI/MoneyPrinterTurbo/desktop/dist/Turbo Video.app/Contents/Frameworks/numpy/_core/_multiarray_umath.cpython-311-darwin.so
--prepared:/Users/jaydenmanno/AI/MoneyPrinterTurbo/desktop/dist/Turbo Video.app/Contents/Frameworks/httptools/parser/parser.cpython-311-darwin.so
--prepared:/Users/jaydenmanno/AI/MoneyPrinterTurbo/desktop/dist/Turbo Video.app/Contents/Frameworks/httptools/parser/url_parser.cpython-311-darwin.so
--validated:/Users/jaydenmanno/AI/MoneyPrinterTurbo/desktop/dist/Turbo Video.app/Contents/Frameworks/numpy/_core/_multiarray_umath.cpython-311-darwin.so
--validated:/Users/jaydenmanno/AI/MoneyPrinterTurbo/desktop/dist/Turbo Video.app/Contents/Frameworks/httptools/parser/url_parser.cpython-311-darwin.so
--validated:/Users/jaydenmanno/AI/MoneyPrinterTurbo/desktop/dist/Turbo Video.app/Contents/Frameworks/httptools/parser/parser.cpython-311-darwin.so
--prepared:/Users/jaydenmanno/AI/MoneyPrinterTurbo/desktop/dist/Turbo Video.app/Contents/Frameworks/PIL/__dot__dylibs/libbrotlidec.1.1.0.dylib
--validated:/Users/jaydenmanno/AI/MoneyPrinterTurbo/desktop/dist/Turbo Video.app/Contents/Frameworks/PIL/__dot__dylibs/libbrotlidec.1.1.0.dylib
--prepared:/Users/jaydenmanno/AI/MoneyPrinterTurbo/desktop/dist/Turbo Video.app/Contents/Frameworks/PIL/__dot__dylibs/libxcb.1.1.0.dylib
--validated:/Users/jaydenmanno/AI/MoneyPrinterTurbo/desktop/dist/Turbo Video.app/Contents/Frameworks/PIL/__dot__dylibs/libxcb.1.1.0.dylib
--prepared:/Users/jaydenmanno/AI/MoneyPrinterTurbo/desktop/dist/Turbo Video.app/Contents/Frameworks/PIL/__dot__dylibs/libjpeg.62.4.0.dylib
--validated:/Users/jaydenmanno/AI/MoneyPrinterTurbo/desktop/dist/Turbo Video.app/Contents/Frameworks/PIL/__dot__dylibs/libjpeg.62.4.0.dylib
--prepared:/Users/jaydenmanno/AI/MoneyPrinterTurbo/desktop/dist/Turbo Video.app/Contents/Frameworks/PIL/__dot__dylibs/liblcms2.2.dylib
--prepared:/Users/jaydenmanno/AI/MoneyPrinterTurbo/desktop/dist/Turbo Video.app/Contents/Frameworks/PIL/__dot__dylibs/libpng16.16.dylib
--prepared:/Users/jaydenmanno/AI/MoneyPrinterTurbo/desktop/dist/Turbo Video.app/Contents/Frameworks/PIL/__dot__dylibs/libsharpyuv.0.dylib
--validated:/Users/jaydenmanno/AI/MoneyPrinterTurbo/desktop/dist/Turbo Video.app/Contents/Frameworks/PIL/__dot__dylibs/liblcms2.2.dylib
--validated:/Users/jaydenmanno/AI/MoneyPrinterTurbo/desktop/dist/Turbo Video.app/Contents/Frameworks/PIL/__dot__dylibs/libpng16.16.dylib
--validated:/Users/jaydenmanno/AI/MoneyPrinterTurbo/desktop/dist/Turbo Video.app/Contents/Frameworks/PIL/__dot__dylibs/libsharpyuv.0.dylib
--prepared:/Users/jaydenmanno/AI/MoneyPrinterTurbo/desktop/dist/Turbo Video.app/Contents/Frameworks/PIL/__dot__dylibs/libbrotlicommon.1.1.0.dylib
--validated:/Users/jaydenmanno/AI/MoneyPrinterTurbo/desktop/dist/Turbo Video.app/Contents/Frameworks/PIL/__dot__dylibs/libbrotlicommon.1.1.0.dylib
--prepared:/Users/jaydenmanno/AI/MoneyPrinterTurbo/desktop/dist/Turbo Video.app/Contents/Frameworks/PIL/__dot__dylibs/libfreetype.6.dylib
--prepared:/Users/jaydenmanno/AI/MoneyPrinterTurbo/desktop/dist/Turbo Video.app/Contents/Frameworks/PIL/__dot__dylibs/libwebpdemux.2.dylib
--validated:/Users/jaydenmanno/AI/MoneyPrinterTurbo/desktop/dist/Turbo Video.app/Contents/Frameworks/PIL/__dot__dylibs/libfreetype.6.dylib
--validated:/Users/jaydenmanno/AI/MoneyPrinterTurbo/desktop/dist/Turbo Video.app/Contents/Frameworks/PIL/__dot__dylibs/libwebpdemux.2.dylib
--prepared:/Users/jaydenmanno/AI/MoneyPrinterTurbo/desktop/dist/Turbo Video.app/Contents/Frameworks/PIL/__dot__dylibs/libXau.6.dylib
--prepared:/Users/jaydenmanno/AI/MoneyPrinterTurbo/desktop/dist/Turbo Video.app/Contents/Frameworks/PIL/__dot__dylibs/libwebpmux.3.dylib
--prepared:/Users/jaydenmanno/AI/MoneyPrinterTurbo/desktop/dist/Turbo Video.app/Contents/Frameworks/PIL/__dot__dylibs/libz.1.3.1.zlib-ng.dylib
--validated:/Users/jaydenmanno/AI/MoneyPrinterTurbo/desktop/dist/Turbo Video.app/Contents/Frameworks/PIL/__dot__dylibs/libXau.6.dylib
--validated:/Users/jaydenmanno/AI/MoneyPrinterTurbo/desktop/dist/Turbo Video.app/Contents/Frameworks/PIL/__dot__dylibs/libwebpmux.3.dylib
--validated:/Users/jaydenmanno/AI/MoneyPrinterTurbo/desktop/dist/Turbo Video.app/Contents/Frameworks/PIL/__dot__dylibs/libz.1.3.1.zlib-ng.dylib
--prepared:/Users/jaydenmanno/AI/MoneyPrinterTurbo/desktop/dist/Turbo Video.app/Contents/Frameworks/PIL/__dot__dylibs/libavif.16.3.0.dylib
--validated:/Users/jaydenmanno/AI/MoneyPrinterTurbo/desktop/dist/Turbo Video.app/Contents/Frameworks/PIL/__dot__dylibs/libavif.16.3.0.dylib
--prepared:/Users/jaydenmanno/AI/MoneyPrinterTurbo/desktop/dist/Turbo Video.app/Contents/Frameworks/PIL/__dot__dylibs/libwebp.7.dylib
--prepared:/Users/jaydenmanno/AI/MoneyPrinterTurbo/desktop/dist/Turbo Video.app/Contents/Frameworks/PIL/__dot__dylibs/libharfbuzz.0.dylib
--validated:/Users/jaydenmanno/AI/MoneyPrinterTurbo/desktop/dist/Turbo Video.app/Contents/Frameworks/PIL/__dot__dylibs/libwebp.7.dylib
--validated:/Users/jaydenmanno/AI/MoneyPrinterTurbo/desktop/dist/Turbo Video.app/Contents/Frameworks/PIL/__dot__dylibs/libharfbuzz.0.dylib
--prepared:/Users/jaydenmanno/AI/MoneyPrinterTurbo/desktop/dist/Turbo Video.app/Contents/Frameworks/PIL/__dot__dylibs/liblzma.5.dylib
--validated:/Users/jaydenmanno/AI/MoneyPrinterTurbo/desktop/dist/Turbo Video.app/Contents/Frameworks/PIL/__dot__dylibs/liblzma.5.dylib
--prepared:/Users/jaydenmanno/AI/MoneyPrinterTurbo/desktop/dist/Turbo Video.app/Contents/Frameworks/PIL/__dot__dylibs/libopenjp2.2.5.3.dylib
--validated:/Users/jaydenmanno/AI/MoneyPrinterTurbo/desktop/dist/Turbo Video.app/Contents/Frameworks/PIL/__dot__dylibs/libopenjp2.2.5.3.dylib
--prepared:/Users/jaydenmanno/AI/MoneyPrinterTurbo/desktop/dist/Turbo Video.app/Contents/Frameworks/PIL/__dot__dylibs/libtiff.6.dylib
--validated:/Users/jaydenmanno/AI/MoneyPrinterTurbo/desktop/dist/Turbo Video.app/Contents/Frameworks/PIL/__dot__dylibs/libtiff.6.dylib
--prepared:/Users/jaydenmanno/AI/MoneyPrinterTurbo/desktop/dist/Turbo Video.app/Contents/Frameworks/PIL/_avif.cpython-311-darwin.so
--prepared:/Users/jaydenmanno/AI/MoneyPrinterTurbo/desktop/dist/Turbo Video.app/Contents/Frameworks/PIL/_imagingtk.cpython-311-darwin.so
--validated:/Users/jaydenmanno/AI/MoneyPrinterTurbo/desktop/dist/Turbo Video.app/Contents/Frameworks/PIL/_avif.cpython-311-darwin.so
--validated:/Users/jaydenmanno/AI/MoneyPrinterTurbo/desktop/dist/Turbo Video.app/Contents/Frameworks/PIL/_imagingtk.cpython-311-darwin.so
--prepared:/Users/jaydenmanno/AI/MoneyPrinterTurbo/desktop/dist/Turbo Video.app/Contents/Frameworks/PIL/_imagingmath.cpython-311-darwin.so
--validated:/Users/jaydenmanno/AI/MoneyPrinterTurbo/desktop/dist/Turbo Video.app/Contents/Frameworks/PIL/_imagingmath.cpython-311-darwin.so
--prepared:/Users/jaydenmanno/AI/MoneyPrinterTurbo/desktop/dist/Turbo Video.app/Contents/Frameworks/PIL/_imagingcms.cpython-311-darwin.so
--prepared:/Users/jaydenmanno/AI/MoneyPrinterTurbo/desktop/dist/Turbo Video.app/Contents/Frameworks/multidict/_multidict.cpython-311-darwin.so
--validated:/Users/jaydenmanno/AI/MoneyPrinterTurbo/desktop/dist/Turbo Video.app/Contents/Frameworks/PIL/_imagingcms.cpython-311-darwin.so
--prepared:/Users/jaydenmanno/AI/MoneyPrinterTurbo/desktop/dist/Turbo Video.app/Contents/Frameworks/PIL/_webp.cpython-311-darwin.so
--validated:/Users/jaydenmanno/AI/MoneyPrinterTurbo/desktop/dist/Turbo Video.app/Contents/Frameworks/multidict/_multidict.cpython-311-darwin.so
--validated:/Users/jaydenmanno/AI/MoneyPrinterTurbo/desktop/dist/Turbo Video.app/Contents/Frameworks/PIL/_webp.cpython-311-darwin.so
--prepared:/Users/jaydenmanno/AI/MoneyPrinterTurbo/desktop/dist/Turbo Video.app/Contents/Frameworks/PIL/_imagingft.cpython-311-darwin.so
--prepared:/Users/jaydenmanno/AI/MoneyPrinterTurbo/desktop/dist/Turbo Video.app/Contents/Frameworks/libpython3.11.dylib
--validated:/Users/jaydenmanno/AI/MoneyPrinterTurbo/desktop/dist/Turbo Video.app/Contents/Frameworks/libpython3.11.dylib
--validated:/Users/jaydenmanno/AI/MoneyPrinterTurbo/desktop/dist/Turbo Video.app/Contents/Frameworks/PIL/_imagingft.cpython-311-darwin.so
--prepared:/Users/jaydenmanno/AI/MoneyPrinterTurbo/desktop/dist/Turbo Video.app/Contents/Frameworks/PIL/_imaging.cpython-311-darwin.so
--validated:/Users/jaydenmanno/AI/MoneyPrinterTurbo/desktop/dist/Turbo Video.app/Contents/Frameworks/PIL/_imaging.cpython-311-darwin.so
--prepared:/Users/jaydenmanno/AI/MoneyPrinterTurbo/desktop/dist/Turbo Video.app/Contents/Frameworks/python3__dot__11/lib-dynload/_tkinter.cpython-311-darwin.so
--validated:/Users/jaydenmanno/AI/MoneyPrinterTurbo/desktop/dist/Turbo Video.app/Contents/Frameworks/python3__dot__11/lib-dynload/_tkinter.cpython-311-darwin.so
--prepared:/Users/jaydenmanno/AI/MoneyPrinterTurbo/desktop/dist/Turbo Video.app/Contents/Frameworks/libavutil.61.1.101.dylib
--validated:/Users/jaydenmanno/AI/MoneyPrinterTurbo/desktop/dist/Turbo Video.app/Contents/Frameworks/libavutil.61.1.101.dylib
--prepared:/Users/jaydenmanno/AI/MoneyPrinterTurbo/desktop/dist/Turbo Video.app/Contents/Frameworks/lib/libmpg123.0.dylib
--validated:/Users/jaydenmanno/AI/MoneyPrinterTurbo/desktop/dist/Turbo Video.app/Contents/Frameworks/lib/libmpg123.0.dylib
--prepared:/Users/jaydenmanno/AI/MoneyPrinterTurbo/desktop/dist/Turbo Video.app/Contents/Frameworks/lib/libvmaf.3.dylib
--validated:/Users/jaydenmanno/AI/MoneyPrinterTurbo/desktop/dist/Turbo Video.app/Contents/Frameworks/lib/libvmaf.3.dylib
--prepared:/Users/jaydenmanno/AI/MoneyPrinterTurbo/desktop/dist/Turbo Video.app/Contents/Frameworks/lib/libavdevice.63.1.101.dylib
--validated:/Users/jaydenmanno/AI/MoneyPrinterTurbo/desktop/dist/Turbo Video.app/Contents/Frameworks/lib/libavdevice.63.1.101.dylib
--prepared:/Users/jaydenmanno/AI/MoneyPrinterTurbo/desktop/dist/Turbo Video.app/Contents/Frameworks/lib/libmp3lame.0.dylib
--validated:/Users/jaydenmanno/AI/MoneyPrinterTurbo/desktop/dist/Turbo Video.app/Contents/Frameworks/lib/libmp3lame.0.dylib
--prepared:/Users/jaydenmanno/AI/MoneyPrinterTurbo/desktop/dist/Turbo Video.app/Contents/Frameworks/lib/libswresample.7.1.101.dylib
--validated:/Users/jaydenmanno/AI/MoneyPrinterTurbo/desktop/dist/Turbo Video.app/Contents/Frameworks/lib/libswresample.7.1.101.dylib
--prepared:/Users/jaydenmanno/AI/MoneyPrinterTurbo/desktop/dist/Turbo Video.app/Contents/Frameworks/lib/libdav1d.7.dylib
--validated:/Users/jaydenmanno/AI/MoneyPrinterTurbo/desktop/dist/Turbo Video.app/Contents/Frameworks/lib/libdav1d.7.dylib
--prepared:/Users/jaydenmanno/AI/MoneyPrinterTurbo/desktop/dist/Turbo Video.app/Contents/Frameworks/lib/libssl.3.dylib
--validated:/Users/jaydenmanno/AI/MoneyPrinterTurbo/desktop/dist/Turbo Video.app/Contents/Frameworks/lib/libssl.3.dylib
--prepared:/Users/jaydenmanno/AI/MoneyPrinterTurbo/desktop/dist/Turbo Video.app/Contents/Frameworks/lib/libswscale.10.1.101.dylib
--validated:/Users/jaydenmanno/AI/MoneyPrinterTurbo/desktop/dist/Turbo Video.app/Contents/Frameworks/lib/libswscale.10.1.101.dylib
--prepared:/Users/jaydenmanno/AI/MoneyPrinterTurbo/desktop/dist/Turbo Video.app/Contents/Frameworks/lib/libx264.165.dylib
--validated:/Users/jaydenmanno/AI/MoneyPrinterTurbo/desktop/dist/Turbo Video.app/Contents/Frameworks/lib/libx264.165.dylib
--prepared:/Users/jaydenmanno/AI/MoneyPrinterTurbo/desktop/dist/Turbo Video.app/Contents/Frameworks/lib/libavfilter.12.1.101.dylib
--validated:/Users/jaydenmanno/AI/MoneyPrinterTurbo/desktop/dist/Turbo Video.app/Contents/Frameworks/lib/libavfilter.12.1.101.dylib
--prepared:/Users/jaydenmanno/AI/MoneyPrinterTurbo/desktop/dist/Turbo Video.app/Contents/Frameworks/lib/libSvtAv1Enc.4.2.0.dylib
--validated:/Users/jaydenmanno/AI/MoneyPrinterTurbo/desktop/dist/Turbo Video.app/Contents/Frameworks/lib/libSvtAv1Enc.4.2.0.dylib
--prepared:/Users/jaydenmanno/AI/MoneyPrinterTurbo/desktop/dist/Turbo Video.app/Contents/Frameworks/lib/libavutil.61.1.101.dylib
--validated:/Users/jaydenmanno/AI/MoneyPrinterTurbo/desktop/dist/Turbo Video.app/Contents/Frameworks/lib/libavutil.61.1.101.dylib
--prepared:/Users/jaydenmanno/AI/MoneyPrinterTurbo/desktop/dist/Turbo Video.app/Contents/Frameworks/lib/liblzma.5.dylib
--validated:/Users/jaydenmanno/AI/MoneyPrinterTurbo/desktop/dist/Turbo Video.app/Contents/Frameworks/lib/liblzma.5.dylib
--prepared:/Users/jaydenmanno/AI/MoneyPrinterTurbo/desktop/dist/Turbo Video.app/Contents/Frameworks/lib/libvpx.12.dylib
--validated:/Users/jaydenmanno/AI/MoneyPrinterTurbo/desktop/dist/Turbo Video.app/Contents/Frameworks/lib/libvpx.12.dylib
--prepared:/Users/jaydenmanno/AI/MoneyPrinterTurbo/desktop/dist/Turbo Video.app/Contents/Frameworks/lib/libcrypto.3.dylib
--validated:/Users/jaydenmanno/AI/MoneyPrinterTurbo/desktop/dist/Turbo Video.app/Contents/Frameworks/lib/libcrypto.3.dylib
--prepared:/Users/jaydenmanno/AI/MoneyPrinterTurbo/desktop/dist/Turbo Video.app/Contents/Frameworks/lib/libavformat.63.1.101.dylib
--validated:/Users/jaydenmanno/AI/MoneyPrinterTurbo/desktop/dist/Turbo Video.app/Contents/Frameworks/lib/libavformat.63.1.101.dylib
--prepared:/Users/jaydenmanno/AI/MoneyPrinterTurbo/desktop/dist/Turbo Video.app/Contents/Frameworks/lib/libx265.216.dylib
--validated:/Users/jaydenmanno/AI/MoneyPrinterTurbo/desktop/dist/Turbo Video.app/Contents/Frameworks/lib/libx265.216.dylib
--prepared:/Users/jaydenmanno/AI/MoneyPrinterTurbo/desktop/dist/Turbo Video.app/Contents/Frameworks/AppKit/_inlines.cpython-311-darwin.so
--prepared:/Users/jaydenmanno/AI/MoneyPrinterTurbo/desktop/dist/Turbo Video.app/Contents/Frameworks/AppKit/_AppKit.cpython-311-darwin.so
--validated:/Users/jaydenmanno/AI/MoneyPrinterTurbo/desktop/dist/Turbo Video.app/Contents/Frameworks/AppKit/_inlines.cpython-311-darwin.so
--prepared:/Users/jaydenmanno/AI/MoneyPrinterTurbo/desktop/dist/Turbo Video.app/Contents/Frameworks/lib/libopus.0.dylib
--prepared:/Users/jaydenmanno/AI/MoneyPrinterTurbo/desktop/dist/Turbo Video.app/Contents/Frameworks/yaml/_yaml.cpython-311-darwin.so--validated:/Users/jaydenmanno/AI/MoneyPrinterTurbo/desktop/dist/Turbo Video.app/Contents/Frameworks/lib/libopus.0.dylib

--validated:/Users/jaydenmanno/AI/MoneyPrinterTurbo/desktop/dist/Turbo Video.app/Contents/Frameworks/AppKit/_AppKit.cpython-311-darwin.so
--prepared:/Users/jaydenmanno/AI/MoneyPrinterTurbo/desktop/dist/Turbo Video.app/Contents/Frameworks/lib/libavcodec.63.1.101.dylib
--validated:/Users/jaydenmanno/AI/MoneyPrinterTurbo/desktop/dist/Turbo Video.app/Contents/Frameworks/yaml/_yaml.cpython-311-darwin.so
--validated:/Users/jaydenmanno/AI/MoneyPrinterTurbo/desktop/dist/Turbo Video.app/Contents/Frameworks/lib/libavcodec.63.1.101.dylib
--prepared:/Users/jaydenmanno/AI/MoneyPrinterTurbo/desktop/dist/Turbo Video.app/Contents/Frameworks/objc/_machsignals.cpython-311-darwin.so
--validated:/Users/jaydenmanno/AI/MoneyPrinterTurbo/desktop/dist/Turbo Video.app/Contents/Frameworks/objc/_machsignals.cpython-311-darwin.so
--prepared:/Users/jaydenmanno/AI/MoneyPrinterTurbo/desktop/dist/Turbo Video.app/Contents/Frameworks/yarl/_quoting_c.cpython-311-darwin.so
--validated:/Users/jaydenmanno/AI/MoneyPrinterTurbo/desktop/dist/Turbo Video.app/Contents/Frameworks/yarl/_quoting_c.cpython-311-darwin.so
--prepared:/Users/jaydenmanno/AI/MoneyPrinterTurbo/desktop/dist/Turbo Video.app/Contents/Frameworks/CoreFoundation/_inlines.cpython-311-darwin.so
--prepared:/Users/jaydenmanno/AI/MoneyPrinterTurbo/desktop/dist/Turbo Video.app/Contents/Frameworks/CoreFoundation/_CoreFoundation.cpython-311-darwin.so
--validated:/Users/jaydenmanno/AI/MoneyPrinterTurbo/desktop/dist/Turbo Video.app/Contents/Frameworks/CoreFoundation/_inlines.cpython-311-darwin.so
--validated:/Users/jaydenmanno/AI/MoneyPrinterTurbo/desktop/dist/Turbo Video.app/Contents/Frameworks/CoreFoundation/_CoreFoundation.cpython-311-darwin.so
--prepared:/Users/jaydenmanno/AI/MoneyPrinterTurbo/desktop/dist/Turbo Video.app/Contents/Frameworks/objc/_objc.cpython-311-darwin.so
--validated:/Users/jaydenmanno/AI/MoneyPrinterTurbo/desktop/dist/Turbo Video.app/Contents/Frameworks/objc/_objc.cpython-311-darwin.so
--prepared:/Users/jaydenmanno/AI/MoneyPrinterTurbo/desktop/dist/Turbo Video.app/Contents/Frameworks/pandas/_libs/json.cpython-311-darwin.so
--validated:/Users/jaydenmanno/AI/MoneyPrinterTurbo/desktop/dist/Turbo Video.app/Contents/Frameworks/pandas/_libs/json.cpython-311-darwin.so
--prepared:/Users/jaydenmanno/AI/MoneyPrinterTurbo/desktop/dist/Turbo Video.app/Contents/Frameworks/pandas/_libs/tslib.cpython-311-darwin.so
--validated:/Users/jaydenmanno/AI/MoneyPrinterTurbo/desktop/dist/Turbo Video.app/Contents/Frameworks/pandas/_libs/tslib.cpython-311-darwin.so
--prepared:/Users/jaydenmanno/AI/MoneyPrinterTurbo/desktop/dist/Turbo Video.app/Contents/Frameworks/pandas/_libs/index.cpython-311-darwin.so
--validated:/Users/jaydenmanno/AI/MoneyPrinterTurbo/desktop/dist/Turbo Video.app/Contents/Frameworks/pandas/_libs/index.cpython-311-darwin.so
--prepared:/Users/jaydenmanno/AI/MoneyPrinterTurbo/desktop/dist/Turbo Video.app/Contents/Frameworks/pandas/_libs/indexing.cpython-311-darwin.so
--validated:/Users/jaydenmanno/AI/MoneyPrinterTurbo/desktop/dist/Turbo Video.app/Contents/Frameworks/pandas/_libs/indexing.cpython-311-darwin.so
--prepared:/Users/jaydenmanno/AI/MoneyPrinterTurbo/desktop/dist/Turbo Video.app/Contents/Frameworks/pandas/_libs/parsers.cpython-311-darwin.so
--validated:/Users/jaydenmanno/AI/MoneyPrinterTurbo/desktop/dist/Turbo Video.app/Contents/Frameworks/pandas/_libs/parsers.cpython-311-darwin.so
--prepared:/Users/jaydenmanno/AI/MoneyPrinterTurbo/desktop/dist/Turbo Video.app/Contents/Frameworks/pandas/_libs/hashing.cpython-311-darwin.so
--validated:/Users/jaydenmanno/AI/MoneyPrinterTurbo/desktop/dist/Turbo Video.app/Contents/Frameworks/pandas/_libs/hashing.cpython-311-darwin.so
--prepared:/Users/jaydenmanno/AI/MoneyPrinterTurbo/desktop/dist/Turbo Video.app/Contents/Frameworks/pandas/_libs/ops.cpython-311-darwin.so
--validated:/Users/jaydenmanno/AI/MoneyPrinterTurbo/desktop/dist/Turbo Video.app/Contents/Frameworks/pandas/_libs/ops.cpython-311-darwin.so
--prepared:/Users/jaydenmanno/AI/MoneyPrinterTurbo/desktop/dist/Turbo Video.app/Contents/Frameworks/pandas/_libs/hashtable.cpython-311-darwin.so
--prepared:/Users/jaydenmanno/AI/MoneyPrinterTurbo/desktop/dist/Turbo Video.app/Contents/Frameworks/pandas/_libs/sparse.cpython-311-darwin.so
--validated:/Users/jaydenmanno/AI/MoneyPrinterTurbo/desktop/dist/Turbo Video.app/Contents/Frameworks/pandas/_libs/hashtable.cpython-311-darwin.so
--validated:/Users/jaydenmanno/AI/MoneyPrinterTurbo/desktop/dist/Turbo Video.app/Contents/Frameworks/pandas/_libs/sparse.cpython-311-darwin.so
--prepared:/Users/jaydenmanno/AI/MoneyPrinterTurbo/desktop/dist/Turbo Video.app/Contents/Frameworks/pandas/_libs/missing.cpython-311-darwin.so
--validated:/Users/jaydenmanno/AI/MoneyPrinterTurbo/desktop/dist/Turbo Video.app/Contents/Frameworks/pandas/_libs/missing.cpython-311-darwin.so
--prepared:/Users/jaydenmanno/AI/MoneyPrinterTurbo/desktop/dist/Turbo Video.app/Contents/Frameworks/pandas/_libs/algos.cpython-311-darwin.so
--validated:/Users/jaydenmanno/AI/MoneyPrinterTurbo/desktop/dist/Turbo Video.app/Contents/Frameworks/pandas/_libs/algos.cpython-311-darwin.so
--prepared:/Users/jaydenmanno/AI/MoneyPrinterTurbo/desktop/dist/Turbo Video.app/Contents/Frameworks/pydantic_core/_pydantic_core.cpython-311-darwin.so
--validated:/Users/jaydenmanno/AI/MoneyPrinterTurbo/desktop/dist/Turbo Video.app/Contents/Frameworks/pydantic_core/_pydantic_core.cpython-311-darwin.so
--prepared:/Users/jaydenmanno/AI/MoneyPrinterTurbo/desktop/dist/Turbo Video.app/Contents/Frameworks/pandas/_libs/groupby.cpython-311-darwin.so
--prepared:/Users/jaydenmanno/AI/MoneyPrinterTurbo/desktop/dist/Turbo Video.app/Contents/Frameworks/pandas/_libs/arrays.cpython-311-darwin.so
--prepared:/Users/jaydenmanno/AI/MoneyPrinterTurbo/desktop/dist/Turbo Video.app/Contents/Frameworks/pandas/_libs/reshape.cpython-311-darwin.so
--validated:/Users/jaydenmanno/AI/MoneyPrinterTurbo/desktop/dist/Turbo Video.app/Contents/Frameworks/pandas/_libs/arrays.cpython-311-darwin.so
--validated:/Users/jaydenmanno/AI/MoneyPrinterTurbo/desktop/dist/Turbo Video.app/Contents/Frameworks/pandas/_libs/reshape.cpython-311-darwin.so
--validated:/Users/jaydenmanno/AI/MoneyPrinterTurbo/desktop/dist/Turbo Video.app/Contents/Frameworks/pandas/_libs/groupby.cpython-311-darwin.so
--prepared:/Users/jaydenmanno/AI/MoneyPrinterTurbo/desktop/dist/Turbo Video.app/Contents/Frameworks/pandas/_libs/testing.cpython-311-darwin.so
--prepared:/Users/jaydenmanno/AI/MoneyPrinterTurbo/desktop/dist/Turbo Video.app/Contents/Frameworks/pandas/_libs/sas.cpython-311-darwin.so
--validated:/Users/jaydenmanno/AI/MoneyPrinterTurbo/desktop/dist/Turbo Video.app/Contents/Frameworks/pandas/_libs/sas.cpython-311-darwin.so
--validated:/Users/jaydenmanno/AI/MoneyPrinterTurbo/desktop/dist/Turbo Video.app/Contents/Frameworks/pandas/_libs/testing.cpython-311-darwin.so
--prepared:/Users/jaydenmanno/AI/MoneyPrinterTurbo/desktop/dist/Turbo Video.app/Contents/Frameworks/pandas/_libs/join.cpython-311-darwin.so
--validated:/Users/jaydenmanno/AI/MoneyPrinterTurbo/desktop/dist/Turbo Video.app/Contents/Frameworks/pandas/_libs/join.cpython-311-darwin.so
--prepared:/Users/jaydenmanno/AI/MoneyPrinterTurbo/desktop/dist/Turbo Video.app/Contents/Frameworks/libavcodec.63.1.101.dylib
--validated:/Users/jaydenmanno/AI/MoneyPrinterTurbo/desktop/dist/Turbo Video.app/Contents/Frameworks/libavcodec.63.1.101.dylib
--prepared:/Users/jaydenmanno/AI/MoneyPrinterTurbo/desktop/dist/Turbo Video.app/Contents/Frameworks/pandas/_libs/lib.cpython-311-darwin.so
--validated:/Users/jaydenmanno/AI/MoneyPrinterTurbo/desktop/dist/Turbo Video.app/Contents/Frameworks/pandas/_libs/lib.cpython-311-darwin.so
--prepared:/Users/jaydenmanno/AI/MoneyPrinterTurbo/desktop/dist/Turbo Video.app/Contents/Frameworks/pandas/_libs/byteswap.cpython-311-darwin.so
--prepared:/Users/jaydenmanno/AI/MoneyPrinterTurbo/desktop/dist/Turbo Video.app/Contents/Frameworks/pandas/_libs/internals.cpython-311-darwin.so
--prepared:/Users/jaydenmanno/AI/MoneyPrinterTurbo/desktop/dist/Turbo Video.app/Contents/Frameworks/pandas/_libs/window/aggregations.cpython-311-darwin.so
--prepared:/Users/jaydenmanno/AI/MoneyPrinterTurbo/desktop/dist/Turbo Video.app/Contents/Frameworks/pandas/_libs/window/indexers.cpython-311-darwin.so
--validated:/Users/jaydenmanno/AI/MoneyPrinterTurbo/desktop/dist/Turbo Video.app/Contents/Frameworks/pandas/_libs/internals.cpython-311-darwin.so
--validated:/Users/jaydenmanno/AI/MoneyPrinterTurbo/desktop/dist/Turbo Video.app/Contents/Frameworks/pandas/_libs/window/aggregations.cpython-311-darwin.so
--validated:/Users/jaydenmanno/AI/MoneyPrinterTurbo/desktop/dist/Turbo Video.app/Contents/Frameworks/pandas/_libs/byteswap.cpython-311-darwin.so
--validated:/Users/jaydenmanno/AI/MoneyPrinterTurbo/desktop/dist/Turbo Video.app/Contents/Frameworks/pandas/_libs/window/indexers.cpython-311-darwin.so
--prepared:/Users/jaydenmanno/AI/MoneyPrinterTurbo/desktop/dist/Turbo Video.app/Contents/Frameworks/pandas/_libs/tslibs/dtypes.cpython-311-darwin.so
--prepared:/Users/jaydenmanno/AI/MoneyPrinterTurbo/desktop/dist/Turbo Video.app/Contents/Frameworks/pandas/_libs/pandas_parser.cpython-311-darwin.so
--prepared:/Users/jaydenmanno/AI/MoneyPrinterTurbo/desktop/dist/Turbo Video.app/Contents/Frameworks/pandas/_libs/tslibs/strptime.cpython-311-darwin.so
--validated:/Users/jaydenmanno/AI/MoneyPrinterTurbo/desktop/dist/Turbo Video.app/Contents/Frameworks/pandas/_libs/tslibs/dtypes.cpython-311-darwin.so
--validated:/Users/jaydenmanno/AI/MoneyPrinterTurbo/desktop/dist/Turbo Video.app/Contents/Frameworks/pandas/_libs/pandas_parser.cpython-311-darwin.so
--validated:/Users/jaydenmanno/AI/MoneyPrinterTurbo/desktop/dist/Turbo Video.app/Contents/Frameworks/pandas/_libs/tslibs/strptime.cpython-311-darwin.so
--prepared:/Users/jaydenmanno/AI/MoneyPrinterTurbo/desktop/dist/Turbo Video.app/Contents/Frameworks/pandas/_libs/tslibs/vectorized.cpython-311-darwin.so
--prepared:/Users/jaydenmanno/AI/MoneyPrinterTurbo/desktop/dist/Turbo Video.app/Contents/Frameworks/pandas/_libs/tslibs/parsing.cpython-311-darwin.so
--prepared:/Users/jaydenmanno/AI/MoneyPrinterTurbo/desktop/dist/Turbo Video.app/Contents/Frameworks/pandas/_libs/tslibs/fields.cpython-311-darwin.so
--validated:/Users/jaydenmanno/AI/MoneyPrinterTurbo/desktop/dist/Turbo Video.app/Contents/Frameworks/pandas/_libs/tslibs/vectorized.cpython-311-darwin.so
--validated:/Users/jaydenmanno/AI/MoneyPrinterTurbo/desktop/dist/Turbo Video.app/Contents/Frameworks/pandas/_libs/tslibs/fields.cpython-311-darwin.so
--prepared:/Users/jaydenmanno/AI/MoneyPrinterTurbo/desktop/dist/Turbo Video.app/Contents/Frameworks/pandas/_libs/tslibs/base.cpython-311-darwin.so
--prepared:/Users/jaydenmanno/AI/MoneyPrinterTurbo/desktop/dist/Turbo Video.app/Contents/Frameworks/pandas/_libs/tslibs/conversion.cpython-311-darwin.so
--validated:/Users/jaydenmanno/AI/MoneyPrinterTurbo/desktop/dist/Turbo Video.app/Contents/Frameworks/pandas/_libs/tslibs/base.cpython-311-darwin.so
--validated:/Users/jaydenmanno/AI/MoneyPrinterTurbo/desktop/dist/Turbo Video.app/Contents/Frameworks/pandas/_libs/tslibs/conversion.cpython-311-darwin.so
--prepared:/Users/jaydenmanno/AI/MoneyPrinterTurbo/desktop/dist/Turbo Video.app/Contents/Frameworks/pandas/_libs/tslibs/timezones.cpython-311-darwin.so
--validated:/Users/jaydenmanno/AI/MoneyPrinterTurbo/desktop/dist/Turbo Video.app/Contents/Frameworks/pandas/_libs/tslibs/timezones.cpython-311-darwin.so
--validated:/Users/jaydenmanno/AI/MoneyPrinterTurbo/desktop/dist/Turbo Video.app/Contents/Frameworks/pandas/_libs/tslibs/parsing.cpython-311-darwin.so
--prepared:/Users/jaydenmanno/AI/MoneyPrinterTurbo/desktop/dist/Turbo Video.app/Contents/Frameworks/pandas/_libs/tslibs/nattype.cpython-311-darwin.so
--validated:/Users/jaydenmanno/AI/MoneyPrinterTurbo/desktop/dist/Turbo Video.app/Contents/Frameworks/pandas/_libs/tslibs/nattype.cpython-311-darwin.so
--prepared:/Users/jaydenmanno/AI/MoneyPrinterTurbo/desktop/dist/Turbo Video.app/Contents/Frameworks/pandas/_libs/tslibs/period.cpython-311-darwin.so
--prepared:/Users/jaydenmanno/AI/MoneyPrinterTurbo/desktop/dist/Turbo Video.app/Contents/Frameworks/pandas/_libs/tslibs/np_datetime.cpython-311-darwin.so
--validated:/Users/jaydenmanno/AI/MoneyPrinterTurbo/desktop/dist/Turbo Video.app/Contents/Frameworks/pandas/_libs/tslibs/period.cpython-311-darwin.so
--prepared:/Users/jaydenmanno/AI/MoneyPrinterTurbo/desktop/dist/Turbo Video.app/Contents/Frameworks/pandas/_libs/tslibs/timestamps.cpython-311-darwin.so
--validated:/Users/jaydenmanno/AI/MoneyPrinterTurbo/desktop/dist/Turbo Video.app/Contents/Frameworks/pandas/_libs/tslibs/np_datetime.cpython-311-darwin.so
--validated:/Users/jaydenmanno/AI/MoneyPrinterTurbo/desktop/dist/Turbo Video.app/Contents/Frameworks/pandas/_libs/tslibs/timestamps.cpython-311-darwin.so
--prepared:/Users/jaydenmanno/AI/MoneyPrinterTurbo/desktop/dist/Turbo Video.app/Contents/Frameworks/pandas/_libs/ops_dispatch.cpython-311-darwin.so
--validated:/Users/jaydenmanno/AI/MoneyPrinterTurbo/desktop/dist/Turbo Video.app/Contents/Frameworks/pandas/_libs/ops_dispatch.cpython-311-darwin.so
--prepared:/Users/jaydenmanno/AI/MoneyPrinterTurbo/desktop/dist/Turbo Video.app/Contents/Frameworks/pandas/_libs/properties.cpython-311-darwin.so
--prepared:/Users/jaydenmanno/AI/MoneyPrinterTurbo/desktop/dist/Turbo Video.app/Contents/Frameworks/pandas/_libs/tslibs/timedeltas.cpython-311-darwin.so
--prepared:/Users/jaydenmanno/AI/MoneyPrinterTurbo/desktop/dist/Turbo Video.app/Contents/Frameworks/pandas/_libs/tslibs/tzconversion.cpython-311-darwin.so
--prepared:/Users/jaydenmanno/AI/MoneyPrinterTurbo/desktop/dist/Turbo Video.app/Contents/Frameworks/pandas/_libs/tslibs/offsets.cpython-311-darwin.so
--validated:/Users/jaydenmanno/AI/MoneyPrinterTurbo/desktop/dist/Turbo Video.app/Contents/Frameworks/pandas/_libs/tslibs/timedeltas.cpython-311-darwin.so
--validated:/Users/jaydenmanno/AI/MoneyPrinterTurbo/desktop/dist/Turbo Video.app/Contents/Frameworks/pandas/_libs/properties.cpython-311-darwin.so
--validated:/Users/jaydenmanno/AI/MoneyPrinterTurbo/desktop/dist/Turbo Video.app/Contents/Frameworks/pandas/_libs/tslibs/tzconversion.cpython-311-darwin.so
--prepared:/Users/jaydenmanno/AI/MoneyPrinterTurbo/desktop/dist/Turbo Video.app/Contents/Frameworks/pandas/_libs/tslibs/ccalendar.cpython-311-darwin.so
--validated:/Users/jaydenmanno/AI/MoneyPrinterTurbo/desktop/dist/Turbo Video.app/Contents/Frameworks/pandas/_libs/tslibs/offsets.cpython-311-darwin.so
--validated:/Users/jaydenmanno/AI/MoneyPrinterTurbo/desktop/dist/Turbo Video.app/Contents/Frameworks/pandas/_libs/tslibs/ccalendar.cpython-311-darwin.so
--prepared:/Users/jaydenmanno/AI/MoneyPrinterTurbo/desktop/dist/Turbo Video.app/Contents/Frameworks/pandas/_libs/pandas_datetime.cpython-311-darwin.so
--validated:/Users/jaydenmanno/AI/MoneyPrinterTurbo/desktop/dist/Turbo Video.app/Contents/Frameworks/pandas/_libs/pandas_datetime.cpython-311-darwin.so
--prepared:/Users/jaydenmanno/AI/MoneyPrinterTurbo/desktop/dist/Turbo Video.app/Contents/Frameworks/pandas/_libs/writers.cpython-311-darwin.so
--validated:/Users/jaydenmanno/AI/MoneyPrinterTurbo/desktop/dist/Turbo Video.app/Contents/Frameworks/pandas/_libs/writers.cpython-311-darwin.so
--prepared:/Users/jaydenmanno/AI/MoneyPrinterTurbo/desktop/dist/Turbo Video.app/Contents/Frameworks/pandas/_libs/interval.cpython-311-darwin.so
--validated:/Users/jaydenmanno/AI/MoneyPrinterTurbo/desktop/dist/Turbo Video.app/Contents/Frameworks/pandas/_libs/interval.cpython-311-darwin.so
--prepared:/Users/jaydenmanno/AI/MoneyPrinterTurbo/desktop/dist/Turbo Video.app/Contents/Frameworks/libvpx.12.dylib
--validated:/Users/jaydenmanno/AI/MoneyPrinterTurbo/desktop/dist/Turbo Video.app/Contents/Frameworks/libvpx.12.dylib
--prepared:/Users/jaydenmanno/AI/MoneyPrinterTurbo/desktop/dist/Turbo Video.app/Contents/Frameworks/pyarrow/_substrait.cpython-311-darwin.so
--prepared:/Users/jaydenmanno/AI/MoneyPrinterTurbo/desktop/dist/Turbo Video.app/Contents/Frameworks/pyarrow/_parquet_encryption.cpython-311-darwin.so
--validated:/Users/jaydenmanno/AI/MoneyPrinterTurbo/desktop/dist/Turbo Video.app/Contents/Frameworks/pyarrow/_substrait.cpython-311-darwin.so
--prepared:/Users/jaydenmanno/AI/MoneyPrinterTurbo/desktop/dist/Turbo Video.app/Contents/Frameworks/pyarrow/_json.cpython-311-darwin.so
--validated:/Users/jaydenmanno/AI/MoneyPrinterTurbo/desktop/dist/Turbo Video.app/Contents/Frameworks/pyarrow/_parquet_encryption.cpython-311-darwin.so
--validated:/Users/jaydenmanno/AI/MoneyPrinterTurbo/desktop/dist/Turbo Video.app/Contents/Frameworks/pyarrow/_json.cpython-311-darwin.so
--prepared:/Users/jaydenmanno/AI/MoneyPrinterTurbo/desktop/dist/Turbo Video.app/Contents/Frameworks/pyarrow/_dataset_parquet_encryption.cpython-311-darwin.so
--prepared:/Users/jaydenmanno/AI/MoneyPrinterTurbo/desktop/dist/Turbo Video.app/Contents/Frameworks/pyarrow/_feather.cpython-311-darwin.so
--prepared:/Users/jaydenmanno/AI/MoneyPrinterTurbo/desktop/dist/Turbo Video.app/Contents/Frameworks/pyarrow/libarrow_python_flight.2300.dylib
--validated:/Users/jaydenmanno/AI/MoneyPrinterTurbo/desktop/dist/Turbo Video.app/Contents/Frameworks/pyarrow/_dataset_parquet_encryption.cpython-311-darwin.so
--validated:/Users/jaydenmanno/AI/MoneyPrinterTurbo/desktop/dist/Turbo Video.app/Contents/Frameworks/pyarrow/_feather.cpython-311-darwin.so
--validated:/Users/jaydenmanno/AI/MoneyPrinterTurbo/desktop/dist/Turbo Video.app/Contents/Frameworks/pyarrow/libarrow_python_flight.2300.dylib
--prepared:/Users/jaydenmanno/AI/MoneyPrinterTurbo/desktop/dist/Turbo Video.app/Contents/Frameworks/pyarrow/_flight.cpython-311-darwin.so
--validated:/Users/jaydenmanno/AI/MoneyPrinterTurbo/desktop/dist/Turbo Video.app/Contents/Frameworks/pyarrow/_flight.cpython-311-darwin.so
--prepared:/Users/jaydenmanno/AI/MoneyPrinterTurbo/desktop/dist/Turbo Video.app/Contents/Frameworks/pyarrow/_compute.cpython-311-darwin.so
--validated:/Users/jaydenmanno/AI/MoneyPrinterTurbo/desktop/dist/Turbo Video.app/Contents/Frameworks/pyarrow/_compute.cpython-311-darwin.so
--prepared:/Users/jaydenmanno/AI/MoneyPrinterTurbo/desktop/dist/Turbo Video.app/Contents/Frameworks/pyarrow/_gcsfs.cpython-311-darwin.so
--validated:/Users/jaydenmanno/AI/MoneyPrinterTurbo/desktop/dist/Turbo Video.app/Contents/Frameworks/pyarrow/_gcsfs.cpython-311-darwin.so
--prepared:/Users/jaydenmanno/AI/MoneyPrinterTurbo/desktop/dist/Turbo Video.app/Contents/Frameworks/pyarrow/_dataset.cpython-311-darwin.so
--validated:/Users/jaydenmanno/AI/MoneyPrinterTurbo/desktop/dist/Turbo Video.app/Contents/Frameworks/pyarrow/_dataset.cpython-311-darwin.so
--prepared:/Users/jaydenmanno/AI/MoneyPrinterTurbo/desktop/dist/Turbo Video.app/Contents/Frameworks/pyarrow/_hdfs.cpython-311-darwin.so
--validated:/Users/jaydenmanno/AI/MoneyPrinterTurbo/desktop/dist/Turbo Video.app/Contents/Frameworks/pyarrow/_hdfs.cpython-311-darwin.so
--prepared:/Users/jaydenmanno/AI/MoneyPrinterTurbo/desktop/dist/Turbo Video.app/Contents/Frameworks/pyarrow/_dataset_parquet.cpython-311-darwin.so
--validated:/Users/jaydenmanno/AI/MoneyPrinterTurbo/desktop/dist/Turbo Video.app/Contents/Frameworks/pyarrow/_dataset_parquet.cpython-311-darwin.so
--prepared:/Users/jaydenmanno/AI/MoneyPrinterTurbo/desktop/dist/Turbo Video.app/Contents/Frameworks/pyarrow/libarrow_python.2300.dylib
--validated:/Users/jaydenmanno/AI/MoneyPrinterTurbo/desktop/dist/Turbo Video.app/Contents/Frameworks/pyarrow/libarrow_python.2300.dylib
--prepared:/Users/jaydenmanno/AI/MoneyPrinterTurbo/desktop/dist/Turbo Video.app/Contents/Frameworks/pyarrow/libparquet.2300.dylib
--validated:/Users/jaydenmanno/AI/MoneyPrinterTurbo/desktop/dist/Turbo Video.app/Contents/Frameworks/pyarrow/libparquet.2300.dylib
--prepared:/Users/jaydenmanno/AI/MoneyPrinterTurbo/desktop/dist/Turbo Video.app/Contents/Frameworks/pyarrow/libarrow_substrait.2300.dylib
--validated:/Users/jaydenmanno/AI/MoneyPrinterTurbo/desktop/dist/Turbo Video.app/Contents/Frameworks/pyarrow/libarrow_substrait.2300.dylib
--prepared:/Users/jaydenmanno/AI/MoneyPrinterTurbo/desktop/dist/Turbo Video.app/Contents/Frameworks/pyarrow/libarrow_compute.2300.dylib
--validated:/Users/jaydenmanno/AI/MoneyPrinterTurbo/desktop/dist/Turbo Video.app/Contents/Frameworks/pyarrow/libarrow_compute.2300.dylib
--prepared:/Users/jaydenmanno/AI/MoneyPrinterTurbo/desktop/dist/Turbo Video.app/Contents/Frameworks/pyarrow/libarrow_flight.2300.dylib
--validated:/Users/jaydenmanno/AI/MoneyPrinterTurbo/desktop/dist/Turbo Video.app/Contents/Frameworks/pyarrow/libarrow_flight.2300.dylib
--prepared:/Users/jaydenmanno/AI/MoneyPrinterTurbo/desktop/dist/Turbo Video.app/Contents/Frameworks/pyarrow/libarrow_python_flight.dylib
--prepared:/Users/jaydenmanno/AI/MoneyPrinterTurbo/desktop/dist/Turbo Video.app/Contents/Frameworks/pyarrow/libarrow_python_flight.2300.1.0.dylib
--validated:/Users/jaydenmanno/AI/MoneyPrinterTurbo/desktop/dist/Turbo Video.app/Contents/Frameworks/pyarrow/libarrow_python_flight.dylib
--validated:/Users/jaydenmanno/AI/MoneyPrinterTurbo/desktop/dist/Turbo Video.app/Contents/Frameworks/pyarrow/libarrow_python_flight.2300.1.0.dylib
--prepared:/Users/jaydenmanno/AI/MoneyPrinterTurbo/desktop/dist/Turbo Video.app/Contents/Frameworks/pyarrow/lib.cpython-311-darwin.so
--validated:/Users/jaydenmanno/AI/MoneyPrinterTurbo/desktop/dist/Turbo Video.app/Contents/Frameworks/pyarrow/lib.cpython-311-darwin.so
--prepared:/Users/jaydenmanno/AI/MoneyPrinterTurbo/desktop/dist/Turbo Video.app/Contents/Frameworks/pyarrow/_orc.cpython-311-darwin.so
--validated:/Users/jaydenmanno/AI/MoneyPrinterTurbo/desktop/dist/Turbo Video.app/Contents/Frameworks/pyarrow/_orc.cpython-311-darwin.so
--prepared:/Users/jaydenmanno/AI/MoneyPrinterTurbo/desktop/dist/Turbo Video.app/Contents/Frameworks/pyarrow/libarrow_python_parquet_encryption.2300.1.0.dylib
--validated:/Users/jaydenmanno/AI/MoneyPrinterTurbo/desktop/dist/Turbo Video.app/Contents/Frameworks/pyarrow/libarrow_python_parquet_encryption.2300.1.0.dylib
--prepared:/Users/jaydenmanno/AI/MoneyPrinterTurbo/desktop/dist/Turbo Video.app/Contents/Frameworks/pyarrow/_parquet.cpython-311-darwin.so
--validated:/Users/jaydenmanno/AI/MoneyPrinterTurbo/desktop/dist/Turbo Video.app/Contents/Frameworks/pyarrow/_parquet.cpython-311-darwin.so
--prepared:/Users/jaydenmanno/AI/MoneyPrinterTurbo/desktop/dist/Turbo Video.app/Contents/Frameworks/pyarrow/libarrow_acero.2300.dylib
--validated:/Users/jaydenmanno/AI/MoneyPrinterTurbo/desktop/dist/Turbo Video.app/Contents/Frameworks/pyarrow/libarrow_acero.2300.dylib
--prepared:/Users/jaydenmanno/AI/MoneyPrinterTurbo/desktop/dist/Turbo Video.app/Contents/Frameworks/pyarrow/_dataset_orc.cpython-311-darwin.so
--validated:/Users/jaydenmanno/AI/MoneyPrinterTurbo/desktop/dist/Turbo Video.app/Contents/Frameworks/pyarrow/_dataset_orc.cpython-311-darwin.so
--prepared:/Users/jaydenmanno/AI/MoneyPrinterTurbo/desktop/dist/Turbo Video.app/Contents/Frameworks/pyarrow/_azurefs.cpython-311-darwin.so
--validated:/Users/jaydenmanno/AI/MoneyPrinterTurbo/desktop/dist/Turbo Video.app/Contents/Frameworks/pyarrow/_azurefs.cpython-311-darwin.so
--prepared:/Users/jaydenmanno/AI/MoneyPrinterTurbo/desktop/dist/Turbo Video.app/Contents/Frameworks/pyarrow/_acero.cpython-311-darwin.so
--prepared:/Users/jaydenmanno/AI/MoneyPrinterTurbo/desktop/dist/Turbo Video.app/Contents/Frameworks/pyarrow/_s3fs.cpython-311-darwin.so
--validated:/Users/jaydenmanno/AI/MoneyPrinterTurbo/desktop/dist/Turbo Video.app/Contents/Frameworks/pyarrow/_acero.cpython-311-darwin.so
--validated:/Users/jaydenmanno/AI/MoneyPrinterTurbo/desktop/dist/Turbo Video.app/Contents/Frameworks/pyarrow/_s3fs.cpython-311-darwin.so
--prepared:/Users/jaydenmanno/AI/MoneyPrinterTurbo/desktop/dist/Turbo Video.app/Contents/Frameworks/pyarrow/libarrow_python.dylib
--validated:/Users/jaydenmanno/AI/MoneyPrinterTurbo/desktop/dist/Turbo Video.app/Contents/Frameworks/pyarrow/libarrow_python.dylib
--prepared:/Users/jaydenmanno/AI/MoneyPrinterTurbo/desktop/dist/Turbo Video.app/Contents/Frameworks/pyarrow/libarrow_dataset.2300.dylib
--validated:/Users/jaydenmanno/AI/MoneyPrinterTurbo/desktop/dist/Turbo Video.app/Contents/Frameworks/pyarrow/libarrow_dataset.2300.dylib
--prepared:/Users/jaydenmanno/AI/MoneyPrinterTurbo/desktop/dist/Turbo Video.app/Contents/Frameworks/pyarrow/_csv.cpython-311-darwin.so
--validated:/Users/jaydenmanno/AI/MoneyPrinterTurbo/desktop/dist/Turbo Video.app/Contents/Frameworks/pyarrow/_csv.cpython-311-darwin.so
--prepared:/Users/jaydenmanno/AI/MoneyPrinterTurbo/desktop/dist/Turbo Video.app/Contents/Frameworks/pyarrow/libarrow_python_parquet_encryption.2300.dylib
--validated:/Users/jaydenmanno/AI/MoneyPrinterTurbo/desktop/dist/Turbo Video.app/Contents/Frameworks/pyarrow/libarrow_python_parquet_encryption.2300.dylib
--prepared:/Users/jaydenmanno/AI/MoneyPrinterTurbo/desktop/dist/Turbo Video.app/Contents/Frameworks/pyarrow/libarrow_python_parquet_encryption.dylib
--prepared:/Users/jaydenmanno/AI/MoneyPrinterTurbo/desktop/dist/Turbo Video.app/Contents/Frameworks/pyarrow/_fs.cpython-311-darwin.so
--validated:/Users/jaydenmanno/AI/MoneyPrinterTurbo/desktop/dist/Turbo Video.app/Contents/Frameworks/pyarrow/libarrow_python_parquet_encryption.dylib
--validated:/Users/jaydenmanno/AI/MoneyPrinterTurbo/desktop/dist/Turbo Video.app/Contents/Frameworks/pyarrow/_fs.cpython-311-darwin.so
--prepared:/Users/jaydenmanno/AI/MoneyPrinterTurbo/desktop/dist/Turbo Video.app/Contents/Frameworks/pyarrow/libarrow_python.2300.1.0.dylib
--validated:/Users/jaydenmanno/AI/MoneyPrinterTurbo/desktop/dist/Turbo Video.app/Contents/Frameworks/pyarrow/libarrow_python.2300.1.0.dylib
--prepared:/Users/jaydenmanno/AI/MoneyPrinterTurbo/desktop/dist/Turbo Video.app/Contents/Frameworks/pyarrow/libarrow.2300.dylib
--validated:/Users/jaydenmanno/AI/MoneyPrinterTurbo/desktop/dist/Turbo Video.app/Contents/Frameworks/pyarrow/libarrow.2300.dylib
--prepared:/Users/jaydenmanno/AI/MoneyPrinterTurbo/desktop/dist/Turbo Video.app/Contents/Frameworks/libavformat.63.1.101.dylib
--validated:/Users/jaydenmanno/AI/MoneyPrinterTurbo/desktop/dist/Turbo Video.app/Contents/Frameworks/libavformat.63.1.101.dylib
--prepared:/Users/jaydenmanno/AI/MoneyPrinterTurbo/desktop/dist/Turbo Video.app/Contents/Frameworks/libx265.216.dylib
--validated:/Users/jaydenmanno/AI/MoneyPrinterTurbo/desktop/dist/Turbo Video.app/Contents/Frameworks/libx265.216.dylib
/Users/jaydenmanno/AI/MoneyPrinterTurbo/desktop/dist/Turbo Video.app: valid on disk
/Users/jaydenmanno/AI/MoneyPrinterTurbo/desktop/dist/Turbo Video.app: satisfies its Designated Requirement
Built application: /Users/jaydenmanno/AI/MoneyPrinterTurbo/desktop/dist/Turbo Video.app
Built disk image: /Users/jaydenmanno/AI/MoneyPrinterTurbo/desktop/dist/Turbo-Video-1.0.0-arm64.dmg
Build manifest: /Users/jaydenmanno/AI/MoneyPrinterTurbo/desktop/dist/BUILD-MANIFEST.txt
