* Collecting dependencies............................................................................................................................................................................................................................................................

 * libavdevice.63.1.101.dylib from /opt/homebrew/Cellar/ffmpeg/9.0.1/lib/
     symlink --> /opt/homebrew/Cellar/ffmpeg/9.0.1/lib/libavdevice.63.dylib

 * libavfilter.12.1.101.dylib from /opt/homebrew/Cellar/ffmpeg/9.0.1/lib/
     symlink --> /opt/homebrew/Cellar/ffmpeg/9.0.1/lib/libavfilter.12.dylib

 * libavformat.63.1.101.dylib from /opt/homebrew/Cellar/ffmpeg/9.0.1/lib/
     symlink --> /opt/homebrew/Cellar/ffmpeg/9.0.1/lib/libavformat.63.dylib

 * libavcodec.63.1.101.dylib from /opt/homebrew/Cellar/ffmpeg/9.0.1/lib/
     symlink --> /opt/homebrew/Cellar/ffmpeg/9.0.1/lib/libavcodec.63.dylib

 * libswresample.7.1.101.dylib from /opt/homebrew/Cellar/ffmpeg/9.0.1/lib/
     symlink --> /opt/homebrew/Cellar/ffmpeg/9.0.1/lib/libswresample.7.dylib

 * libswscale.10.1.101.dylib from /opt/homebrew/Cellar/ffmpeg/9.0.1/lib/
     symlink --> /opt/homebrew/Cellar/ffmpeg/9.0.1/lib/libswscale.10.dylib

 * libavutil.61.1.101.dylib from /opt/homebrew/Cellar/ffmpeg/9.0.1/lib/
     symlink --> /opt/homebrew/Cellar/ffmpeg/9.0.1/lib/libavutil.61.dylib

 * libvmaf.3.dylib from /opt/homebrew/Cellar/libvmaf/3.2.0/lib/
     symlink --> /opt/homebrew/opt/libvmaf/lib/libvmaf.3.dylib

 * libssl.3.dylib from /opt/homebrew/Cellar/openssl@3/3.6.3/lib/
     symlink --> /opt/homebrew/opt/openssl@3/lib/libssl.3.dylib

 * libcrypto.3.dylib from /opt/homebrew/Cellar/openssl@3/3.6.3/lib/
     symlink --> /opt/homebrew/opt/openssl@3/lib/libcrypto.3.dylib

 * libvpx.12.dylib from /opt/homebrew/Cellar/libvpx/1.16.0/lib/
     symlink --> /opt/homebrew/opt/libvpx/lib/libvpx.12.dylib

 * liblzma.5.dylib from /opt/homebrew/Cellar/xz/5.8.3/lib/
     symlink --> /opt/homebrew/opt/xz/lib/liblzma.5.dylib

 * libdav1d.7.dylib from /opt/homebrew/Cellar/dav1d/1.5.4/lib/
     symlink --> /opt/homebrew/opt/dav1d/lib/libdav1d.7.dylib

 * libmp3lame.0.dylib from /opt/homebrew/Cellar/lame/4.0/lib/
     symlink --> /opt/homebrew/opt/lame/lib/libmp3lame.0.dylib

 * libopus.0.dylib from /opt/homebrew/Cellar/opus/1.6.1/lib/
     symlink --> /opt/homebrew/opt/opus/lib/libopus.0.dylib

 * libSvtAv1Enc.4.2.0.dylib from /opt/homebrew/Cellar/svt-av1/4.2.0/lib/
     symlink --> /opt/homebrew/opt/svt-av1/lib/libSvtAv1Enc.4.dylib

 * libx264.165.dylib from /opt/homebrew/Cellar/x264/r3222/lib/
     symlink --> /opt/homebrew/opt/x264/lib/libx264.165.dylib

 * libx265.216.dylib from /opt/homebrew/Cellar/x265/4.2/lib/
     symlink --> /opt/homebrew/opt/x265/lib/libx265.216.dylib

 * libmpg123.0.dylib from /opt/homebrew/Cellar/mpg123/1.33.7/lib/
     symlink --> /opt/homebrew/opt/mpg123/lib/libmpg123.0.dylib

* Checking output directory /Users/jaydenmanno/AI/MoneyPrinterTurbo/desktop/build/final/stage/lib/

* Processing dependency /Users/jaydenmanno/AI/MoneyPrinterTurbo/desktop/build/final/stage/lib/libmpg123.0.dylib
    cp -f "/opt/homebrew/Cellar/mpg123/1.33.7/lib/libmpg123.0.dylib" "/Users/jaydenmanno/AI/MoneyPrinterTurbo/desktop/build/final/stage/lib/libmpg123.0.dylib"
    chmod +w "/Users/jaydenmanno/AI/MoneyPrinterTurbo/desktop/build/final/stage/lib/libmpg123.0.dylib"
    install_name_tool -id "@executable_path/../lib/libmpg123.0.dylib" "/Users/jaydenmanno/AI/MoneyPrinterTurbo/desktop/build/final/stage/lib/libmpg123.0.dylib"
/Applications/Xcode.app/Contents/Developer/Toolchains/XcodeDefault.xctoolchain/usr/bin/install_name_tool: warning: changes being made to the file will invalidate the code signature in: /Users/jaydenmanno/AI/MoneyPrinterTurbo/desktop/build/final/stage/lib/libmpg123.0.dylib
    ..
  * Fixing dependencies on /Users/jaydenmanno/AI/MoneyPrinterTurbo/desktop/build/final/stage/lib/libmpg123.0.dylib
    codesign --force --deep --preserve-metadata=entitlements,requirements,flags,runtime --sign - "/Users/jaydenmanno/AI/MoneyPrinterTurbo/desktop/build/final/stage/lib/libmpg123.0.dylib"
/Users/jaydenmanno/AI/MoneyPrinterTurbo/desktop/build/final/stage/lib/libmpg123.0.dylib: replacing existing signature

* Processing dependency /Users/jaydenmanno/AI/MoneyPrinterTurbo/desktop/build/final/stage/lib/libx265.216.dylib
    cp -f "/opt/homebrew/Cellar/x265/4.2/lib/libx265.216.dylib" "/Users/jaydenmanno/AI/MoneyPrinterTurbo/desktop/build/final/stage/lib/libx265.216.dylib"
    chmod +w "/Users/jaydenmanno/AI/MoneyPrinterTurbo/desktop/build/final/stage/lib/libx265.216.dylib"
    install_name_tool -id "@executable_path/../lib/libx265.216.dylib" "/Users/jaydenmanno/AI/MoneyPrinterTurbo/desktop/build/final/stage/lib/libx265.216.dylib"
/Applications/Xcode.app/Contents/Developer/Toolchains/XcodeDefault.xctoolchain/usr/bin/install_name_tool: warning: changes being made to the file will invalidate the code signature in: /Users/jaydenmanno/AI/MoneyPrinterTurbo/desktop/build/final/stage/lib/libx265.216.dylib
    ...
  * Fixing dependencies on /Users/jaydenmanno/AI/MoneyPrinterTurbo/desktop/build/final/stage/lib/libx265.216.dylib
    install_name_tool -rpath "@loader_path/../lib" "@executable_path/../lib/" "/Users/jaydenmanno/AI/MoneyPrinterTurbo/desktop/build/final/stage/lib/libx265.216.dylib"
/Applications/Xcode.app/Contents/Developer/Toolchains/XcodeDefault.xctoolchain/usr/bin/install_name_tool: warning: changes being made to the file will invalidate the code signature in: /Users/jaydenmanno/AI/MoneyPrinterTurbo/desktop/build/final/stage/lib/libx265.216.dylib
    codesign --force --deep --preserve-metadata=entitlements,requirements,flags,runtime --sign - "/Users/jaydenmanno/AI/MoneyPrinterTurbo/desktop/build/final/stage/lib/libx265.216.dylib"
/Users/jaydenmanno/AI/MoneyPrinterTurbo/desktop/build/final/stage/lib/libx265.216.dylib: replacing existing signature

* Processing dependency /Users/jaydenmanno/AI/MoneyPrinterTurbo/desktop/build/final/stage/lib/libx264.165.dylib
    cp -f "/opt/homebrew/Cellar/x264/r3222/lib/libx264.165.dylib" "/Users/jaydenmanno/AI/MoneyPrinterTurbo/desktop/build/final/stage/lib/libx264.165.dylib"
    chmod +w "/Users/jaydenmanno/AI/MoneyPrinterTurbo/desktop/build/final/stage/lib/libx264.165.dylib"
    install_name_tool -id "@executable_path/../lib/libx264.165.dylib" "/Users/jaydenmanno/AI/MoneyPrinterTurbo/desktop/build/final/stage/lib/libx264.165.dylib"
/Applications/Xcode.app/Contents/Developer/Toolchains/XcodeDefault.xctoolchain/usr/bin/install_name_tool: warning: changes being made to the file will invalidate the code signature in: /Users/jaydenmanno/AI/MoneyPrinterTurbo/desktop/build/final/stage/lib/libx264.165.dylib
    ..
  * Fixing dependencies on /Users/jaydenmanno/AI/MoneyPrinterTurbo/desktop/build/final/stage/lib/libx264.165.dylib
    codesign --force --deep --preserve-metadata=entitlements,requirements,flags,runtime --sign - "/Users/jaydenmanno/AI/MoneyPrinterTurbo/desktop/build/final/stage/lib/libx264.165.dylib"
/Users/jaydenmanno/AI/MoneyPrinterTurbo/desktop/build/final/stage/lib/libx264.165.dylib: replacing existing signature

* Processing dependency /Users/jaydenmanno/AI/MoneyPrinterTurbo/desktop/build/final/stage/lib/libSvtAv1Enc.4.2.0.dylib
    cp -f "/opt/homebrew/Cellar/svt-av1/4.2.0/lib/libSvtAv1Enc.4.2.0.dylib" "/Users/jaydenmanno/AI/MoneyPrinterTurbo/desktop/build/final/stage/lib/libSvtAv1Enc.4.2.0.dylib"
    chmod +w "/Users/jaydenmanno/AI/MoneyPrinterTurbo/desktop/build/final/stage/lib/libSvtAv1Enc.4.2.0.dylib"
    install_name_tool -id "@executable_path/../lib/libSvtAv1Enc.4.2.0.dylib" "/Users/jaydenmanno/AI/MoneyPrinterTurbo/desktop/build/final/stage/lib/libSvtAv1Enc.4.2.0.dylib"
/Applications/Xcode.app/Contents/Developer/Toolchains/XcodeDefault.xctoolchain/usr/bin/install_name_tool: warning: changes being made to the file will invalidate the code signature in: /Users/jaydenmanno/AI/MoneyPrinterTurbo/desktop/build/final/stage/lib/libSvtAv1Enc.4.2.0.dylib
    ..
  * Fixing dependencies on /Users/jaydenmanno/AI/MoneyPrinterTurbo/desktop/build/final/stage/lib/libSvtAv1Enc.4.2.0.dylib
    install_name_tool -rpath "@loader_path/../lib" "@executable_path/../lib/" "/Users/jaydenmanno/AI/MoneyPrinterTurbo/desktop/build/final/stage/lib/libSvtAv1Enc.4.2.0.dylib"
/Applications/Xcode.app/Contents/Developer/Toolchains/XcodeDefault.xctoolchain/usr/bin/install_name_tool: warning: changes being made to the file will invalidate the code signature in: /Users/jaydenmanno/AI/MoneyPrinterTurbo/desktop/build/final/stage/lib/libSvtAv1Enc.4.2.0.dylib
    codesign --force --deep --preserve-metadata=entitlements,requirements,flags,runtime --sign - "/Users/jaydenmanno/AI/MoneyPrinterTurbo/desktop/build/final/stage/lib/libSvtAv1Enc.4.2.0.dylib"
/Users/jaydenmanno/AI/MoneyPrinterTurbo/desktop/build/final/stage/lib/libSvtAv1Enc.4.2.0.dylib: replacing existing signature

* Processing dependency /Users/jaydenmanno/AI/MoneyPrinterTurbo/desktop/build/final/stage/lib/libopus.0.dylib
    cp -f "/opt/homebrew/Cellar/opus/1.6.1/lib/libopus.0.dylib" "/Users/jaydenmanno/AI/MoneyPrinterTurbo/desktop/build/final/stage/lib/libopus.0.dylib"
    chmod +w "/Users/jaydenmanno/AI/MoneyPrinterTurbo/desktop/build/final/stage/lib/libopus.0.dylib"
    install_name_tool -id "@executable_path/../lib/libopus.0.dylib" "/Users/jaydenmanno/AI/MoneyPrinterTurbo/desktop/build/final/stage/lib/libopus.0.dylib"
/Applications/Xcode.app/Contents/Developer/Toolchains/XcodeDefault.xctoolchain/usr/bin/install_name_tool: warning: changes being made to the file will invalidate the code signature in: /Users/jaydenmanno/AI/MoneyPrinterTurbo/desktop/build/final/stage/lib/libopus.0.dylib
    ..
  * Fixing dependencies on /Users/jaydenmanno/AI/MoneyPrinterTurbo/desktop/build/final/stage/lib/libopus.0.dylib
    codesign --force --deep --preserve-metadata=entitlements,requirements,flags,runtime --sign - "/Users/jaydenmanno/AI/MoneyPrinterTurbo/desktop/build/final/stage/lib/libopus.0.dylib"
/Users/jaydenmanno/AI/MoneyPrinterTurbo/desktop/build/final/stage/lib/libopus.0.dylib: replacing existing signature

* Processing dependency /Users/jaydenmanno/AI/MoneyPrinterTurbo/desktop/build/final/stage/lib/libmp3lame.0.dylib
    cp -f "/opt/homebrew/Cellar/lame/4.0/lib/libmp3lame.0.dylib" "/Users/jaydenmanno/AI/MoneyPrinterTurbo/desktop/build/final/stage/lib/libmp3lame.0.dylib"
    chmod +w "/Users/jaydenmanno/AI/MoneyPrinterTurbo/desktop/build/final/stage/lib/libmp3lame.0.dylib"
    install_name_tool -id "@executable_path/../lib/libmp3lame.0.dylib" "/Users/jaydenmanno/AI/MoneyPrinterTurbo/desktop/build/final/stage/lib/libmp3lame.0.dylib"
/Applications/Xcode.app/Contents/Developer/Toolchains/XcodeDefault.xctoolchain/usr/bin/install_name_tool: warning: changes being made to the file will invalidate the code signature in: /Users/jaydenmanno/AI/MoneyPrinterTurbo/desktop/build/final/stage/lib/libmp3lame.0.dylib
    ...
  * Fixing dependencies on /Users/jaydenmanno/AI/MoneyPrinterTurbo/desktop/build/final/stage/lib/libmp3lame.0.dylib
    install_name_tool -change "/opt/homebrew/Cellar/mpg123/1.33.7/lib/libmpg123.0.dylib" "@executable_path/../lib/libmpg123.0.dylib" "/Users/jaydenmanno/AI/MoneyPrinterTurbo/desktop/build/final/stage/lib/libmp3lame.0.dylib"
/Applications/Xcode.app/Contents/Developer/Toolchains/XcodeDefault.xctoolchain/usr/bin/install_name_tool: warning: changes being made to the file will invalidate the code signature in: /Users/jaydenmanno/AI/MoneyPrinterTurbo/desktop/build/final/stage/lib/libmp3lame.0.dylib
    install_name_tool -change "/opt/homebrew/opt/mpg123/lib/libmpg123.0.dylib" "@executable_path/../lib/libmpg123.0.dylib" "/Users/jaydenmanno/AI/MoneyPrinterTurbo/desktop/build/final/stage/lib/libmp3lame.0.dylib"
/Applications/Xcode.app/Contents/Developer/Toolchains/XcodeDefault.xctoolchain/usr/bin/install_name_tool: warning: changes being made to the file will invalidate the code signature in: /Users/jaydenmanno/AI/MoneyPrinterTurbo/desktop/build/final/stage/lib/libmp3lame.0.dylib
    codesign --force --deep --preserve-metadata=entitlements,requirements,flags,runtime --sign - "/Users/jaydenmanno/AI/MoneyPrinterTurbo/desktop/build/final/stage/lib/libmp3lame.0.dylib"
/Users/jaydenmanno/AI/MoneyPrinterTurbo/desktop/build/final/stage/lib/libmp3lame.0.dylib: replacing existing signature

* Processing dependency /Users/jaydenmanno/AI/MoneyPrinterTurbo/desktop/build/final/stage/lib/libdav1d.7.dylib
    cp -f "/opt/homebrew/Cellar/dav1d/1.5.4/lib/libdav1d.7.dylib" "/Users/jaydenmanno/AI/MoneyPrinterTurbo/desktop/build/final/stage/lib/libdav1d.7.dylib"
    chmod +w "/Users/jaydenmanno/AI/MoneyPrinterTurbo/desktop/build/final/stage/lib/libdav1d.7.dylib"
    install_name_tool -id "@executable_path/../lib/libdav1d.7.dylib" "/Users/jaydenmanno/AI/MoneyPrinterTurbo/desktop/build/final/stage/lib/libdav1d.7.dylib"
/Applications/Xcode.app/Contents/Developer/Toolchains/XcodeDefault.xctoolchain/usr/bin/install_name_tool: warning: changes being made to the file will invalidate the code signature in: /Users/jaydenmanno/AI/MoneyPrinterTurbo/desktop/build/final/stage/lib/libdav1d.7.dylib
    ..
  * Fixing dependencies on /Users/jaydenmanno/AI/MoneyPrinterTurbo/desktop/build/final/stage/lib/libdav1d.7.dylib
    codesign --force --deep --preserve-metadata=entitlements,requirements,flags,runtime --sign - "/Users/jaydenmanno/AI/MoneyPrinterTurbo/desktop/build/final/stage/lib/libdav1d.7.dylib"
/Users/jaydenmanno/AI/MoneyPrinterTurbo/desktop/build/final/stage/lib/libdav1d.7.dylib: replacing existing signature

* Processing dependency /Users/jaydenmanno/AI/MoneyPrinterTurbo/desktop/build/final/stage/lib/liblzma.5.dylib
    cp -f "/opt/homebrew/Cellar/xz/5.8.3/lib/liblzma.5.dylib" "/Users/jaydenmanno/AI/MoneyPrinterTurbo/desktop/build/final/stage/lib/liblzma.5.dylib"
    chmod +w "/Users/jaydenmanno/AI/MoneyPrinterTurbo/desktop/build/final/stage/lib/liblzma.5.dylib"
    install_name_tool -id "@executable_path/../lib/liblzma.5.dylib" "/Users/jaydenmanno/AI/MoneyPrinterTurbo/desktop/build/final/stage/lib/liblzma.5.dylib"
/Applications/Xcode.app/Contents/Developer/Toolchains/XcodeDefault.xctoolchain/usr/bin/install_name_tool: warning: changes being made to the file will invalidate the code signature in: /Users/jaydenmanno/AI/MoneyPrinterTurbo/desktop/build/final/stage/lib/liblzma.5.dylib
    ..
  * Fixing dependencies on /Users/jaydenmanno/AI/MoneyPrinterTurbo/desktop/build/final/stage/lib/liblzma.5.dylib
    codesign --force --deep --preserve-metadata=entitlements,requirements,flags,runtime --sign - "/Users/jaydenmanno/AI/MoneyPrinterTurbo/desktop/build/final/stage/lib/liblzma.5.dylib"
/Users/jaydenmanno/AI/MoneyPrinterTurbo/desktop/build/final/stage/lib/liblzma.5.dylib: replacing existing signature

* Processing dependency /Users/jaydenmanno/AI/MoneyPrinterTurbo/desktop/build/final/stage/lib/libvpx.12.dylib
    cp -f "/opt/homebrew/Cellar/libvpx/1.16.0/lib/libvpx.12.dylib" "/Users/jaydenmanno/AI/MoneyPrinterTurbo/desktop/build/final/stage/lib/libvpx.12.dylib"
    chmod +w "/Users/jaydenmanno/AI/MoneyPrinterTurbo/desktop/build/final/stage/lib/libvpx.12.dylib"
    install_name_tool -id "@executable_path/../lib/libvpx.12.dylib" "/Users/jaydenmanno/AI/MoneyPrinterTurbo/desktop/build/final/stage/lib/libvpx.12.dylib"
/Applications/Xcode.app/Contents/Developer/Toolchains/XcodeDefault.xctoolchain/usr/bin/install_name_tool: warning: changes being made to the file will invalidate the code signature in: /Users/jaydenmanno/AI/MoneyPrinterTurbo/desktop/build/final/stage/lib/libvpx.12.dylib
    ...
  * Fixing dependencies on /Users/jaydenmanno/AI/MoneyPrinterTurbo/desktop/build/final/stage/lib/libvpx.12.dylib
    codesign --force --deep --preserve-metadata=entitlements,requirements,flags,runtime --sign - "/Users/jaydenmanno/AI/MoneyPrinterTurbo/desktop/build/final/stage/lib/libvpx.12.dylib"
/Users/jaydenmanno/AI/MoneyPrinterTurbo/desktop/build/final/stage/lib/libvpx.12.dylib: replacing existing signature

* Processing dependency /Users/jaydenmanno/AI/MoneyPrinterTurbo/desktop/build/final/stage/lib/libcrypto.3.dylib
    cp -f "/opt/homebrew/Cellar/openssl@3/3.6.3/lib/libcrypto.3.dylib" "/Users/jaydenmanno/AI/MoneyPrinterTurbo/desktop/build/final/stage/lib/libcrypto.3.dylib"
    chmod +w "/Users/jaydenmanno/AI/MoneyPrinterTurbo/desktop/build/final/stage/lib/libcrypto.3.dylib"
    install_name_tool -id "@executable_path/../lib/libcrypto.3.dylib" "/Users/jaydenmanno/AI/MoneyPrinterTurbo/desktop/build/final/stage/lib/libcrypto.3.dylib"
/Applications/Xcode.app/Contents/Developer/Toolchains/XcodeDefault.xctoolchain/usr/bin/install_name_tool: warning: changes being made to the file will invalidate the code signature in: /Users/jaydenmanno/AI/MoneyPrinterTurbo/desktop/build/final/stage/lib/libcrypto.3.dylib
    ..
  * Fixing dependencies on /Users/jaydenmanno/AI/MoneyPrinterTurbo/desktop/build/final/stage/lib/libcrypto.3.dylib
    codesign --force --deep --preserve-metadata=entitlements,requirements,flags,runtime --sign - "/Users/jaydenmanno/AI/MoneyPrinterTurbo/desktop/build/final/stage/lib/libcrypto.3.dylib"
/Users/jaydenmanno/AI/MoneyPrinterTurbo/desktop/build/final/stage/lib/libcrypto.3.dylib: replacing existing signature

* Processing dependency /Users/jaydenmanno/AI/MoneyPrinterTurbo/desktop/build/final/stage/lib/libssl.3.dylib
    cp -f "/opt/homebrew/Cellar/openssl@3/3.6.3/lib/libssl.3.dylib" "/Users/jaydenmanno/AI/MoneyPrinterTurbo/desktop/build/final/stage/lib/libssl.3.dylib"
    chmod +w "/Users/jaydenmanno/AI/MoneyPrinterTurbo/desktop/build/final/stage/lib/libssl.3.dylib"
    install_name_tool -id "@executable_path/../lib/libssl.3.dylib" "/Users/jaydenmanno/AI/MoneyPrinterTurbo/desktop/build/final/stage/lib/libssl.3.dylib"
/Applications/Xcode.app/Contents/Developer/Toolchains/XcodeDefault.xctoolchain/usr/bin/install_name_tool: warning: changes being made to the file will invalidate the code signature in: /Users/jaydenmanno/AI/MoneyPrinterTurbo/desktop/build/final/stage/lib/libssl.3.dylib
    ...
  * Fixing dependencies on /Users/jaydenmanno/AI/MoneyPrinterTurbo/desktop/build/final/stage/lib/libssl.3.dylib
    install_name_tool -change "/opt/homebrew/Cellar/openssl@3/3.6.3/lib/libcrypto.3.dylib" "@executable_path/../lib/libcrypto.3.dylib" "/Users/jaydenmanno/AI/MoneyPrinterTurbo/desktop/build/final/stage/lib/libssl.3.dylib"
/Applications/Xcode.app/Contents/Developer/Toolchains/XcodeDefault.xctoolchain/usr/bin/install_name_tool: warning: changes being made to the file will invalidate the code signature in: /Users/jaydenmanno/AI/MoneyPrinterTurbo/desktop/build/final/stage/lib/libssl.3.dylib
    codesign --force --deep --preserve-metadata=entitlements,requirements,flags,runtime --sign - "/Users/jaydenmanno/AI/MoneyPrinterTurbo/desktop/build/final/stage/lib/libssl.3.dylib"
/Users/jaydenmanno/AI/MoneyPrinterTurbo/desktop/build/final/stage/lib/libssl.3.dylib: replacing existing signature

* Processing dependency /Users/jaydenmanno/AI/MoneyPrinterTurbo/desktop/build/final/stage/lib/libvmaf.3.dylib
    cp -f "/opt/homebrew/Cellar/libvmaf/3.2.0/lib/libvmaf.3.dylib" "/Users/jaydenmanno/AI/MoneyPrinterTurbo/desktop/build/final/stage/lib/libvmaf.3.dylib"
    chmod +w "/Users/jaydenmanno/AI/MoneyPrinterTurbo/desktop/build/final/stage/lib/libvmaf.3.dylib"
    install_name_tool -id "@executable_path/../lib/libvmaf.3.dylib" "/Users/jaydenmanno/AI/MoneyPrinterTurbo/desktop/build/final/stage/lib/libvmaf.3.dylib"
/Applications/Xcode.app/Contents/Developer/Toolchains/XcodeDefault.xctoolchain/usr/bin/install_name_tool: warning: changes being made to the file will invalidate the code signature in: /Users/jaydenmanno/AI/MoneyPrinterTurbo/desktop/build/final/stage/lib/libvmaf.3.dylib
    ...
  * Fixing dependencies on /Users/jaydenmanno/AI/MoneyPrinterTurbo/desktop/build/final/stage/lib/libvmaf.3.dylib
    codesign --force --deep --preserve-metadata=entitlements,requirements,flags,runtime --sign - "/Users/jaydenmanno/AI/MoneyPrinterTurbo/desktop/build/final/stage/lib/libvmaf.3.dylib"
/Users/jaydenmanno/AI/MoneyPrinterTurbo/desktop/build/final/stage/lib/libvmaf.3.dylib: replacing existing signature

* Processing dependency /Users/jaydenmanno/AI/MoneyPrinterTurbo/desktop/build/final/stage/lib/libavutil.61.1.101.dylib
    cp -f "/opt/homebrew/Cellar/ffmpeg/9.0.1/lib/libavutil.61.1.101.dylib" "/Users/jaydenmanno/AI/MoneyPrinterTurbo/desktop/build/final/stage/lib/libavutil.61.1.101.dylib"
    chmod +w "/Users/jaydenmanno/AI/MoneyPrinterTurbo/desktop/build/final/stage/lib/libavutil.61.1.101.dylib"
    install_name_tool -id "@executable_path/../lib/libavutil.61.1.101.dylib" "/Users/jaydenmanno/AI/MoneyPrinterTurbo/desktop/build/final/stage/lib/libavutil.61.1.101.dylib"
/Applications/Xcode.app/Contents/Developer/Toolchains/XcodeDefault.xctoolchain/usr/bin/install_name_tool: warning: changes being made to the file will invalidate the code signature in: /Users/jaydenmanno/AI/MoneyPrinterTurbo/desktop/build/final/stage/lib/libavutil.61.1.101.dylib
    ..........
  * Fixing dependencies on /Users/jaydenmanno/AI/MoneyPrinterTurbo/desktop/build/final/stage/lib/libavutil.61.1.101.dylib
    install_name_tool -change "/opt/homebrew/Cellar/openssl@3/3.6.3/lib/libssl.3.dylib" "@executable_path/../lib/libssl.3.dylib" "/Users/jaydenmanno/AI/MoneyPrinterTurbo/desktop/build/final/stage/lib/libavutil.61.1.101.dylib"
/Applications/Xcode.app/Contents/Developer/Toolchains/XcodeDefault.xctoolchain/usr/bin/install_name_tool: warning: changes being made to the file will invalidate the code signature in: /Users/jaydenmanno/AI/MoneyPrinterTurbo/desktop/build/final/stage/lib/libavutil.61.1.101.dylib
    install_name_tool -change "/opt/homebrew/opt/openssl@3/lib/libssl.3.dylib" "@executable_path/../lib/libssl.3.dylib" "/Users/jaydenmanno/AI/MoneyPrinterTurbo/desktop/build/final/stage/lib/libavutil.61.1.101.dylib"
/Applications/Xcode.app/Contents/Developer/Toolchains/XcodeDefault.xctoolchain/usr/bin/install_name_tool: warning: changes being made to the file will invalidate the code signature in: /Users/jaydenmanno/AI/MoneyPrinterTurbo/desktop/build/final/stage/lib/libavutil.61.1.101.dylib
    install_name_tool -change "/opt/homebrew/Cellar/openssl@3/3.6.3/lib/libcrypto.3.dylib" "@executable_path/../lib/libcrypto.3.dylib" "/Users/jaydenmanno/AI/MoneyPrinterTurbo/desktop/build/final/stage/lib/libavutil.61.1.101.dylib"
/Applications/Xcode.app/Contents/Developer/Toolchains/XcodeDefault.xctoolchain/usr/bin/install_name_tool: warning: changes being made to the file will invalidate the code signature in: /Users/jaydenmanno/AI/MoneyPrinterTurbo/desktop/build/final/stage/lib/libavutil.61.1.101.dylib
    install_name_tool -change "/opt/homebrew/opt/openssl@3/lib/libcrypto.3.dylib" "@executable_path/../lib/libcrypto.3.dylib" "/Users/jaydenmanno/AI/MoneyPrinterTurbo/desktop/build/final/stage/lib/libavutil.61.1.101.dylib"
/Applications/Xcode.app/Contents/Developer/Toolchains/XcodeDefault.xctoolchain/usr/bin/install_name_tool: warning: changes being made to the file will invalidate the code signature in: /Users/jaydenmanno/AI/MoneyPrinterTurbo/desktop/build/final/stage/lib/libavutil.61.1.101.dylib
    codesign --force --deep --preserve-metadata=entitlements,requirements,flags,runtime --sign - "/Users/jaydenmanno/AI/MoneyPrinterTurbo/desktop/build/final/stage/lib/libavutil.61.1.101.dylib"
/Users/jaydenmanno/AI/MoneyPrinterTurbo/desktop/build/final/stage/lib/libavutil.61.1.101.dylib: replacing existing signature

* Processing dependency /Users/jaydenmanno/AI/MoneyPrinterTurbo/desktop/build/final/stage/lib/libswscale.10.1.101.dylib
    cp -f "/opt/homebrew/Cellar/ffmpeg/9.0.1/lib/libswscale.10.1.101.dylib" "/Users/jaydenmanno/AI/MoneyPrinterTurbo/desktop/build/final/stage/lib/libswscale.10.1.101.dylib"
    chmod +w "/Users/jaydenmanno/AI/MoneyPrinterTurbo/desktop/build/final/stage/lib/libswscale.10.1.101.dylib"
    install_name_tool -id "@executable_path/../lib/libswscale.10.1.101.dylib" "/Users/jaydenmanno/AI/MoneyPrinterTurbo/desktop/build/final/stage/lib/libswscale.10.1.101.dylib"
/Applications/Xcode.app/Contents/Developer/Toolchains/XcodeDefault.xctoolchain/usr/bin/install_name_tool: warning: changes being made to the file will invalidate the code signature in: /Users/jaydenmanno/AI/MoneyPrinterTurbo/desktop/build/final/stage/lib/libswscale.10.1.101.dylib
    ...........
  * Fixing dependencies on /Users/jaydenmanno/AI/MoneyPrinterTurbo/desktop/build/final/stage/lib/libswscale.10.1.101.dylib
    install_name_tool -change "/opt/homebrew/Cellar/ffmpeg/9.0.1/lib/libavutil.61.1.101.dylib" "@executable_path/../lib/libavutil.61.1.101.dylib" "/Users/jaydenmanno/AI/MoneyPrinterTurbo/desktop/build/final/stage/lib/libswscale.10.1.101.dylib"
/Applications/Xcode.app/Contents/Developer/Toolchains/XcodeDefault.xctoolchain/usr/bin/install_name_tool: warning: changes being made to the file will invalidate the code signature in: /Users/jaydenmanno/AI/MoneyPrinterTurbo/desktop/build/final/stage/lib/libswscale.10.1.101.dylib
    install_name_tool -change "/opt/homebrew/Cellar/ffmpeg/9.0.1/lib/libavutil.61.dylib" "@executable_path/../lib/libavutil.61.1.101.dylib" "/Users/jaydenmanno/AI/MoneyPrinterTurbo/desktop/build/final/stage/lib/libswscale.10.1.101.dylib"
/Applications/Xcode.app/Contents/Developer/Toolchains/XcodeDefault.xctoolchain/usr/bin/install_name_tool: warning: changes being made to the file will invalidate the code signature in: /Users/jaydenmanno/AI/MoneyPrinterTurbo/desktop/build/final/stage/lib/libswscale.10.1.101.dylib
    install_name_tool -change "/opt/homebrew/Cellar/openssl@3/3.6.3/lib/libssl.3.dylib" "@executable_path/../lib/libssl.3.dylib" "/Users/jaydenmanno/AI/MoneyPrinterTurbo/desktop/build/final/stage/lib/libswscale.10.1.101.dylib"
/Applications/Xcode.app/Contents/Developer/Toolchains/XcodeDefault.xctoolchain/usr/bin/install_name_tool: warning: changes being made to the file will invalidate the code signature in: /Users/jaydenmanno/AI/MoneyPrinterTurbo/desktop/build/final/stage/lib/libswscale.10.1.101.dylib
    install_name_tool -change "/opt/homebrew/opt/openssl@3/lib/libssl.3.dylib" "@executable_path/../lib/libssl.3.dylib" "/Users/jaydenmanno/AI/MoneyPrinterTurbo/desktop/build/final/stage/lib/libswscale.10.1.101.dylib"
/Applications/Xcode.app/Contents/Developer/Toolchains/XcodeDefault.xctoolchain/usr/bin/install_name_tool: warning: changes being made to the file will invalidate the code signature in: /Users/jaydenmanno/AI/MoneyPrinterTurbo/desktop/build/final/stage/lib/libswscale.10.1.101.dylib
    install_name_tool -change "/opt/homebrew/Cellar/openssl@3/3.6.3/lib/libcrypto.3.dylib" "@executable_path/../lib/libcrypto.3.dylib" "/Users/jaydenmanno/AI/MoneyPrinterTurbo/desktop/build/final/stage/lib/libswscale.10.1.101.dylib"
/Applications/Xcode.app/Contents/Developer/Toolchains/XcodeDefault.xctoolchain/usr/bin/install_name_tool: warning: changes being made to the file will invalidate the code signature in: /Users/jaydenmanno/AI/MoneyPrinterTurbo/desktop/build/final/stage/lib/libswscale.10.1.101.dylib
    install_name_tool -change "/opt/homebrew/opt/openssl@3/lib/libcrypto.3.dylib" "@executable_path/../lib/libcrypto.3.dylib" "/Users/jaydenmanno/AI/MoneyPrinterTurbo/desktop/build/final/stage/lib/libswscale.10.1.101.dylib"
/Applications/Xcode.app/Contents/Developer/Toolchains/XcodeDefault.xctoolchain/usr/bin/install_name_tool: warning: changes being made to the file will invalidate the code signature in: /Users/jaydenmanno/AI/MoneyPrinterTurbo/desktop/build/final/stage/lib/libswscale.10.1.101.dylib
    codesign --force --deep --preserve-metadata=entitlements,requirements,flags,runtime --sign - "/Users/jaydenmanno/AI/MoneyPrinterTurbo/desktop/build/final/stage/lib/libswscale.10.1.101.dylib"
/Users/jaydenmanno/AI/MoneyPrinterTurbo/desktop/build/final/stage/lib/libswscale.10.1.101.dylib: replacing existing signature

* Processing dependency /Users/jaydenmanno/AI/MoneyPrinterTurbo/desktop/build/final/stage/lib/libswresample.7.1.101.dylib
    cp -f "/opt/homebrew/Cellar/ffmpeg/9.0.1/lib/libswresample.7.1.101.dylib" "/Users/jaydenmanno/AI/MoneyPrinterTurbo/desktop/build/final/stage/lib/libswresample.7.1.101.dylib"
    chmod +w "/Users/jaydenmanno/AI/MoneyPrinterTurbo/desktop/build/final/stage/lib/libswresample.7.1.101.dylib"
    install_name_tool -id "@executable_path/../lib/libswresample.7.1.101.dylib" "/Users/jaydenmanno/AI/MoneyPrinterTurbo/desktop/build/final/stage/lib/libswresample.7.1.101.dylib"
/Applications/Xcode.app/Contents/Developer/Toolchains/XcodeDefault.xctoolchain/usr/bin/install_name_tool: warning: changes being made to the file will invalidate the code signature in: /Users/jaydenmanno/AI/MoneyPrinterTurbo/desktop/build/final/stage/lib/libswresample.7.1.101.dylib
    ...........
  * Fixing dependencies on /Users/jaydenmanno/AI/MoneyPrinterTurbo/desktop/build/final/stage/lib/libswresample.7.1.101.dylib
    install_name_tool -change "/opt/homebrew/Cellar/ffmpeg/9.0.1/lib/libavutil.61.1.101.dylib" "@executable_path/../lib/libavutil.61.1.101.dylib" "/Users/jaydenmanno/AI/MoneyPrinterTurbo/desktop/build/final/stage/lib/libswresample.7.1.101.dylib"
/Applications/Xcode.app/Contents/Developer/Toolchains/XcodeDefault.xctoolchain/usr/bin/install_name_tool: warning: changes being made to the file will invalidate the code signature in: /Users/jaydenmanno/AI/MoneyPrinterTurbo/desktop/build/final/stage/lib/libswresample.7.1.101.dylib
    install_name_tool -change "/opt/homebrew/Cellar/ffmpeg/9.0.1/lib/libavutil.61.dylib" "@executable_path/../lib/libavutil.61.1.101.dylib" "/Users/jaydenmanno/AI/MoneyPrinterTurbo/desktop/build/final/stage/lib/libswresample.7.1.101.dylib"
/Applications/Xcode.app/Contents/Developer/Toolchains/XcodeDefault.xctoolchain/usr/bin/install_name_tool: warning: changes being made to the file will invalidate the code signature in: /Users/jaydenmanno/AI/MoneyPrinterTurbo/desktop/build/final/stage/lib/libswresample.7.1.101.dylib
    install_name_tool -change "/opt/homebrew/Cellar/openssl@3/3.6.3/lib/libssl.3.dylib" "@executable_path/../lib/libssl.3.dylib" "/Users/jaydenmanno/AI/MoneyPrinterTurbo/desktop/build/final/stage/lib/libswresample.7.1.101.dylib"
/Applications/Xcode.app/Contents/Developer/Toolchains/XcodeDefault.xctoolchain/usr/bin/install_name_tool: warning: changes being made to the file will invalidate the code signature in: /Users/jaydenmanno/AI/MoneyPrinterTurbo/desktop/build/final/stage/lib/libswresample.7.1.101.dylib
    install_name_tool -change "/opt/homebrew/opt/openssl@3/lib/libssl.3.dylib" "@executable_path/../lib/libssl.3.dylib" "/Users/jaydenmanno/AI/MoneyPrinterTurbo/desktop/build/final/stage/lib/libswresample.7.1.101.dylib"
/Applications/Xcode.app/Contents/Developer/Toolchains/XcodeDefault.xctoolchain/usr/bin/install_name_tool: warning: changes being made to the file will invalidate the code signature in: /Users/jaydenmanno/AI/MoneyPrinterTurbo/desktop/build/final/stage/lib/libswresample.7.1.101.dylib
    install_name_tool -change "/opt/homebrew/Cellar/openssl@3/3.6.3/lib/libcrypto.3.dylib" "@executable_path/../lib/libcrypto.3.dylib" "/Users/jaydenmanno/AI/MoneyPrinterTurbo/desktop/build/final/stage/lib/libswresample.7.1.101.dylib"
/Applications/Xcode.app/Contents/Developer/Toolchains/XcodeDefault.xctoolchain/usr/bin/install_name_tool: warning: changes being made to the file will invalidate the code signature in: /Users/jaydenmanno/AI/MoneyPrinterTurbo/desktop/build/final/stage/lib/libswresample.7.1.101.dylib
    install_name_tool -change "/opt/homebrew/opt/openssl@3/lib/libcrypto.3.dylib" "@executable_path/../lib/libcrypto.3.dylib" "/Users/jaydenmanno/AI/MoneyPrinterTurbo/desktop/build/final/stage/lib/libswresample.7.1.101.dylib"
/Applications/Xcode.app/Contents/Developer/Toolchains/XcodeDefault.xctoolchain/usr/bin/install_name_tool: warning: changes being made to the file will invalidate the code signature in: /Users/jaydenmanno/AI/MoneyPrinterTurbo/desktop/build/final/stage/lib/libswresample.7.1.101.dylib
    codesign --force --deep --preserve-metadata=entitlements,requirements,flags,runtime --sign - "/Users/jaydenmanno/AI/MoneyPrinterTurbo/desktop/build/final/stage/lib/libswresample.7.1.101.dylib"
/Users/jaydenmanno/AI/MoneyPrinterTurbo/desktop/build/final/stage/lib/libswresample.7.1.101.dylib: replacing existing signature

* Processing dependency /Users/jaydenmanno/AI/MoneyPrinterTurbo/desktop/build/final/stage/lib/libavcodec.63.1.101.dylib
    cp -f "/opt/homebrew/Cellar/ffmpeg/9.0.1/lib/libavcodec.63.1.101.dylib" "/Users/jaydenmanno/AI/MoneyPrinterTurbo/desktop/build/final/stage/lib/libavcodec.63.1.101.dylib"
    chmod +w "/Users/jaydenmanno/AI/MoneyPrinterTurbo/desktop/build/final/stage/lib/libavcodec.63.1.101.dylib"
    install_name_tool -id "@executable_path/../lib/libavcodec.63.1.101.dylib" "/Users/jaydenmanno/AI/MoneyPrinterTurbo/desktop/build/final/stage/lib/libavcodec.63.1.101.dylib"
/Applications/Xcode.app/Contents/Developer/Toolchains/XcodeDefault.xctoolchain/usr/bin/install_name_tool: warning: changes being made to the file will invalidate the code signature in: /Users/jaydenmanno/AI/MoneyPrinterTurbo/desktop/build/final/stage/lib/libavcodec.63.1.101.dylib
    ......................
  * Fixing dependencies on /Users/jaydenmanno/AI/MoneyPrinterTurbo/desktop/build/final/stage/lib/libavcodec.63.1.101.dylib
    install_name_tool -change "/opt/homebrew/Cellar/ffmpeg/9.0.1/lib/libswresample.7.1.101.dylib" "@executable_path/../lib/libswresample.7.1.101.dylib" "/Users/jaydenmanno/AI/MoneyPrinterTurbo/desktop/build/final/stage/lib/libavcodec.63.1.101.dylib"
/Applications/Xcode.app/Contents/Developer/Toolchains/XcodeDefault.xctoolchain/usr/bin/install_name_tool: warning: changes being made to the file will invalidate the code signature in: /Users/jaydenmanno/AI/MoneyPrinterTurbo/desktop/build/final/stage/lib/libavcodec.63.1.101.dylib
    install_name_tool -change "/opt/homebrew/Cellar/ffmpeg/9.0.1/lib/libswresample.7.dylib" "@executable_path/../lib/libswresample.7.1.101.dylib" "/Users/jaydenmanno/AI/MoneyPrinterTurbo/desktop/build/final/stage/lib/libavcodec.63.1.101.dylib"
/Applications/Xcode.app/Contents/Developer/Toolchains/XcodeDefault.xctoolchain/usr/bin/install_name_tool: warning: changes being made to the file will invalidate the code signature in: /Users/jaydenmanno/AI/MoneyPrinterTurbo/desktop/build/final/stage/lib/libavcodec.63.1.101.dylib
    install_name_tool -change "/opt/homebrew/Cellar/ffmpeg/9.0.1/lib/libavutil.61.1.101.dylib" "@executable_path/../lib/libavutil.61.1.101.dylib" "/Users/jaydenmanno/AI/MoneyPrinterTurbo/desktop/build/final/stage/lib/libavcodec.63.1.101.dylib"
/Applications/Xcode.app/Contents/Developer/Toolchains/XcodeDefault.xctoolchain/usr/bin/install_name_tool: warning: changes being made to the file will invalidate the code signature in: /Users/jaydenmanno/AI/MoneyPrinterTurbo/desktop/build/final/stage/lib/libavcodec.63.1.101.dylib
    install_name_tool -change "/opt/homebrew/Cellar/ffmpeg/9.0.1/lib/libavutil.61.dylib" "@executable_path/../lib/libavutil.61.1.101.dylib" "/Users/jaydenmanno/AI/MoneyPrinterTurbo/desktop/build/final/stage/lib/libavcodec.63.1.101.dylib"
/Applications/Xcode.app/Contents/Developer/Toolchains/XcodeDefault.xctoolchain/usr/bin/install_name_tool: warning: changes being made to the file will invalidate the code signature in: /Users/jaydenmanno/AI/MoneyPrinterTurbo/desktop/build/final/stage/lib/libavcodec.63.1.101.dylib
    install_name_tool -change "/opt/homebrew/Cellar/libvpx/1.16.0/lib/libvpx.12.dylib" "@executable_path/../lib/libvpx.12.dylib" "/Users/jaydenmanno/AI/MoneyPrinterTurbo/desktop/build/final/stage/lib/libavcodec.63.1.101.dylib"
/Applications/Xcode.app/Contents/Developer/Toolchains/XcodeDefault.xctoolchain/usr/bin/install_name_tool: warning: changes being made to the file will invalidate the code signature in: /Users/jaydenmanno/AI/MoneyPrinterTurbo/desktop/build/final/stage/lib/libavcodec.63.1.101.dylib
    install_name_tool -change "/opt/homebrew/opt/libvpx/lib/libvpx.12.dylib" "@executable_path/../lib/libvpx.12.dylib" "/Users/jaydenmanno/AI/MoneyPrinterTurbo/desktop/build/final/stage/lib/libavcodec.63.1.101.dylib"
/Applications/Xcode.app/Contents/Developer/Toolchains/XcodeDefault.xctoolchain/usr/bin/install_name_tool: warning: changes being made to the file will invalidate the code signature in: /Users/jaydenmanno/AI/MoneyPrinterTurbo/desktop/build/final/stage/lib/libavcodec.63.1.101.dylib
    install_name_tool -change "/opt/homebrew/Cellar/xz/5.8.3/lib/liblzma.5.dylib" "@executable_path/../lib/liblzma.5.dylib" "/Users/jaydenmanno/AI/MoneyPrinterTurbo/desktop/build/final/stage/lib/libavcodec.63.1.101.dylib"
/Applications/Xcode.app/Contents/Developer/Toolchains/XcodeDefault.xctoolchain/usr/bin/install_name_tool: warning: changes being made to the file will invalidate the code signature in: /Users/jaydenmanno/AI/MoneyPrinterTurbo/desktop/build/final/stage/lib/libavcodec.63.1.101.dylib
    install_name_tool -change "/opt/homebrew/opt/xz/lib/liblzma.5.dylib" "@executable_path/../lib/liblzma.5.dylib" "/Users/jaydenmanno/AI/MoneyPrinterTurbo/desktop/build/final/stage/lib/libavcodec.63.1.101.dylib"
/Applications/Xcode.app/Contents/Developer/Toolchains/XcodeDefault.xctoolchain/usr/bin/install_name_tool: warning: changes being made to the file will invalidate the code signature in: /Users/jaydenmanno/AI/MoneyPrinterTurbo/desktop/build/final/stage/lib/libavcodec.63.1.101.dylib
    install_name_tool -change "/opt/homebrew/Cellar/dav1d/1.5.4/lib/libdav1d.7.dylib" "@executable_path/../lib/libdav1d.7.dylib" "/Users/jaydenmanno/AI/MoneyPrinterTurbo/desktop/build/final/stage/lib/libavcodec.63.1.101.dylib"
/Applications/Xcode.app/Contents/Developer/Toolchains/XcodeDefault.xctoolchain/usr/bin/install_name_tool: warning: changes being made to the file will invalidate the code signature in: /Users/jaydenmanno/AI/MoneyPrinterTurbo/desktop/build/final/stage/lib/libavcodec.63.1.101.dylib
    install_name_tool -change "/opt/homebrew/opt/dav1d/lib/libdav1d.7.dylib" "@executable_path/../lib/libdav1d.7.dylib" "/Users/jaydenmanno/AI/MoneyPrinterTurbo/desktop/build/final/stage/lib/libavcodec.63.1.101.dylib"
/Applications/Xcode.app/Contents/Developer/Toolchains/XcodeDefault.xctoolchain/usr/bin/install_name_tool: warning: changes being made to the file will invalidate the code signature in: /Users/jaydenmanno/AI/MoneyPrinterTurbo/desktop/build/final/stage/lib/libavcodec.63.1.101.dylib
    install_name_tool -change "/opt/homebrew/Cellar/lame/4.0/lib/libmp3lame.0.dylib" "@executable_path/../lib/libmp3lame.0.dylib" "/Users/jaydenmanno/AI/MoneyPrinterTurbo/desktop/build/final/stage/lib/libavcodec.63.1.101.dylib"
/Applications/Xcode.app/Contents/Developer/Toolchains/XcodeDefault.xctoolchain/usr/bin/install_name_tool: warning: changes being made to the file will invalidate the code signature in: /Users/jaydenmanno/AI/MoneyPrinterTurbo/desktop/build/final/stage/lib/libavcodec.63.1.101.dylib
    install_name_tool -change "/opt/homebrew/opt/lame/lib/libmp3lame.0.dylib" "@executable_path/../lib/libmp3lame.0.dylib" "/Users/jaydenmanno/AI/MoneyPrinterTurbo/desktop/build/final/stage/lib/libavcodec.63.1.101.dylib"
/Applications/Xcode.app/Contents/Developer/Toolchains/XcodeDefault.xctoolchain/usr/bin/install_name_tool: warning: changes being made to the file will invalidate the code signature in: /Users/jaydenmanno/AI/MoneyPrinterTurbo/desktop/build/final/stage/lib/libavcodec.63.1.101.dylib
    install_name_tool -change "/opt/homebrew/Cellar/opus/1.6.1/lib/libopus.0.dylib" "@executable_path/../lib/libopus.0.dylib" "/Users/jaydenmanno/AI/MoneyPrinterTurbo/desktop/build/final/stage/lib/libavcodec.63.1.101.dylib"
/Applications/Xcode.app/Contents/Developer/Toolchains/XcodeDefault.xctoolchain/usr/bin/install_name_tool: warning: changes being made to the file will invalidate the code signature in: /Users/jaydenmanno/AI/MoneyPrinterTurbo/desktop/build/final/stage/lib/libavcodec.63.1.101.dylib
    install_name_tool -change "/opt/homebrew/opt/opus/lib/libopus.0.dylib" "@executable_path/../lib/libopus.0.dylib" "/Users/jaydenmanno/AI/MoneyPrinterTurbo/desktop/build/final/stage/lib/libavcodec.63.1.101.dylib"
/Applications/Xcode.app/Contents/Developer/Toolchains/XcodeDefault.xctoolchain/usr/bin/install_name_tool: warning: changes being made to the file will invalidate the code signature in: /Users/jaydenmanno/AI/MoneyPrinterTurbo/desktop/build/final/stage/lib/libavcodec.63.1.101.dylib
    install_name_tool -change "/opt/homebrew/Cellar/svt-av1/4.2.0/lib/libSvtAv1Enc.4.2.0.dylib" "@executable_path/../lib/libSvtAv1Enc.4.2.0.dylib" "/Users/jaydenmanno/AI/MoneyPrinterTurbo/desktop/build/final/stage/lib/libavcodec.63.1.101.dylib"
/Applications/Xcode.app/Contents/Developer/Toolchains/XcodeDefault.xctoolchain/usr/bin/install_name_tool: warning: changes being made to the file will invalidate the code signature in: /Users/jaydenmanno/AI/MoneyPrinterTurbo/desktop/build/final/stage/lib/libavcodec.63.1.101.dylib
    install_name_tool -change "/opt/homebrew/opt/svt-av1/lib/libSvtAv1Enc.4.dylib" "@executable_path/../lib/libSvtAv1Enc.4.2.0.dylib" "/Users/jaydenmanno/AI/MoneyPrinterTurbo/desktop/build/final/stage/lib/libavcodec.63.1.101.dylib"
/Applications/Xcode.app/Contents/Developer/Toolchains/XcodeDefault.xctoolchain/usr/bin/install_name_tool: warning: changes being made to the file will invalidate the code signature in: /Users/jaydenmanno/AI/MoneyPrinterTurbo/desktop/build/final/stage/lib/libavcodec.63.1.101.dylib
    install_name_tool -change "/opt/homebrew/Cellar/x264/r3222/lib/libx264.165.dylib" "@executable_path/../lib/libx264.165.dylib" "/Users/jaydenmanno/AI/MoneyPrinterTurbo/desktop/build/final/stage/lib/libavcodec.63.1.101.dylib"
/Applications/Xcode.app/Contents/Developer/Toolchains/XcodeDefault.xctoolchain/usr/bin/install_name_tool: warning: changes being made to the file will invalidate the code signature in: /Users/jaydenmanno/AI/MoneyPrinterTurbo/desktop/build/final/stage/lib/libavcodec.63.1.101.dylib
    install_name_tool -change "/opt/homebrew/opt/x264/lib/libx264.165.dylib" "@executable_path/../lib/libx264.165.dylib" "/Users/jaydenmanno/AI/MoneyPrinterTurbo/desktop/build/final/stage/lib/libavcodec.63.1.101.dylib"
/Applications/Xcode.app/Contents/Developer/Toolchains/XcodeDefault.xctoolchain/usr/bin/install_name_tool: warning: changes being made to the file will invalidate the code signature in: /Users/jaydenmanno/AI/MoneyPrinterTurbo/desktop/build/final/stage/lib/libavcodec.63.1.101.dylib
    install_name_tool -change "/opt/homebrew/Cellar/x265/4.2/lib/libx265.216.dylib" "@executable_path/../lib/libx265.216.dylib" "/Users/jaydenmanno/AI/MoneyPrinterTurbo/desktop/build/final/stage/lib/libavcodec.63.1.101.dylib"
/Applications/Xcode.app/Contents/Developer/Toolchains/XcodeDefault.xctoolchain/usr/bin/install_name_tool: warning: changes being made to the file will invalidate the code signature in: /Users/jaydenmanno/AI/MoneyPrinterTurbo/desktop/build/final/stage/lib/libavcodec.63.1.101.dylib
    install_name_tool -change "/opt/homebrew/opt/x265/lib/libx265.216.dylib" "@executable_path/../lib/libx265.216.dylib" "/Users/jaydenmanno/AI/MoneyPrinterTurbo/desktop/build/final/stage/lib/libavcodec.63.1.101.dylib"
/Applications/Xcode.app/Contents/Developer/Toolchains/XcodeDefault.xctoolchain/usr/bin/install_name_tool: warning: changes being made to the file will invalidate the code signature in: /Users/jaydenmanno/AI/MoneyPrinterTurbo/desktop/build/final/stage/lib/libavcodec.63.1.101.dylib
    install_name_tool -change "/opt/homebrew/Cellar/openssl@3/3.6.3/lib/libssl.3.dylib" "@executable_path/../lib/libssl.3.dylib" "/Users/jaydenmanno/AI/MoneyPrinterTurbo/desktop/build/final/stage/lib/libavcodec.63.1.101.dylib"
/Applications/Xcode.app/Contents/Developer/Toolchains/XcodeDefault.xctoolchain/usr/bin/install_name_tool: warning: changes being made to the file will invalidate the code signature in: /Users/jaydenmanno/AI/MoneyPrinterTurbo/desktop/build/final/stage/lib/libavcodec.63.1.101.dylib
    install_name_tool -change "/opt/homebrew/opt/openssl@3/lib/libssl.3.dylib" "@executable_path/../lib/libssl.3.dylib" "/Users/jaydenmanno/AI/MoneyPrinterTurbo/desktop/build/final/stage/lib/libavcodec.63.1.101.dylib"
/Applications/Xcode.app/Contents/Developer/Toolchains/XcodeDefault.xctoolchain/usr/bin/install_name_tool: warning: changes being made to the file will invalidate the code signature in: /Users/jaydenmanno/AI/MoneyPrinterTurbo/desktop/build/final/stage/lib/libavcodec.63.1.101.dylib
    install_name_tool -change "/opt/homebrew/Cellar/openssl@3/3.6.3/lib/libcrypto.3.dylib" "@executable_path/../lib/libcrypto.3.dylib" "/Users/jaydenmanno/AI/MoneyPrinterTurbo/desktop/build/final/stage/lib/libavcodec.63.1.101.dylib"
/Applications/Xcode.app/Contents/Developer/Toolchains/XcodeDefault.xctoolchain/usr/bin/install_name_tool: warning: changes being made to the file will invalidate the code signature in: /Users/jaydenmanno/AI/MoneyPrinterTurbo/desktop/build/final/stage/lib/libavcodec.63.1.101.dylib
    install_name_tool -change "/opt/homebrew/opt/openssl@3/lib/libcrypto.3.dylib" "@executable_path/../lib/libcrypto.3.dylib" "/Users/jaydenmanno/AI/MoneyPrinterTurbo/desktop/build/final/stage/lib/libavcodec.63.1.101.dylib"
/Applications/Xcode.app/Contents/Developer/Toolchains/XcodeDefault.xctoolchain/usr/bin/install_name_tool: warning: changes being made to the file will invalidate the code signature in: /Users/jaydenmanno/AI/MoneyPrinterTurbo/desktop/build/final/stage/lib/libavcodec.63.1.101.dylib
    codesign --force --deep --preserve-metadata=entitlements,requirements,flags,runtime --sign - "/Users/jaydenmanno/AI/MoneyPrinterTurbo/desktop/build/final/stage/lib/libavcodec.63.1.101.dylib"
/Users/jaydenmanno/AI/MoneyPrinterTurbo/desktop/build/final/stage/lib/libavcodec.63.1.101.dylib: replacing existing signature

* Processing dependency /Users/jaydenmanno/AI/MoneyPrinterTurbo/desktop/build/final/stage/lib/libavformat.63.1.101.dylib
    cp -f "/opt/homebrew/Cellar/ffmpeg/9.0.1/lib/libavformat.63.1.101.dylib" "/Users/jaydenmanno/AI/MoneyPrinterTurbo/desktop/build/final/stage/lib/libavformat.63.1.101.dylib"
    chmod +w "/Users/jaydenmanno/AI/MoneyPrinterTurbo/desktop/build/final/stage/lib/libavformat.63.1.101.dylib"
    install_name_tool -id "@executable_path/../lib/libavformat.63.1.101.dylib" "/Users/jaydenmanno/AI/MoneyPrinterTurbo/desktop/build/final/stage/lib/libavformat.63.1.101.dylib"
/Applications/Xcode.app/Contents/Developer/Toolchains/XcodeDefault.xctoolchain/usr/bin/install_name_tool: warning: changes being made to the file will invalidate the code signature in: /Users/jaydenmanno/AI/MoneyPrinterTurbo/desktop/build/final/stage/lib/libavformat.63.1.101.dylib
    ........................
  * Fixing dependencies on /Users/jaydenmanno/AI/MoneyPrinterTurbo/desktop/build/final/stage/lib/libavformat.63.1.101.dylib
    install_name_tool -change "/opt/homebrew/Cellar/ffmpeg/9.0.1/lib/libavcodec.63.1.101.dylib" "@executable_path/../lib/libavcodec.63.1.101.dylib" "/Users/jaydenmanno/AI/MoneyPrinterTurbo/desktop/build/final/stage/lib/libavformat.63.1.101.dylib"
/Applications/Xcode.app/Contents/Developer/Toolchains/XcodeDefault.xctoolchain/usr/bin/install_name_tool: warning: changes being made to the file will invalidate the code signature in: /Users/jaydenmanno/AI/MoneyPrinterTurbo/desktop/build/final/stage/lib/libavformat.63.1.101.dylib
    install_name_tool -change "/opt/homebrew/Cellar/ffmpeg/9.0.1/lib/libavcodec.63.dylib" "@executable_path/../lib/libavcodec.63.1.101.dylib" "/Users/jaydenmanno/AI/MoneyPrinterTurbo/desktop/build/final/stage/lib/libavformat.63.1.101.dylib"
/Applications/Xcode.app/Contents/Developer/Toolchains/XcodeDefault.xctoolchain/usr/bin/install_name_tool: warning: changes being made to the file will invalidate the code signature in: /Users/jaydenmanno/AI/MoneyPrinterTurbo/desktop/build/final/stage/lib/libavformat.63.1.101.dylib
    install_name_tool -change "/opt/homebrew/Cellar/ffmpeg/9.0.1/lib/libswresample.7.1.101.dylib" "@executable_path/../lib/libswresample.7.1.101.dylib" "/Users/jaydenmanno/AI/MoneyPrinterTurbo/desktop/build/final/stage/lib/libavformat.63.1.101.dylib"
/Applications/Xcode.app/Contents/Developer/Toolchains/XcodeDefault.xctoolchain/usr/bin/install_name_tool: warning: changes being made to the file will invalidate the code signature in: /Users/jaydenmanno/AI/MoneyPrinterTurbo/desktop/build/final/stage/lib/libavformat.63.1.101.dylib
    install_name_tool -change "/opt/homebrew/Cellar/ffmpeg/9.0.1/lib/libswresample.7.dylib" "@executable_path/../lib/libswresample.7.1.101.dylib" "/Users/jaydenmanno/AI/MoneyPrinterTurbo/desktop/build/final/stage/lib/libavformat.63.1.101.dylib"
/Applications/Xcode.app/Contents/Developer/Toolchains/XcodeDefault.xctoolchain/usr/bin/install_name_tool: warning: changes being made to the file will invalidate the code signature in: /Users/jaydenmanno/AI/MoneyPrinterTurbo/desktop/build/final/stage/lib/libavformat.63.1.101.dylib
    install_name_tool -change "/opt/homebrew/Cellar/ffmpeg/9.0.1/lib/libavutil.61.1.101.dylib" "@executable_path/../lib/libavutil.61.1.101.dylib" "/Users/jaydenmanno/AI/MoneyPrinterTurbo/desktop/build/final/stage/lib/libavformat.63.1.101.dylib"
/Applications/Xcode.app/Contents/Developer/Toolchains/XcodeDefault.xctoolchain/usr/bin/install_name_tool: warning: changes being made to the file will invalidate the code signature in: /Users/jaydenmanno/AI/MoneyPrinterTurbo/desktop/build/final/stage/lib/libavformat.63.1.101.dylib
    install_name_tool -change "/opt/homebrew/Cellar/ffmpeg/9.0.1/lib/libavutil.61.dylib" "@executable_path/../lib/libavutil.61.1.101.dylib" "/Users/jaydenmanno/AI/MoneyPrinterTurbo/desktop/build/final/stage/lib/libavformat.63.1.101.dylib"
/Applications/Xcode.app/Contents/Developer/Toolchains/XcodeDefault.xctoolchain/usr/bin/install_name_tool: warning: changes being made to the file will invalidate the code signature in: /Users/jaydenmanno/AI/MoneyPrinterTurbo/desktop/build/final/stage/lib/libavformat.63.1.101.dylib
    install_name_tool -change "/opt/homebrew/Cellar/openssl@3/3.6.3/lib/libssl.3.dylib" "@executable_path/../lib/libssl.3.dylib" "/Users/jaydenmanno/AI/MoneyPrinterTurbo/desktop/build/final/stage/lib/libavformat.63.1.101.dylib"
/Applications/Xcode.app/Contents/Developer/Toolchains/XcodeDefault.xctoolchain/usr/bin/install_name_tool: warning: changes being made to the file will invalidate the code signature in: /Users/jaydenmanno/AI/MoneyPrinterTurbo/desktop/build/final/stage/lib/libavformat.63.1.101.dylib
    install_name_tool -change "/opt/homebrew/opt/openssl@3/lib/libssl.3.dylib" "@executable_path/../lib/libssl.3.dylib" "/Users/jaydenmanno/AI/MoneyPrinterTurbo/desktop/build/final/stage/lib/libavformat.63.1.101.dylib"
/Applications/Xcode.app/Contents/Developer/Toolchains/XcodeDefault.xctoolchain/usr/bin/install_name_tool: warning: changes being made to the file will invalidate the code signature in: /Users/jaydenmanno/AI/MoneyPrinterTurbo/desktop/build/final/stage/lib/libavformat.63.1.101.dylib
    install_name_tool -change "/opt/homebrew/Cellar/openssl@3/3.6.3/lib/libcrypto.3.dylib" "@executable_path/../lib/libcrypto.3.dylib" "/Users/jaydenmanno/AI/MoneyPrinterTurbo/desktop/build/final/stage/lib/libavformat.63.1.101.dylib"
/Applications/Xcode.app/Contents/Developer/Toolchains/XcodeDefault.xctoolchain/usr/bin/install_name_tool: warning: changes being made to the file will invalidate the code signature in: /Users/jaydenmanno/AI/MoneyPrinterTurbo/desktop/build/final/stage/lib/libavformat.63.1.101.dylib
    install_name_tool -change "/opt/homebrew/opt/openssl@3/lib/libcrypto.3.dylib" "@executable_path/../lib/libcrypto.3.dylib" "/Users/jaydenmanno/AI/MoneyPrinterTurbo/desktop/build/final/stage/lib/libavformat.63.1.101.dylib"
/Applications/Xcode.app/Contents/Developer/Toolchains/XcodeDefault.xctoolchain/usr/bin/install_name_tool: warning: changes being made to the file will invalidate the code signature in: /Users/jaydenmanno/AI/MoneyPrinterTurbo/desktop/build/final/stage/lib/libavformat.63.1.101.dylib
    install_name_tool -change "/opt/homebrew/Cellar/libvpx/1.16.0/lib/libvpx.12.dylib" "@executable_path/../lib/libvpx.12.dylib" "/Users/jaydenmanno/AI/MoneyPrinterTurbo/desktop/build/final/stage/lib/libavformat.63.1.101.dylib"
/Applications/Xcode.app/Contents/Developer/Toolchains/XcodeDefault.xctoolchain/usr/bin/install_name_tool: warning: changes being made to the file will invalidate the code signature in: /Users/jaydenmanno/AI/MoneyPrinterTurbo/desktop/build/final/stage/lib/libavformat.63.1.101.dylib
    install_name_tool -change "/opt/homebrew/opt/libvpx/lib/libvpx.12.dylib" "@executable_path/../lib/libvpx.12.dylib" "/Users/jaydenmanno/AI/MoneyPrinterTurbo/desktop/build/final/stage/lib/libavformat.63.1.101.dylib"
/Applications/Xcode.app/Contents/Developer/Toolchains/XcodeDefault.xctoolchain/usr/bin/install_name_tool: warning: changes being made to the file will invalidate the code signature in: /Users/jaydenmanno/AI/MoneyPrinterTurbo/desktop/build/final/stage/lib/libavformat.63.1.101.dylib
    install_name_tool -change "/opt/homebrew/Cellar/xz/5.8.3/lib/liblzma.5.dylib" "@executable_path/../lib/liblzma.5.dylib" "/Users/jaydenmanno/AI/MoneyPrinterTurbo/desktop/build/final/stage/lib/libavformat.63.1.101.dylib"
/Applications/Xcode.app/Contents/Developer/Toolchains/XcodeDefault.xctoolchain/usr/bin/install_name_tool: warning: changes being made to the file will invalidate the code signature in: /Users/jaydenmanno/AI/MoneyPrinterTurbo/desktop/build/final/stage/lib/libavformat.63.1.101.dylib
    install_name_tool -change "/opt/homebrew/opt/xz/lib/liblzma.5.dylib" "@executable_path/../lib/liblzma.5.dylib" "/Users/jaydenmanno/AI/MoneyPrinterTurbo/desktop/build/final/stage/lib/libavformat.63.1.101.dylib"
/Applications/Xcode.app/Contents/Developer/Toolchains/XcodeDefault.xctoolchain/usr/bin/install_name_tool: warning: changes being made to the file will invalidate the code signature in: /Users/jaydenmanno/AI/MoneyPrinterTurbo/desktop/build/final/stage/lib/libavformat.63.1.101.dylib
    install_name_tool -change "/opt/homebrew/Cellar/dav1d/1.5.4/lib/libdav1d.7.dylib" "@executable_path/../lib/libdav1d.7.dylib" "/Users/jaydenmanno/AI/MoneyPrinterTurbo/desktop/build/final/stage/lib/libavformat.63.1.101.dylib"
/Applications/Xcode.app/Contents/Developer/Toolchains/XcodeDefault.xctoolchain/usr/bin/install_name_tool: warning: changes being made to the file will invalidate the code signature in: /Users/jaydenmanno/AI/MoneyPrinterTurbo/desktop/build/final/stage/lib/libavformat.63.1.101.dylib
    install_name_tool -change "/opt/homebrew/opt/dav1d/lib/libdav1d.7.dylib" "@executable_path/../lib/libdav1d.7.dylib" "/Users/jaydenmanno/AI/MoneyPrinterTurbo/desktop/build/final/stage/lib/libavformat.63.1.101.dylib"
/Applications/Xcode.app/Contents/Developer/Toolchains/XcodeDefault.xctoolchain/usr/bin/install_name_tool: warning: changes being made to the file will invalidate the code signature in: /Users/jaydenmanno/AI/MoneyPrinterTurbo/desktop/build/final/stage/lib/libavformat.63.1.101.dylib
    install_name_tool -change "/opt/homebrew/Cellar/lame/4.0/lib/libmp3lame.0.dylib" "@executable_path/../lib/libmp3lame.0.dylib" "/Users/jaydenmanno/AI/MoneyPrinterTurbo/desktop/build/final/stage/lib/libavformat.63.1.101.dylib"
/Applications/Xcode.app/Contents/Developer/Toolchains/XcodeDefault.xctoolchain/usr/bin/install_name_tool: warning: changes being made to the file will invalidate the code signature in: /Users/jaydenmanno/AI/MoneyPrinterTurbo/desktop/build/final/stage/lib/libavformat.63.1.101.dylib
    install_name_tool -change "/opt/homebrew/opt/lame/lib/libmp3lame.0.dylib" "@executable_path/../lib/libmp3lame.0.dylib" "/Users/jaydenmanno/AI/MoneyPrinterTurbo/desktop/build/final/stage/lib/libavformat.63.1.101.dylib"
/Applications/Xcode.app/Contents/Developer/Toolchains/XcodeDefault.xctoolchain/usr/bin/install_name_tool: warning: changes being made to the file will invalidate the code signature in: /Users/jaydenmanno/AI/MoneyPrinterTurbo/desktop/build/final/stage/lib/libavformat.63.1.101.dylib
    install_name_tool -change "/opt/homebrew/Cellar/opus/1.6.1/lib/libopus.0.dylib" "@executable_path/../lib/libopus.0.dylib" "/Users/jaydenmanno/AI/MoneyPrinterTurbo/desktop/build/final/stage/lib/libavformat.63.1.101.dylib"
/Applications/Xcode.app/Contents/Developer/Toolchains/XcodeDefault.xctoolchain/usr/bin/install_name_tool: warning: changes being made to the file will invalidate the code signature in: /Users/jaydenmanno/AI/MoneyPrinterTurbo/desktop/build/final/stage/lib/libavformat.63.1.101.dylib
    install_name_tool -change "/opt/homebrew/opt/opus/lib/libopus.0.dylib" "@executable_path/../lib/libopus.0.dylib" "/Users/jaydenmanno/AI/MoneyPrinterTurbo/desktop/build/final/stage/lib/libavformat.63.1.101.dylib"
/Applications/Xcode.app/Contents/Developer/Toolchains/XcodeDefault.xctoolchain/usr/bin/install_name_tool: warning: changes being made to the file will invalidate the code signature in: /Users/jaydenmanno/AI/MoneyPrinterTurbo/desktop/build/final/stage/lib/libavformat.63.1.101.dylib
    install_name_tool -change "/opt/homebrew/Cellar/svt-av1/4.2.0/lib/libSvtAv1Enc.4.2.0.dylib" "@executable_path/../lib/libSvtAv1Enc.4.2.0.dylib" "/Users/jaydenmanno/AI/MoneyPrinterTurbo/desktop/build/final/stage/lib/libavformat.63.1.101.dylib"
/Applications/Xcode.app/Contents/Developer/Toolchains/XcodeDefault.xctoolchain/usr/bin/install_name_tool: warning: changes being made to the file will invalidate the code signature in: /Users/jaydenmanno/AI/MoneyPrinterTurbo/desktop/build/final/stage/lib/libavformat.63.1.101.dylib
    install_name_tool -change "/opt/homebrew/opt/svt-av1/lib/libSvtAv1Enc.4.dylib" "@executable_path/../lib/libSvtAv1Enc.4.2.0.dylib" "/Users/jaydenmanno/AI/MoneyPrinterTurbo/desktop/build/final/stage/lib/libavformat.63.1.101.dylib"
/Applications/Xcode.app/Contents/Developer/Toolchains/XcodeDefault.xctoolchain/usr/bin/install_name_tool: warning: changes being made to the file will invalidate the code signature in: /Users/jaydenmanno/AI/MoneyPrinterTurbo/desktop/build/final/stage/lib/libavformat.63.1.101.dylib
    install_name_tool -change "/opt/homebrew/Cellar/x264/r3222/lib/libx264.165.dylib" "@executable_path/../lib/libx264.165.dylib" "/Users/jaydenmanno/AI/MoneyPrinterTurbo/desktop/build/final/stage/lib/libavformat.63.1.101.dylib"
/Applications/Xcode.app/Contents/Developer/Toolchains/XcodeDefault.xctoolchain/usr/bin/install_name_tool: warning: changes being made to the file will invalidate the code signature in: /Users/jaydenmanno/AI/MoneyPrinterTurbo/desktop/build/final/stage/lib/libavformat.63.1.101.dylib
    install_name_tool -change "/opt/homebrew/opt/x264/lib/libx264.165.dylib" "@executable_path/../lib/libx264.165.dylib" "/Users/jaydenmanno/AI/MoneyPrinterTurbo/desktop/build/final/stage/lib/libavformat.63.1.101.dylib"
/Applications/Xcode.app/Contents/Developer/Toolchains/XcodeDefault.xctoolchain/usr/bin/install_name_tool: warning: changes being made to the file will invalidate the code signature in: /Users/jaydenmanno/AI/MoneyPrinterTurbo/desktop/build/final/stage/lib/libavformat.63.1.101.dylib
    install_name_tool -change "/opt/homebrew/Cellar/x265/4.2/lib/libx265.216.dylib" "@executable_path/../lib/libx265.216.dylib" "/Users/jaydenmanno/AI/MoneyPrinterTurbo/desktop/build/final/stage/lib/libavformat.63.1.101.dylib"
/Applications/Xcode.app/Contents/Developer/Toolchains/XcodeDefault.xctoolchain/usr/bin/install_name_tool: warning: changes being made to the file will invalidate the code signature in: /Users/jaydenmanno/AI/MoneyPrinterTurbo/desktop/build/final/stage/lib/libavformat.63.1.101.dylib
    install_name_tool -change "/opt/homebrew/opt/x265/lib/libx265.216.dylib" "@executable_path/../lib/libx265.216.dylib" "/Users/jaydenmanno/AI/MoneyPrinterTurbo/desktop/build/final/stage/lib/libavformat.63.1.101.dylib"
/Applications/Xcode.app/Contents/Developer/Toolchains/XcodeDefault.xctoolchain/usr/bin/install_name_tool: warning: changes being made to the file will invalidate the code signature in: /Users/jaydenmanno/AI/MoneyPrinterTurbo/desktop/build/final/stage/lib/libavformat.63.1.101.dylib
    codesign --force --deep --preserve-metadata=entitlements,requirements,flags,runtime --sign - "/Users/jaydenmanno/AI/MoneyPrinterTurbo/desktop/build/final/stage/lib/libavformat.63.1.101.dylib"
/Users/jaydenmanno/AI/MoneyPrinterTurbo/desktop/build/final/stage/lib/libavformat.63.1.101.dylib: replacing existing signature

* Processing dependency /Users/jaydenmanno/AI/MoneyPrinterTurbo/desktop/build/final/stage/lib/libavfilter.12.1.101.dylib
    cp -f "/opt/homebrew/Cellar/ffmpeg/9.0.1/lib/libavfilter.12.1.101.dylib" "/Users/jaydenmanno/AI/MoneyPrinterTurbo/desktop/build/final/stage/lib/libavfilter.12.1.101.dylib"
    chmod +w "/Users/jaydenmanno/AI/MoneyPrinterTurbo/desktop/build/final/stage/lib/libavfilter.12.1.101.dylib"
    install_name_tool -id "@executable_path/../lib/libavfilter.12.1.101.dylib" "/Users/jaydenmanno/AI/MoneyPrinterTurbo/desktop/build/final/stage/lib/libavfilter.12.1.101.dylib"
/Applications/Xcode.app/Contents/Developer/Toolchains/XcodeDefault.xctoolchain/usr/bin/install_name_tool: warning: changes being made to the file will invalidate the code signature in: /Users/jaydenmanno/AI/MoneyPrinterTurbo/desktop/build/final/stage/lib/libavfilter.12.1.101.dylib
    ..................................
  * Fixing dependencies on /Users/jaydenmanno/AI/MoneyPrinterTurbo/desktop/build/final/stage/lib/libavfilter.12.1.101.dylib
    install_name_tool -change "/opt/homebrew/Cellar/ffmpeg/9.0.1/lib/libswscale.10.1.101.dylib" "@executable_path/../lib/libswscale.10.1.101.dylib" "/Users/jaydenmanno/AI/MoneyPrinterTurbo/desktop/build/final/stage/lib/libavfilter.12.1.101.dylib"
/Applications/Xcode.app/Contents/Developer/Toolchains/XcodeDefault.xctoolchain/usr/bin/install_name_tool: warning: changes being made to the file will invalidate the code signature in: /Users/jaydenmanno/AI/MoneyPrinterTurbo/desktop/build/final/stage/lib/libavfilter.12.1.101.dylib
    install_name_tool -change "/opt/homebrew/Cellar/ffmpeg/9.0.1/lib/libswscale.10.dylib" "@executable_path/../lib/libswscale.10.1.101.dylib" "/Users/jaydenmanno/AI/MoneyPrinterTurbo/desktop/build/final/stage/lib/libavfilter.12.1.101.dylib"
/Applications/Xcode.app/Contents/Developer/Toolchains/XcodeDefault.xctoolchain/usr/bin/install_name_tool: warning: changes being made to the file will invalidate the code signature in: /Users/jaydenmanno/AI/MoneyPrinterTurbo/desktop/build/final/stage/lib/libavfilter.12.1.101.dylib
    install_name_tool -change "/opt/homebrew/Cellar/ffmpeg/9.0.1/lib/libavformat.63.1.101.dylib" "@executable_path/../lib/libavformat.63.1.101.dylib" "/Users/jaydenmanno/AI/MoneyPrinterTurbo/desktop/build/final/stage/lib/libavfilter.12.1.101.dylib"
/Applications/Xcode.app/Contents/Developer/Toolchains/XcodeDefault.xctoolchain/usr/bin/install_name_tool: warning: changes being made to the file will invalidate the code signature in: /Users/jaydenmanno/AI/MoneyPrinterTurbo/desktop/build/final/stage/lib/libavfilter.12.1.101.dylib
    install_name_tool -change "/opt/homebrew/Cellar/ffmpeg/9.0.1/lib/libavformat.63.dylib" "@executable_path/../lib/libavformat.63.1.101.dylib" "/Users/jaydenmanno/AI/MoneyPrinterTurbo/desktop/build/final/stage/lib/libavfilter.12.1.101.dylib"
/Applications/Xcode.app/Contents/Developer/Toolchains/XcodeDefault.xctoolchain/usr/bin/install_name_tool: warning: changes being made to the file will invalidate the code signature in: /Users/jaydenmanno/AI/MoneyPrinterTurbo/desktop/build/final/stage/lib/libavfilter.12.1.101.dylib
    install_name_tool -change "/opt/homebrew/Cellar/ffmpeg/9.0.1/lib/libavcodec.63.1.101.dylib" "@executable_path/../lib/libavcodec.63.1.101.dylib" "/Users/jaydenmanno/AI/MoneyPrinterTurbo/desktop/build/final/stage/lib/libavfilter.12.1.101.dylib"
/Applications/Xcode.app/Contents/Developer/Toolchains/XcodeDefault.xctoolchain/usr/bin/install_name_tool: warning: changes being made to the file will invalidate the code signature in: /Users/jaydenmanno/AI/MoneyPrinterTurbo/desktop/build/final/stage/lib/libavfilter.12.1.101.dylib
    install_name_tool -change "/opt/homebrew/Cellar/ffmpeg/9.0.1/lib/libavcodec.63.dylib" "@executable_path/../lib/libavcodec.63.1.101.dylib" "/Users/jaydenmanno/AI/MoneyPrinterTurbo/desktop/build/final/stage/lib/libavfilter.12.1.101.dylib"
/Applications/Xcode.app/Contents/Developer/Toolchains/XcodeDefault.xctoolchain/usr/bin/install_name_tool: warning: changes being made to the file will invalidate the code signature in: /Users/jaydenmanno/AI/MoneyPrinterTurbo/desktop/build/final/stage/lib/libavfilter.12.1.101.dylib
    install_name_tool -change "/opt/homebrew/Cellar/ffmpeg/9.0.1/lib/libswresample.7.1.101.dylib" "@executable_path/../lib/libswresample.7.1.101.dylib" "/Users/jaydenmanno/AI/MoneyPrinterTurbo/desktop/build/final/stage/lib/libavfilter.12.1.101.dylib"
/Applications/Xcode.app/Contents/Developer/Toolchains/XcodeDefault.xctoolchain/usr/bin/install_name_tool: warning: changes being made to the file will invalidate the code signature in: /Users/jaydenmanno/AI/MoneyPrinterTurbo/desktop/build/final/stage/lib/libavfilter.12.1.101.dylib
    install_name_tool -change "/opt/homebrew/Cellar/ffmpeg/9.0.1/lib/libswresample.7.dylib" "@executable_path/../lib/libswresample.7.1.101.dylib" "/Users/jaydenmanno/AI/MoneyPrinterTurbo/desktop/build/final/stage/lib/libavfilter.12.1.101.dylib"
/Applications/Xcode.app/Contents/Developer/Toolchains/XcodeDefault.xctoolchain/usr/bin/install_name_tool: warning: changes being made to the file will invalidate the code signature in: /Users/jaydenmanno/AI/MoneyPrinterTurbo/desktop/build/final/stage/lib/libavfilter.12.1.101.dylib
    install_name_tool -change "/opt/homebrew/Cellar/ffmpeg/9.0.1/lib/libavutil.61.1.101.dylib" "@executable_path/../lib/libavutil.61.1.101.dylib" "/Users/jaydenmanno/AI/MoneyPrinterTurbo/desktop/build/final/stage/lib/libavfilter.12.1.101.dylib"
/Applications/Xcode.app/Contents/Developer/Toolchains/XcodeDefault.xctoolchain/usr/bin/install_name_tool: warning: changes being made to the file will invalidate the code signature in: /Users/jaydenmanno/AI/MoneyPrinterTurbo/desktop/build/final/stage/lib/libavfilter.12.1.101.dylib
    install_name_tool -change "/opt/homebrew/Cellar/ffmpeg/9.0.1/lib/libavutil.61.dylib" "@executable_path/../lib/libavutil.61.1.101.dylib" "/Users/jaydenmanno/AI/MoneyPrinterTurbo/desktop/build/final/stage/lib/libavfilter.12.1.101.dylib"
/Applications/Xcode.app/Contents/Developer/Toolchains/XcodeDefault.xctoolchain/usr/bin/install_name_tool: warning: changes being made to the file will invalidate the code signature in: /Users/jaydenmanno/AI/MoneyPrinterTurbo/desktop/build/final/stage/lib/libavfilter.12.1.101.dylib
    install_name_tool -change "/opt/homebrew/Cellar/libvmaf/3.2.0/lib/libvmaf.3.dylib" "@executable_path/../lib/libvmaf.3.dylib" "/Users/jaydenmanno/AI/MoneyPrinterTurbo/desktop/build/final/stage/lib/libavfilter.12.1.101.dylib"
/Applications/Xcode.app/Contents/Developer/Toolchains/XcodeDefault.xctoolchain/usr/bin/install_name_tool: warning: changes being made to the file will invalidate the code signature in: /Users/jaydenmanno/AI/MoneyPrinterTurbo/desktop/build/final/stage/lib/libavfilter.12.1.101.dylib
    install_name_tool -change "/opt/homebrew/opt/libvmaf/lib/libvmaf.3.dylib" "@executable_path/../lib/libvmaf.3.dylib" "/Users/jaydenmanno/AI/MoneyPrinterTurbo/desktop/build/final/stage/lib/libavfilter.12.1.101.dylib"
/Applications/Xcode.app/Contents/Developer/Toolchains/XcodeDefault.xctoolchain/usr/bin/install_name_tool: warning: changes being made to the file will invalidate the code signature in: /Users/jaydenmanno/AI/MoneyPrinterTurbo/desktop/build/final/stage/lib/libavfilter.12.1.101.dylib
    install_name_tool -change "/opt/homebrew/Cellar/openssl@3/3.6.3/lib/libssl.3.dylib" "@executable_path/../lib/libssl.3.dylib" "/Users/jaydenmanno/AI/MoneyPrinterTurbo/desktop/build/final/stage/lib/libavfilter.12.1.101.dylib"
/Applications/Xcode.app/Contents/Developer/Toolchains/XcodeDefault.xctoolchain/usr/bin/install_name_tool: warning: changes being made to the file will invalidate the code signature in: /Users/jaydenmanno/AI/MoneyPrinterTurbo/desktop/build/final/stage/lib/libavfilter.12.1.101.dylib
    install_name_tool -change "/opt/homebrew/opt/openssl@3/lib/libssl.3.dylib" "@executable_path/../lib/libssl.3.dylib" "/Users/jaydenmanno/AI/MoneyPrinterTurbo/desktop/build/final/stage/lib/libavfilter.12.1.101.dylib"
/Applications/Xcode.app/Contents/Developer/Toolchains/XcodeDefault.xctoolchain/usr/bin/install_name_tool: warning: changes being made to the file will invalidate the code signature in: /Users/jaydenmanno/AI/MoneyPrinterTurbo/desktop/build/final/stage/lib/libavfilter.12.1.101.dylib
    install_name_tool -change "/opt/homebrew/Cellar/openssl@3/3.6.3/lib/libcrypto.3.dylib" "@executable_path/../lib/libcrypto.3.dylib" "/Users/jaydenmanno/AI/MoneyPrinterTurbo/desktop/build/final/stage/lib/libavfilter.12.1.101.dylib"
/Applications/Xcode.app/Contents/Developer/Toolchains/XcodeDefault.xctoolchain/usr/bin/install_name_tool: warning: changes being made to the file will invalidate the code signature in: /Users/jaydenmanno/AI/MoneyPrinterTurbo/desktop/build/final/stage/lib/libavfilter.12.1.101.dylib
    install_name_tool -change "/opt/homebrew/opt/openssl@3/lib/libcrypto.3.dylib" "@executable_path/../lib/libcrypto.3.dylib" "/Users/jaydenmanno/AI/MoneyPrinterTurbo/desktop/build/final/stage/lib/libavfilter.12.1.101.dylib"
/Applications/Xcode.app/Contents/Developer/Toolchains/XcodeDefault.xctoolchain/usr/bin/install_name_tool: warning: changes being made to the file will invalidate the code signature in: /Users/jaydenmanno/AI/MoneyPrinterTurbo/desktop/build/final/stage/lib/libavfilter.12.1.101.dylib
    install_name_tool -change "/opt/homebrew/Cellar/libvpx/1.16.0/lib/libvpx.12.dylib" "@executable_path/../lib/libvpx.12.dylib" "/Users/jaydenmanno/AI/MoneyPrinterTurbo/desktop/build/final/stage/lib/libavfilter.12.1.101.dylib"
/Applications/Xcode.app/Contents/Developer/Toolchains/XcodeDefault.xctoolchain/usr/bin/install_name_tool: warning: changes being made to the file will invalidate the code signature in: /Users/jaydenmanno/AI/MoneyPrinterTurbo/desktop/build/final/stage/lib/libavfilter.12.1.101.dylib
    install_name_tool -change "/opt/homebrew/opt/libvpx/lib/libvpx.12.dylib" "@executable_path/../lib/libvpx.12.dylib" "/Users/jaydenmanno/AI/MoneyPrinterTurbo/desktop/build/final/stage/lib/libavfilter.12.1.101.dylib"
/Applications/Xcode.app/Contents/Developer/Toolchains/XcodeDefault.xctoolchain/usr/bin/install_name_tool: warning: changes being made to the file will invalidate the code signature in: /Users/jaydenmanno/AI/MoneyPrinterTurbo/desktop/build/final/stage/lib/libavfilter.12.1.101.dylib
    install_name_tool -change "/opt/homebrew/Cellar/xz/5.8.3/lib/liblzma.5.dylib" "@executable_path/../lib/liblzma.5.dylib" "/Users/jaydenmanno/AI/MoneyPrinterTurbo/desktop/build/final/stage/lib/libavfilter.12.1.101.dylib"
/Applications/Xcode.app/Contents/Developer/Toolchains/XcodeDefault.xctoolchain/usr/bin/install_name_tool: warning: changes being made to the file will invalidate the code signature in: /Users/jaydenmanno/AI/MoneyPrinterTurbo/desktop/build/final/stage/lib/libavfilter.12.1.101.dylib
    install_name_tool -change "/opt/homebrew/opt/xz/lib/liblzma.5.dylib" "@executable_path/../lib/liblzma.5.dylib" "/Users/jaydenmanno/AI/MoneyPrinterTurbo/desktop/build/final/stage/lib/libavfilter.12.1.101.dylib"
/Applications/Xcode.app/Contents/Developer/Toolchains/XcodeDefault.xctoolchain/usr/bin/install_name_tool: warning: changes being made to the file will invalidate the code signature in: /Users/jaydenmanno/AI/MoneyPrinterTurbo/desktop/build/final/stage/lib/libavfilter.12.1.101.dylib
    install_name_tool -change "/opt/homebrew/Cellar/dav1d/1.5.4/lib/libdav1d.7.dylib" "@executable_path/../lib/libdav1d.7.dylib" "/Users/jaydenmanno/AI/MoneyPrinterTurbo/desktop/build/final/stage/lib/libavfilter.12.1.101.dylib"
/Applications/Xcode.app/Contents/Developer/Toolchains/XcodeDefault.xctoolchain/usr/bin/install_name_tool: warning: changes being made to the file will invalidate the code signature in: /Users/jaydenmanno/AI/MoneyPrinterTurbo/desktop/build/final/stage/lib/libavfilter.12.1.101.dylib
    install_name_tool -change "/opt/homebrew/opt/dav1d/lib/libdav1d.7.dylib" "@executable_path/../lib/libdav1d.7.dylib" "/Users/jaydenmanno/AI/MoneyPrinterTurbo/desktop/build/final/stage/lib/libavfilter.12.1.101.dylib"
/Applications/Xcode.app/Contents/Developer/Toolchains/XcodeDefault.xctoolchain/usr/bin/install_name_tool: warning: changes being made to the file will invalidate the code signature in: /Users/jaydenmanno/AI/MoneyPrinterTurbo/desktop/build/final/stage/lib/libavfilter.12.1.101.dylib
    install_name_tool -change "/opt/homebrew/Cellar/lame/4.0/lib/libmp3lame.0.dylib" "@executable_path/../lib/libmp3lame.0.dylib" "/Users/jaydenmanno/AI/MoneyPrinterTurbo/desktop/build/final/stage/lib/libavfilter.12.1.101.dylib"
/Applications/Xcode.app/Contents/Developer/Toolchains/XcodeDefault.xctoolchain/usr/bin/install_name_tool: warning: changes being made to the file will invalidate the code signature in: /Users/jaydenmanno/AI/MoneyPrinterTurbo/desktop/build/final/stage/lib/libavfilter.12.1.101.dylib
    install_name_tool -change "/opt/homebrew/opt/lame/lib/libmp3lame.0.dylib" "@executable_path/../lib/libmp3lame.0.dylib" "/Users/jaydenmanno/AI/MoneyPrinterTurbo/desktop/build/final/stage/lib/libavfilter.12.1.101.dylib"
/Applications/Xcode.app/Contents/Developer/Toolchains/XcodeDefault.xctoolchain/usr/bin/install_name_tool: warning: changes being made to the file will invalidate the code signature in: /Users/jaydenmanno/AI/MoneyPrinterTurbo/desktop/build/final/stage/lib/libavfilter.12.1.101.dylib
    install_name_tool -change "/opt/homebrew/Cellar/opus/1.6.1/lib/libopus.0.dylib" "@executable_path/../lib/libopus.0.dylib" "/Users/jaydenmanno/AI/MoneyPrinterTurbo/desktop/build/final/stage/lib/libavfilter.12.1.101.dylib"
/Applications/Xcode.app/Contents/Developer/Toolchains/XcodeDefault.xctoolchain/usr/bin/install_name_tool: warning: changes being made to the file will invalidate the code signature in: /Users/jaydenmanno/AI/MoneyPrinterTurbo/desktop/build/final/stage/lib/libavfilter.12.1.101.dylib
    install_name_tool -change "/opt/homebrew/opt/opus/lib/libopus.0.dylib" "@executable_path/../lib/libopus.0.dylib" "/Users/jaydenmanno/AI/MoneyPrinterTurbo/desktop/build/final/stage/lib/libavfilter.12.1.101.dylib"
/Applications/Xcode.app/Contents/Developer/Toolchains/XcodeDefault.xctoolchain/usr/bin/install_name_tool: warning: changes being made to the file will invalidate the code signature in: /Users/jaydenmanno/AI/MoneyPrinterTurbo/desktop/build/final/stage/lib/libavfilter.12.1.101.dylib
    install_name_tool -change "/opt/homebrew/Cellar/svt-av1/4.2.0/lib/libSvtAv1Enc.4.2.0.dylib" "@executable_path/../lib/libSvtAv1Enc.4.2.0.dylib" "/Users/jaydenmanno/AI/MoneyPrinterTurbo/desktop/build/final/stage/lib/libavfilter.12.1.101.dylib"
/Applications/Xcode.app/Contents/Developer/Toolchains/XcodeDefault.xctoolchain/usr/bin/install_name_tool: warning: changes being made to the file will invalidate the code signature in: /Users/jaydenmanno/AI/MoneyPrinterTurbo/desktop/build/final/stage/lib/libavfilter.12.1.101.dylib
    install_name_tool -change "/opt/homebrew/opt/svt-av1/lib/libSvtAv1Enc.4.dylib" "@executable_path/../lib/libSvtAv1Enc.4.2.0.dylib" "/Users/jaydenmanno/AI/MoneyPrinterTurbo/desktop/build/final/stage/lib/libavfilter.12.1.101.dylib"
/Applications/Xcode.app/Contents/Developer/Toolchains/XcodeDefault.xctoolchain/usr/bin/install_name_tool: warning: changes being made to the file will invalidate the code signature in: /Users/jaydenmanno/AI/MoneyPrinterTurbo/desktop/build/final/stage/lib/libavfilter.12.1.101.dylib
    install_name_tool -change "/opt/homebrew/Cellar/x264/r3222/lib/libx264.165.dylib" "@executable_path/../lib/libx264.165.dylib" "/Users/jaydenmanno/AI/MoneyPrinterTurbo/desktop/build/final/stage/lib/libavfilter.12.1.101.dylib"
/Applications/Xcode.app/Contents/Developer/Toolchains/XcodeDefault.xctoolchain/usr/bin/install_name_tool: warning: changes being made to the file will invalidate the code signature in: /Users/jaydenmanno/AI/MoneyPrinterTurbo/desktop/build/final/stage/lib/libavfilter.12.1.101.dylib
    install_name_tool -change "/opt/homebrew/opt/x264/lib/libx264.165.dylib" "@executable_path/../lib/libx264.165.dylib" "/Users/jaydenmanno/AI/MoneyPrinterTurbo/desktop/build/final/stage/lib/libavfilter.12.1.101.dylib"
/Applications/Xcode.app/Contents/Developer/Toolchains/XcodeDefault.xctoolchain/usr/bin/install_name_tool: warning: changes being made to the file will invalidate the code signature in: /Users/jaydenmanno/AI/MoneyPrinterTurbo/desktop/build/final/stage/lib/libavfilter.12.1.101.dylib
    install_name_tool -change "/opt/homebrew/Cellar/x265/4.2/lib/libx265.216.dylib" "@executable_path/../lib/libx265.216.dylib" "/Users/jaydenmanno/AI/MoneyPrinterTurbo/desktop/build/final/stage/lib/libavfilter.12.1.101.dylib"
/Applications/Xcode.app/Contents/Developer/Toolchains/XcodeDefault.xctoolchain/usr/bin/install_name_tool: warning: changes being made to the file will invalidate the code signature in: /Users/jaydenmanno/AI/MoneyPrinterTurbo/desktop/build/final/stage/lib/libavfilter.12.1.101.dylib
    install_name_tool -change "/opt/homebrew/opt/x265/lib/libx265.216.dylib" "@executable_path/../lib/libx265.216.dylib" "/Users/jaydenmanno/AI/MoneyPrinterTurbo/desktop/build/final/stage/lib/libavfilter.12.1.101.dylib"
/Applications/Xcode.app/Contents/Developer/Toolchains/XcodeDefault.xctoolchain/usr/bin/install_name_tool: warning: changes being made to the file will invalidate the code signature in: /Users/jaydenmanno/AI/MoneyPrinterTurbo/desktop/build/final/stage/lib/libavfilter.12.1.101.dylib
    codesign --force --deep --preserve-metadata=entitlements,requirements,flags,runtime --sign - "/Users/jaydenmanno/AI/MoneyPrinterTurbo/desktop/build/final/stage/lib/libavfilter.12.1.101.dylib"
/Users/jaydenmanno/AI/MoneyPrinterTurbo/desktop/build/final/stage/lib/libavfilter.12.1.101.dylib: replacing existing signature

* Processing dependency /Users/jaydenmanno/AI/MoneyPrinterTurbo/desktop/build/final/stage/lib/libavdevice.63.1.101.dylib
    cp -f "/opt/homebrew/Cellar/ffmpeg/9.0.1/lib/libavdevice.63.1.101.dylib" "/Users/jaydenmanno/AI/MoneyPrinterTurbo/desktop/build/final/stage/lib/libavdevice.63.1.101.dylib"
    chmod +w "/Users/jaydenmanno/AI/MoneyPrinterTurbo/desktop/build/final/stage/lib/libavdevice.63.1.101.dylib"
    install_name_tool -id "@executable_path/../lib/libavdevice.63.1.101.dylib" "/Users/jaydenmanno/AI/MoneyPrinterTurbo/desktop/build/final/stage/lib/libavdevice.63.1.101.dylib"
/Applications/Xcode.app/Contents/Developer/Toolchains/XcodeDefault.xctoolchain/usr/bin/install_name_tool: warning: changes being made to the file will invalidate the code signature in: /Users/jaydenmanno/AI/MoneyPrinterTurbo/desktop/build/final/stage/lib/libavdevice.63.1.101.dylib
    .....................................
  * Fixing dependencies on /Users/jaydenmanno/AI/MoneyPrinterTurbo/desktop/build/final/stage/lib/libavdevice.63.1.101.dylib
    install_name_tool -change "/opt/homebrew/Cellar/ffmpeg/9.0.1/lib/libavfilter.12.1.101.dylib" "@executable_path/../lib/libavfilter.12.1.101.dylib" "/Users/jaydenmanno/AI/MoneyPrinterTurbo/desktop/build/final/stage/lib/libavdevice.63.1.101.dylib"
/Applications/Xcode.app/Contents/Developer/Toolchains/XcodeDefault.xctoolchain/usr/bin/install_name_tool: warning: changes being made to the file will invalidate the code signature in: /Users/jaydenmanno/AI/MoneyPrinterTurbo/desktop/build/final/stage/lib/libavdevice.63.1.101.dylib
    install_name_tool -change "/opt/homebrew/Cellar/ffmpeg/9.0.1/lib/libavfilter.12.dylib" "@executable_path/../lib/libavfilter.12.1.101.dylib" "/Users/jaydenmanno/AI/MoneyPrinterTurbo/desktop/build/final/stage/lib/libavdevice.63.1.101.dylib"
/Applications/Xcode.app/Contents/Developer/Toolchains/XcodeDefault.xctoolchain/usr/bin/install_name_tool: warning: changes being made to the file will invalidate the code signature in: /Users/jaydenmanno/AI/MoneyPrinterTurbo/desktop/build/final/stage/lib/libavdevice.63.1.101.dylib
    install_name_tool -change "/opt/homebrew/Cellar/ffmpeg/9.0.1/lib/libswscale.10.1.101.dylib" "@executable_path/../lib/libswscale.10.1.101.dylib" "/Users/jaydenmanno/AI/MoneyPrinterTurbo/desktop/build/final/stage/lib/libavdevice.63.1.101.dylib"
/Applications/Xcode.app/Contents/Developer/Toolchains/XcodeDefault.xctoolchain/usr/bin/install_name_tool: warning: changes being made to the file will invalidate the code signature in: /Users/jaydenmanno/AI/MoneyPrinterTurbo/desktop/build/final/stage/lib/libavdevice.63.1.101.dylib
    install_name_tool -change "/opt/homebrew/Cellar/ffmpeg/9.0.1/lib/libswscale.10.dylib" "@executable_path/../lib/libswscale.10.1.101.dylib" "/Users/jaydenmanno/AI/MoneyPrinterTurbo/desktop/build/final/stage/lib/libavdevice.63.1.101.dylib"
/Applications/Xcode.app/Contents/Developer/Toolchains/XcodeDefault.xctoolchain/usr/bin/install_name_tool: warning: changes being made to the file will invalidate the code signature in: /Users/jaydenmanno/AI/MoneyPrinterTurbo/desktop/build/final/stage/lib/libavdevice.63.1.101.dylib
    install_name_tool -change "/opt/homebrew/Cellar/ffmpeg/9.0.1/lib/libavformat.63.1.101.dylib" "@executable_path/../lib/libavformat.63.1.101.dylib" "/Users/jaydenmanno/AI/MoneyPrinterTurbo/desktop/build/final/stage/lib/libavdevice.63.1.101.dylib"
/Applications/Xcode.app/Contents/Developer/Toolchains/XcodeDefault.xctoolchain/usr/bin/install_name_tool: warning: changes being made to the file will invalidate the code signature in: /Users/jaydenmanno/AI/MoneyPrinterTurbo/desktop/build/final/stage/lib/libavdevice.63.1.101.dylib
    install_name_tool -change "/opt/homebrew/Cellar/ffmpeg/9.0.1/lib/libavformat.63.dylib" "@executable_path/../lib/libavformat.63.1.101.dylib" "/Users/jaydenmanno/AI/MoneyPrinterTurbo/desktop/build/final/stage/lib/libavdevice.63.1.101.dylib"
/Applications/Xcode.app/Contents/Developer/Toolchains/XcodeDefault.xctoolchain/usr/bin/install_name_tool: warning: changes being made to the file will invalidate the code signature in: /Users/jaydenmanno/AI/MoneyPrinterTurbo/desktop/build/final/stage/lib/libavdevice.63.1.101.dylib
    install_name_tool -change "/opt/homebrew/Cellar/ffmpeg/9.0.1/lib/libavcodec.63.1.101.dylib" "@executable_path/../lib/libavcodec.63.1.101.dylib" "/Users/jaydenmanno/AI/MoneyPrinterTurbo/desktop/build/final/stage/lib/libavdevice.63.1.101.dylib"
/Applications/Xcode.app/Contents/Developer/Toolchains/XcodeDefault.xctoolchain/usr/bin/install_name_tool: warning: changes being made to the file will invalidate the code signature in: /Users/jaydenmanno/AI/MoneyPrinterTurbo/desktop/build/final/stage/lib/libavdevice.63.1.101.dylib
    install_name_tool -change "/opt/homebrew/Cellar/ffmpeg/9.0.1/lib/libavcodec.63.dylib" "@executable_path/../lib/libavcodec.63.1.101.dylib" "/Users/jaydenmanno/AI/MoneyPrinterTurbo/desktop/build/final/stage/lib/libavdevice.63.1.101.dylib"
/Applications/Xcode.app/Contents/Developer/Toolchains/XcodeDefault.xctoolchain/usr/bin/install_name_tool: warning: changes being made to the file will invalidate the code signature in: /Users/jaydenmanno/AI/MoneyPrinterTurbo/desktop/build/final/stage/lib/libavdevice.63.1.101.dylib
    install_name_tool -change "/opt/homebrew/Cellar/ffmpeg/9.0.1/lib/libswresample.7.1.101.dylib" "@executable_path/../lib/libswresample.7.1.101.dylib" "/Users/jaydenmanno/AI/MoneyPrinterTurbo/desktop/build/final/stage/lib/libavdevice.63.1.101.dylib"
/Applications/Xcode.app/Contents/Developer/Toolchains/XcodeDefault.xctoolchain/usr/bin/install_name_tool: warning: changes being made to the file will invalidate the code signature in: /Users/jaydenmanno/AI/MoneyPrinterTurbo/desktop/build/final/stage/lib/libavdevice.63.1.101.dylib
    install_name_tool -change "/opt/homebrew/Cellar/ffmpeg/9.0.1/lib/libswresample.7.dylib" "@executable_path/../lib/libswresample.7.1.101.dylib" "/Users/jaydenmanno/AI/MoneyPrinterTurbo/desktop/build/final/stage/lib/libavdevice.63.1.101.dylib"
/Applications/Xcode.app/Contents/Developer/Toolchains/XcodeDefault.xctoolchain/usr/bin/install_name_tool: warning: changes being made to the file will invalidate the code signature in: /Users/jaydenmanno/AI/MoneyPrinterTurbo/desktop/build/final/stage/lib/libavdevice.63.1.101.dylib
    install_name_tool -change "/opt/homebrew/Cellar/ffmpeg/9.0.1/lib/libavutil.61.1.101.dylib" "@executable_path/../lib/libavutil.61.1.101.dylib" "/Users/jaydenmanno/AI/MoneyPrinterTurbo/desktop/build/final/stage/lib/libavdevice.63.1.101.dylib"
/Applications/Xcode.app/Contents/Developer/Toolchains/XcodeDefault.xctoolchain/usr/bin/install_name_tool: warning: changes being made to the file will invalidate the code signature in: /Users/jaydenmanno/AI/MoneyPrinterTurbo/desktop/build/final/stage/lib/libavdevice.63.1.101.dylib
    install_name_tool -change "/opt/homebrew/Cellar/ffmpeg/9.0.1/lib/libavutil.61.dylib" "@executable_path/../lib/libavutil.61.1.101.dylib" "/Users/jaydenmanno/AI/MoneyPrinterTurbo/desktop/build/final/stage/lib/libavdevice.63.1.101.dylib"
/Applications/Xcode.app/Contents/Developer/Toolchains/XcodeDefault.xctoolchain/usr/bin/install_name_tool: warning: changes being made to the file will invalidate the code signature in: /Users/jaydenmanno/AI/MoneyPrinterTurbo/desktop/build/final/stage/lib/libavdevice.63.1.101.dylib
    install_name_tool -change "/opt/homebrew/Cellar/libvmaf/3.2.0/lib/libvmaf.3.dylib" "@executable_path/../lib/libvmaf.3.dylib" "/Users/jaydenmanno/AI/MoneyPrinterTurbo/desktop/build/final/stage/lib/libavdevice.63.1.101.dylib"
/Applications/Xcode.app/Contents/Developer/Toolchains/XcodeDefault.xctoolchain/usr/bin/install_name_tool: warning: changes being made to the file will invalidate the code signature in: /Users/jaydenmanno/AI/MoneyPrinterTurbo/desktop/build/final/stage/lib/libavdevice.63.1.101.dylib
    install_name_tool -change "/opt/homebrew/opt/libvmaf/lib/libvmaf.3.dylib" "@executable_path/../lib/libvmaf.3.dylib" "/Users/jaydenmanno/AI/MoneyPrinterTurbo/desktop/build/final/stage/lib/libavdevice.63.1.101.dylib"
/Applications/Xcode.app/Contents/Developer/Toolchains/XcodeDefault.xctoolchain/usr/bin/install_name_tool: warning: changes being made to the file will invalidate the code signature in: /Users/jaydenmanno/AI/MoneyPrinterTurbo/desktop/build/final/stage/lib/libavdevice.63.1.101.dylib
    install_name_tool -change "/opt/homebrew/Cellar/openssl@3/3.6.3/lib/libssl.3.dylib" "@executable_path/../lib/libssl.3.dylib" "/Users/jaydenmanno/AI/MoneyPrinterTurbo/desktop/build/final/stage/lib/libavdevice.63.1.101.dylib"
/Applications/Xcode.app/Contents/Developer/Toolchains/XcodeDefault.xctoolchain/usr/bin/install_name_tool: warning: changes being made to the file will invalidate the code signature in: /Users/jaydenmanno/AI/MoneyPrinterTurbo/desktop/build/final/stage/lib/libavdevice.63.1.101.dylib
    install_name_tool -change "/opt/homebrew/opt/openssl@3/lib/libssl.3.dylib" "@executable_path/../lib/libssl.3.dylib" "/Users/jaydenmanno/AI/MoneyPrinterTurbo/desktop/build/final/stage/lib/libavdevice.63.1.101.dylib"
/Applications/Xcode.app/Contents/Developer/Toolchains/XcodeDefault.xctoolchain/usr/bin/install_name_tool: warning: changes being made to the file will invalidate the code signature in: /Users/jaydenmanno/AI/MoneyPrinterTurbo/desktop/build/final/stage/lib/libavdevice.63.1.101.dylib
    install_name_tool -change "/opt/homebrew/Cellar/openssl@3/3.6.3/lib/libcrypto.3.dylib" "@executable_path/../lib/libcrypto.3.dylib" "/Users/jaydenmanno/AI/MoneyPrinterTurbo/desktop/build/final/stage/lib/libavdevice.63.1.101.dylib"
/Applications/Xcode.app/Contents/Developer/Toolchains/XcodeDefault.xctoolchain/usr/bin/install_name_tool: warning: changes being made to the file will invalidate the code signature in: /Users/jaydenmanno/AI/MoneyPrinterTurbo/desktop/build/final/stage/lib/libavdevice.63.1.101.dylib
    install_name_tool -change "/opt/homebrew/opt/openssl@3/lib/libcrypto.3.dylib" "@executable_path/../lib/libcrypto.3.dylib" "/Users/jaydenmanno/AI/MoneyPrinterTurbo/desktop/build/final/stage/lib/libavdevice.63.1.101.dylib"
/Applications/Xcode.app/Contents/Developer/Toolchains/XcodeDefault.xctoolchain/usr/bin/install_name_tool: warning: changes being made to the file will invalidate the code signature in: /Users/jaydenmanno/AI/MoneyPrinterTurbo/desktop/build/final/stage/lib/libavdevice.63.1.101.dylib
    install_name_tool -change "/opt/homebrew/Cellar/libvpx/1.16.0/lib/libvpx.12.dylib" "@executable_path/../lib/libvpx.12.dylib" "/Users/jaydenmanno/AI/MoneyPrinterTurbo/desktop/build/final/stage/lib/libavdevice.63.1.101.dylib"
/Applications/Xcode.app/Contents/Developer/Toolchains/XcodeDefault.xctoolchain/usr/bin/install_name_tool: warning: changes being made to the file will invalidate the code signature in: /Users/jaydenmanno/AI/MoneyPrinterTurbo/desktop/build/final/stage/lib/libavdevice.63.1.101.dylib
    install_name_tool -change "/opt/homebrew/opt/libvpx/lib/libvpx.12.dylib" "@executable_path/../lib/libvpx.12.dylib" "/Users/jaydenmanno/AI/MoneyPrinterTurbo/desktop/build/final/stage/lib/libavdevice.63.1.101.dylib"
/Applications/Xcode.app/Contents/Developer/Toolchains/XcodeDefault.xctoolchain/usr/bin/install_name_tool: warning: changes being made to the file will invalidate the code signature in: /Users/jaydenmanno/AI/MoneyPrinterTurbo/desktop/build/final/stage/lib/libavdevice.63.1.101.dylib
    install_name_tool -change "/opt/homebrew/Cellar/xz/5.8.3/lib/liblzma.5.dylib" "@executable_path/../lib/liblzma.5.dylib" "/Users/jaydenmanno/AI/MoneyPrinterTurbo/desktop/build/final/stage/lib/libavdevice.63.1.101.dylib"
/Applications/Xcode.app/Contents/Developer/Toolchains/XcodeDefault.xctoolchain/usr/bin/install_name_tool: warning: changes being made to the file will invalidate the code signature in: /Users/jaydenmanno/AI/MoneyPrinterTurbo/desktop/build/final/stage/lib/libavdevice.63.1.101.dylib
    install_name_tool -change "/opt/homebrew/opt/xz/lib/liblzma.5.dylib" "@executable_path/../lib/liblzma.5.dylib" "/Users/jaydenmanno/AI/MoneyPrinterTurbo/desktop/build/final/stage/lib/libavdevice.63.1.101.dylib"
/Applications/Xcode.app/Contents/Developer/Toolchains/XcodeDefault.xctoolchain/usr/bin/install_name_tool: warning: changes being made to the file will invalidate the code signature in: /Users/jaydenmanno/AI/MoneyPrinterTurbo/desktop/build/final/stage/lib/libavdevice.63.1.101.dylib
    install_name_tool -change "/opt/homebrew/Cellar/dav1d/1.5.4/lib/libdav1d.7.dylib" "@executable_path/../lib/libdav1d.7.dylib" "/Users/jaydenmanno/AI/MoneyPrinterTurbo/desktop/build/final/stage/lib/libavdevice.63.1.101.dylib"
/Applications/Xcode.app/Contents/Developer/Toolchains/XcodeDefault.xctoolchain/usr/bin/install_name_tool: warning: changes being made to the file will invalidate the code signature in: /Users/jaydenmanno/AI/MoneyPrinterTurbo/desktop/build/final/stage/lib/libavdevice.63.1.101.dylib
    install_name_tool -change "/opt/homebrew/opt/dav1d/lib/libdav1d.7.dylib" "@executable_path/../lib/libdav1d.7.dylib" "/Users/jaydenmanno/AI/MoneyPrinterTurbo/desktop/build/final/stage/lib/libavdevice.63.1.101.dylib"
/Applications/Xcode.app/Contents/Developer/Toolchains/XcodeDefault.xctoolchain/usr/bin/install_name_tool: warning: changes being made to the file will invalidate the code signature in: /Users/jaydenmanno/AI/MoneyPrinterTurbo/desktop/build/final/stage/lib/libavdevice.63.1.101.dylib
    install_name_tool -change "/opt/homebrew/Cellar/lame/4.0/lib/libmp3lame.0.dylib" "@executable_path/../lib/libmp3lame.0.dylib" "/Users/jaydenmanno/AI/MoneyPrinterTurbo/desktop/build/final/stage/lib/libavdevice.63.1.101.dylib"
/Applications/Xcode.app/Contents/Developer/Toolchains/XcodeDefault.xctoolchain/usr/bin/install_name_tool: warning: changes being made to the file will invalidate the code signature in: /Users/jaydenmanno/AI/MoneyPrinterTurbo/desktop/build/final/stage/lib/libavdevice.63.1.101.dylib
    install_name_tool -change "/opt/homebrew/opt/lame/lib/libmp3lame.0.dylib" "@executable_path/../lib/libmp3lame.0.dylib" "/Users/jaydenmanno/AI/MoneyPrinterTurbo/desktop/build/final/stage/lib/libavdevice.63.1.101.dylib"
/Applications/Xcode.app/Contents/Developer/Toolchains/XcodeDefault.xctoolchain/usr/bin/install_name_tool: warning: changes being made to the file will invalidate the code signature in: /Users/jaydenmanno/AI/MoneyPrinterTurbo/desktop/build/final/stage/lib/libavdevice.63.1.101.dylib
    install_name_tool -change "/opt/homebrew/Cellar/opus/1.6.1/lib/libopus.0.dylib" "@executable_path/../lib/libopus.0.dylib" "/Users/jaydenmanno/AI/MoneyPrinterTurbo/desktop/build/final/stage/lib/libavdevice.63.1.101.dylib"
/Applications/Xcode.app/Contents/Developer/Toolchains/XcodeDefault.xctoolchain/usr/bin/install_name_tool: warning: changes being made to the file will invalidate the code signature in: /Users/jaydenmanno/AI/MoneyPrinterTurbo/desktop/build/final/stage/lib/libavdevice.63.1.101.dylib
    install_name_tool -change "/opt/homebrew/opt/opus/lib/libopus.0.dylib" "@executable_path/../lib/libopus.0.dylib" "/Users/jaydenmanno/AI/MoneyPrinterTurbo/desktop/build/final/stage/lib/libavdevice.63.1.101.dylib"
/Applications/Xcode.app/Contents/Developer/Toolchains/XcodeDefault.xctoolchain/usr/bin/install_name_tool: warning: changes being made to the file will invalidate the code signature in: /Users/jaydenmanno/AI/MoneyPrinterTurbo/desktop/build/final/stage/lib/libavdevice.63.1.101.dylib
    install_name_tool -change "/opt/homebrew/Cellar/svt-av1/4.2.0/lib/libSvtAv1Enc.4.2.0.dylib" "@executable_path/../lib/libSvtAv1Enc.4.2.0.dylib" "/Users/jaydenmanno/AI/MoneyPrinterTurbo/desktop/build/final/stage/lib/libavdevice.63.1.101.dylib"
/Applications/Xcode.app/Contents/Developer/Toolchains/XcodeDefault.xctoolchain/usr/bin/install_name_tool: warning: changes being made to the file will invalidate the code signature in: /Users/jaydenmanno/AI/MoneyPrinterTurbo/desktop/build/final/stage/lib/libavdevice.63.1.101.dylib
    install_name_tool -change "/opt/homebrew/opt/svt-av1/lib/libSvtAv1Enc.4.dylib" "@executable_path/../lib/libSvtAv1Enc.4.2.0.dylib" "/Users/jaydenmanno/AI/MoneyPrinterTurbo/desktop/build/final/stage/lib/libavdevice.63.1.101.dylib"
/Applications/Xcode.app/Contents/Developer/Toolchains/XcodeDefault.xctoolchain/usr/bin/install_name_tool: warning: changes being made to the file will invalidate the code signature in: /Users/jaydenmanno/AI/MoneyPrinterTurbo/desktop/build/final/stage/lib/libavdevice.63.1.101.dylib
    install_name_tool -change "/opt/homebrew/Cellar/x264/r3222/lib/libx264.165.dylib" "@executable_path/../lib/libx264.165.dylib" "/Users/jaydenmanno/AI/MoneyPrinterTurbo/desktop/build/final/stage/lib/libavdevice.63.1.101.dylib"
/Applications/Xcode.app/Contents/Developer/Toolchains/XcodeDefault.xctoolchain/usr/bin/install_name_tool: warning: changes being made to the file will invalidate the code signature in: /Users/jaydenmanno/AI/MoneyPrinterTurbo/desktop/build/final/stage/lib/libavdevice.63.1.101.dylib
    install_name_tool -change "/opt/homebrew/opt/x264/lib/libx264.165.dylib" "@executable_path/../lib/libx264.165.dylib" "/Users/jaydenmanno/AI/MoneyPrinterTurbo/desktop/build/final/stage/lib/libavdevice.63.1.101.dylib"
/Applications/Xcode.app/Contents/Developer/Toolchains/XcodeDefault.xctoolchain/usr/bin/install_name_tool: warning: changes being made to the file will invalidate the code signature in: /Users/jaydenmanno/AI/MoneyPrinterTurbo/desktop/build/final/stage/lib/libavdevice.63.1.101.dylib
    install_name_tool -change "/opt/homebrew/Cellar/x265/4.2/lib/libx265.216.dylib" "@executable_path/../lib/libx265.216.dylib" "/Users/jaydenmanno/AI/MoneyPrinterTurbo/desktop/build/final/stage/lib/libavdevice.63.1.101.dylib"
/Applications/Xcode.app/Contents/Developer/Toolchains/XcodeDefault.xctoolchain/usr/bin/install_name_tool: warning: changes being made to the file will invalidate the code signature in: /Users/jaydenmanno/AI/MoneyPrinterTurbo/desktop/build/final/stage/lib/libavdevice.63.1.101.dylib
    install_name_tool -change "/opt/homebrew/opt/x265/lib/libx265.216.dylib" "@executable_path/../lib/libx265.216.dylib" "/Users/jaydenmanno/AI/MoneyPrinterTurbo/desktop/build/final/stage/lib/libavdevice.63.1.101.dylib"
/Applications/Xcode.app/Contents/Developer/Toolchains/XcodeDefault.xctoolchain/usr/bin/install_name_tool: warning: changes being made to the file will invalidate the code signature in: /Users/jaydenmanno/AI/MoneyPrinterTurbo/desktop/build/final/stage/lib/libavdevice.63.1.101.dylib
    codesign --force --deep --preserve-metadata=entitlements,requirements,flags,runtime --sign - "/Users/jaydenmanno/AI/MoneyPrinterTurbo/desktop/build/final/stage/lib/libavdevice.63.1.101.dylib"
/Users/jaydenmanno/AI/MoneyPrinterTurbo/desktop/build/final/stage/lib/libavdevice.63.1.101.dylib: replacing existing signature

* Processing /Users/jaydenmanno/AI/MoneyPrinterTurbo/desktop/build/final/stage/bin/ffmpeg
    chmod +w "/Users/jaydenmanno/AI/MoneyPrinterTurbo/desktop/build/final/stage/bin/ffmpeg"
  * Fixing dependencies on /Users/jaydenmanno/AI/MoneyPrinterTurbo/desktop/build/final/stage/bin/ffmpeg
    install_name_tool -change "/opt/homebrew/Cellar/ffmpeg/9.0.1/lib/libavdevice.63.1.101.dylib" "@executable_path/../lib/libavdevice.63.1.101.dylib" "/Users/jaydenmanno/AI/MoneyPrinterTurbo/desktop/build/final/stage/bin/ffmpeg"
/Applications/Xcode.app/Contents/Developer/Toolchains/XcodeDefault.xctoolchain/usr/bin/install_name_tool: warning: changes being made to the file will invalidate the code signature in: /Users/jaydenmanno/AI/MoneyPrinterTurbo/desktop/build/final/stage/bin/ffmpeg
    install_name_tool -change "/opt/homebrew/Cellar/ffmpeg/9.0.1/lib/libavdevice.63.dylib" "@executable_path/../lib/libavdevice.63.1.101.dylib" "/Users/jaydenmanno/AI/MoneyPrinterTurbo/desktop/build/final/stage/bin/ffmpeg"
/Applications/Xcode.app/Contents/Developer/Toolchains/XcodeDefault.xctoolchain/usr/bin/install_name_tool: warning: changes being made to the file will invalidate the code signature in: /Users/jaydenmanno/AI/MoneyPrinterTurbo/desktop/build/final/stage/bin/ffmpeg
    install_name_tool -change "/opt/homebrew/Cellar/ffmpeg/9.0.1/lib/libavfilter.12.1.101.dylib" "@executable_path/../lib/libavfilter.12.1.101.dylib" "/Users/jaydenmanno/AI/MoneyPrinterTurbo/desktop/build/final/stage/bin/ffmpeg"
/Applications/Xcode.app/Contents/Developer/Toolchains/XcodeDefault.xctoolchain/usr/bin/install_name_tool: warning: changes being made to the file will invalidate the code signature in: /Users/jaydenmanno/AI/MoneyPrinterTurbo/desktop/build/final/stage/bin/ffmpeg
    install_name_tool -change "/opt/homebrew/Cellar/ffmpeg/9.0.1/lib/libavfilter.12.dylib" "@executable_path/../lib/libavfilter.12.1.101.dylib" "/Users/jaydenmanno/AI/MoneyPrinterTurbo/desktop/build/final/stage/bin/ffmpeg"
/Applications/Xcode.app/Contents/Developer/Toolchains/XcodeDefault.xctoolchain/usr/bin/install_name_tool: warning: changes being made to the file will invalidate the code signature in: /Users/jaydenmanno/AI/MoneyPrinterTurbo/desktop/build/final/stage/bin/ffmpeg
    install_name_tool -change "/opt/homebrew/Cellar/ffmpeg/9.0.1/lib/libavformat.63.1.101.dylib" "@executable_path/../lib/libavformat.63.1.101.dylib" "/Users/jaydenmanno/AI/MoneyPrinterTurbo/desktop/build/final/stage/bin/ffmpeg"
/Applications/Xcode.app/Contents/Developer/Toolchains/XcodeDefault.xctoolchain/usr/bin/install_name_tool: warning: changes being made to the file will invalidate the code signature in: /Users/jaydenmanno/AI/MoneyPrinterTurbo/desktop/build/final/stage/bin/ffmpeg
    install_name_tool -change "/opt/homebrew/Cellar/ffmpeg/9.0.1/lib/libavformat.63.dylib" "@executable_path/../lib/libavformat.63.1.101.dylib" "/Users/jaydenmanno/AI/MoneyPrinterTurbo/desktop/build/final/stage/bin/ffmpeg"
/Applications/Xcode.app/Contents/Developer/Toolchains/XcodeDefault.xctoolchain/usr/bin/install_name_tool: warning: changes being made to the file will invalidate the code signature in: /Users/jaydenmanno/AI/MoneyPrinterTurbo/desktop/build/final/stage/bin/ffmpeg
    install_name_tool -change "/opt/homebrew/Cellar/ffmpeg/9.0.1/lib/libavcodec.63.1.101.dylib" "@executable_path/../lib/libavcodec.63.1.101.dylib" "/Users/jaydenmanno/AI/MoneyPrinterTurbo/desktop/build/final/stage/bin/ffmpeg"
/Applications/Xcode.app/Contents/Developer/Toolchains/XcodeDefault.xctoolchain/usr/bin/install_name_tool: warning: changes being made to the file will invalidate the code signature in: /Users/jaydenmanno/AI/MoneyPrinterTurbo/desktop/build/final/stage/bin/ffmpeg
    install_name_tool -change "/opt/homebrew/Cellar/ffmpeg/9.0.1/lib/libavcodec.63.dylib" "@executable_path/../lib/libavcodec.63.1.101.dylib" "/Users/jaydenmanno/AI/MoneyPrinterTurbo/desktop/build/final/stage/bin/ffmpeg"
/Applications/Xcode.app/Contents/Developer/Toolchains/XcodeDefault.xctoolchain/usr/bin/install_name_tool: warning: changes being made to the file will invalidate the code signature in: /Users/jaydenmanno/AI/MoneyPrinterTurbo/desktop/build/final/stage/bin/ffmpeg
    install_name_tool -change "/opt/homebrew/Cellar/ffmpeg/9.0.1/lib/libswresample.7.1.101.dylib" "@executable_path/../lib/libswresample.7.1.101.dylib" "/Users/jaydenmanno/AI/MoneyPrinterTurbo/desktop/build/final/stage/bin/ffmpeg"
/Applications/Xcode.app/Contents/Developer/Toolchains/XcodeDefault.xctoolchain/usr/bin/install_name_tool: warning: changes being made to the file will invalidate the code signature in: /Users/jaydenmanno/AI/MoneyPrinterTurbo/desktop/build/final/stage/bin/ffmpeg
    install_name_tool -change "/opt/homebrew/Cellar/ffmpeg/9.0.1/lib/libswresample.7.dylib" "@executable_path/../lib/libswresample.7.1.101.dylib" "/Users/jaydenmanno/AI/MoneyPrinterTurbo/desktop/build/final/stage/bin/ffmpeg"
/Applications/Xcode.app/Contents/Developer/Toolchains/XcodeDefault.xctoolchain/usr/bin/install_name_tool: warning: changes being made to the file will invalidate the code signature in: /Users/jaydenmanno/AI/MoneyPrinterTurbo/desktop/build/final/stage/bin/ffmpeg
    install_name_tool -change "/opt/homebrew/Cellar/ffmpeg/9.0.1/lib/libswscale.10.1.101.dylib" "@executable_path/../lib/libswscale.10.1.101.dylib" "/Users/jaydenmanno/AI/MoneyPrinterTurbo/desktop/build/final/stage/bin/ffmpeg"
/Applications/Xcode.app/Contents/Developer/Toolchains/XcodeDefault.xctoolchain/usr/bin/install_name_tool: warning: changes being made to the file will invalidate the code signature in: /Users/jaydenmanno/AI/MoneyPrinterTurbo/desktop/build/final/stage/bin/ffmpeg
    install_name_tool -change "/opt/homebrew/Cellar/ffmpeg/9.0.1/lib/libswscale.10.dylib" "@executable_path/../lib/libswscale.10.1.101.dylib" "/Users/jaydenmanno/AI/MoneyPrinterTurbo/desktop/build/final/stage/bin/ffmpeg"
/Applications/Xcode.app/Contents/Developer/Toolchains/XcodeDefault.xctoolchain/usr/bin/install_name_tool: warning: changes being made to the file will invalidate the code signature in: /Users/jaydenmanno/AI/MoneyPrinterTurbo/desktop/build/final/stage/bin/ffmpeg
    install_name_tool -change "/opt/homebrew/Cellar/ffmpeg/9.0.1/lib/libavutil.61.1.101.dylib" "@executable_path/../lib/libavutil.61.1.101.dylib" "/Users/jaydenmanno/AI/MoneyPrinterTurbo/desktop/build/final/stage/bin/ffmpeg"
/Applications/Xcode.app/Contents/Developer/Toolchains/XcodeDefault.xctoolchain/usr/bin/install_name_tool: warning: changes being made to the file will invalidate the code signature in: /Users/jaydenmanno/AI/MoneyPrinterTurbo/desktop/build/final/stage/bin/ffmpeg
    install_name_tool -change "/opt/homebrew/Cellar/ffmpeg/9.0.1/lib/libavutil.61.dylib" "@executable_path/../lib/libavutil.61.1.101.dylib" "/Users/jaydenmanno/AI/MoneyPrinterTurbo/desktop/build/final/stage/bin/ffmpeg"
/Applications/Xcode.app/Contents/Developer/Toolchains/XcodeDefault.xctoolchain/usr/bin/install_name_tool: warning: changes being made to the file will invalidate the code signature in: /Users/jaydenmanno/AI/MoneyPrinterTurbo/desktop/build/final/stage/bin/ffmpeg
    install_name_tool -change "/opt/homebrew/Cellar/libvmaf/3.2.0/lib/libvmaf.3.dylib" "@executable_path/../lib/libvmaf.3.dylib" "/Users/jaydenmanno/AI/MoneyPrinterTurbo/desktop/build/final/stage/bin/ffmpeg"
/Applications/Xcode.app/Contents/Developer/Toolchains/XcodeDefault.xctoolchain/usr/bin/install_name_tool: warning: changes being made to the file will invalidate the code signature in: /Users/jaydenmanno/AI/MoneyPrinterTurbo/desktop/build/final/stage/bin/ffmpeg
    install_name_tool -change "/opt/homebrew/opt/libvmaf/lib/libvmaf.3.dylib" "@executable_path/../lib/libvmaf.3.dylib" "/Users/jaydenmanno/AI/MoneyPrinterTurbo/desktop/build/final/stage/bin/ffmpeg"
/Applications/Xcode.app/Contents/Developer/Toolchains/XcodeDefault.xctoolchain/usr/bin/install_name_tool: warning: changes being made to the file will invalidate the code signature in: /Users/jaydenmanno/AI/MoneyPrinterTurbo/desktop/build/final/stage/bin/ffmpeg
    install_name_tool -change "/opt/homebrew/Cellar/openssl@3/3.6.3/lib/libssl.3.dylib" "@executable_path/../lib/libssl.3.dylib" "/Users/jaydenmanno/AI/MoneyPrinterTurbo/desktop/build/final/stage/bin/ffmpeg"
/Applications/Xcode.app/Contents/Developer/Toolchains/XcodeDefault.xctoolchain/usr/bin/install_name_tool: warning: changes being made to the file will invalidate the code signature in: /Users/jaydenmanno/AI/MoneyPrinterTurbo/desktop/build/final/stage/bin/ffmpeg
    install_name_tool -change "/opt/homebrew/opt/openssl@3/lib/libssl.3.dylib" "@executable_path/../lib/libssl.3.dylib" "/Users/jaydenmanno/AI/MoneyPrinterTurbo/desktop/build/final/stage/bin/ffmpeg"
/Applications/Xcode.app/Contents/Developer/Toolchains/XcodeDefault.xctoolchain/usr/bin/install_name_tool: warning: changes being made to the file will invalidate the code signature in: /Users/jaydenmanno/AI/MoneyPrinterTurbo/desktop/build/final/stage/bin/ffmpeg
    install_name_tool -change "/opt/homebrew/Cellar/openssl@3/3.6.3/lib/libcrypto.3.dylib" "@executable_path/../lib/libcrypto.3.dylib" "/Users/jaydenmanno/AI/MoneyPrinterTurbo/desktop/build/final/stage/bin/ffmpeg"
/Applications/Xcode.app/Contents/Developer/Toolchains/XcodeDefault.xctoolchain/usr/bin/install_name_tool: warning: changes being made to the file will invalidate the code signature in: /Users/jaydenmanno/AI/MoneyPrinterTurbo/desktop/build/final/stage/bin/ffmpeg
    install_name_tool -change "/opt/homebrew/opt/openssl@3/lib/libcrypto.3.dylib" "@executable_path/../lib/libcrypto.3.dylib" "/Users/jaydenmanno/AI/MoneyPrinterTurbo/desktop/build/final/stage/bin/ffmpeg"
/Applications/Xcode.app/Contents/Developer/Toolchains/XcodeDefault.xctoolchain/usr/bin/install_name_tool: warning: changes being made to the file will invalidate the code signature in: /Users/jaydenmanno/AI/MoneyPrinterTurbo/desktop/build/final/stage/bin/ffmpeg
    install_name_tool -change "/opt/homebrew/Cellar/libvpx/1.16.0/lib/libvpx.12.dylib" "@executable_path/../lib/libvpx.12.dylib" "/Users/jaydenmanno/AI/MoneyPrinterTurbo/desktop/build/final/stage/bin/ffmpeg"
/Applications/Xcode.app/Contents/Developer/Toolchains/XcodeDefault.xctoolchain/usr/bin/install_name_tool: warning: changes being made to the file will invalidate the code signature in: /Users/jaydenmanno/AI/MoneyPrinterTurbo/desktop/build/final/stage/bin/ffmpeg
    install_name_tool -change "/opt/homebrew/opt/libvpx/lib/libvpx.12.dylib" "@executable_path/../lib/libvpx.12.dylib" "/Users/jaydenmanno/AI/MoneyPrinterTurbo/desktop/build/final/stage/bin/ffmpeg"
/Applications/Xcode.app/Contents/Developer/Toolchains/XcodeDefault.xctoolchain/usr/bin/install_name_tool: warning: changes being made to the file will invalidate the code signature in: /Users/jaydenmanno/AI/MoneyPrinterTurbo/desktop/build/final/stage/bin/ffmpeg
    install_name_tool -change "/opt/homebrew/Cellar/xz/5.8.3/lib/liblzma.5.dylib" "@executable_path/../lib/liblzma.5.dylib" "/Users/jaydenmanno/AI/MoneyPrinterTurbo/desktop/build/final/stage/bin/ffmpeg"
/Applications/Xcode.app/Contents/Developer/Toolchains/XcodeDefault.xctoolchain/usr/bin/install_name_tool: warning: changes being made to the file will invalidate the code signature in: /Users/jaydenmanno/AI/MoneyPrinterTurbo/desktop/build/final/stage/bin/ffmpeg
    install_name_tool -change "/opt/homebrew/opt/xz/lib/liblzma.5.dylib" "@executable_path/../lib/liblzma.5.dylib" "/Users/jaydenmanno/AI/MoneyPrinterTurbo/desktop/build/final/stage/bin/ffmpeg"
/Applications/Xcode.app/Contents/Developer/Toolchains/XcodeDefault.xctoolchain/usr/bin/install_name_tool: warning: changes being made to the file will invalidate the code signature in: /Users/jaydenmanno/AI/MoneyPrinterTurbo/desktop/build/final/stage/bin/ffmpeg
    install_name_tool -change "/opt/homebrew/Cellar/dav1d/1.5.4/lib/libdav1d.7.dylib" "@executable_path/../lib/libdav1d.7.dylib" "/Users/jaydenmanno/AI/MoneyPrinterTurbo/desktop/build/final/stage/bin/ffmpeg"
/Applications/Xcode.app/Contents/Developer/Toolchains/XcodeDefault.xctoolchain/usr/bin/install_name_tool: warning: changes being made to the file will invalidate the code signature in: /Users/jaydenmanno/AI/MoneyPrinterTurbo/desktop/build/final/stage/bin/ffmpeg
    install_name_tool -change "/opt/homebrew/opt/dav1d/lib/libdav1d.7.dylib" "@executable_path/../lib/libdav1d.7.dylib" "/Users/jaydenmanno/AI/MoneyPrinterTurbo/desktop/build/final/stage/bin/ffmpeg"
/Applications/Xcode.app/Contents/Developer/Toolchains/XcodeDefault.xctoolchain/usr/bin/install_name_tool: warning: changes being made to the file will invalidate the code signature in: /Users/jaydenmanno/AI/MoneyPrinterTurbo/desktop/build/final/stage/bin/ffmpeg
    install_name_tool -change "/opt/homebrew/Cellar/lame/4.0/lib/libmp3lame.0.dylib" "@executable_path/../lib/libmp3lame.0.dylib" "/Users/jaydenmanno/AI/MoneyPrinterTurbo/desktop/build/final/stage/bin/ffmpeg"
/Applications/Xcode.app/Contents/Developer/Toolchains/XcodeDefault.xctoolchain/usr/bin/install_name_tool: warning: changes being made to the file will invalidate the code signature in: /Users/jaydenmanno/AI/MoneyPrinterTurbo/desktop/build/final/stage/bin/ffmpeg
    install_name_tool -change "/opt/homebrew/opt/lame/lib/libmp3lame.0.dylib" "@executable_path/../lib/libmp3lame.0.dylib" "/Users/jaydenmanno/AI/MoneyPrinterTurbo/desktop/build/final/stage/bin/ffmpeg"
/Applications/Xcode.app/Contents/Developer/Toolchains/XcodeDefault.xctoolchain/usr/bin/install_name_tool: warning: changes being made to the file will invalidate the code signature in: /Users/jaydenmanno/AI/MoneyPrinterTurbo/desktop/build/final/stage/bin/ffmpeg
    install_name_tool -change "/opt/homebrew/Cellar/opus/1.6.1/lib/libopus.0.dylib" "@executable_path/../lib/libopus.0.dylib" "/Users/jaydenmanno/AI/MoneyPrinterTurbo/desktop/build/final/stage/bin/ffmpeg"
/Applications/Xcode.app/Contents/Developer/Toolchains/XcodeDefault.xctoolchain/usr/bin/install_name_tool: warning: changes being made to the file will invalidate the code signature in: /Users/jaydenmanno/AI/MoneyPrinterTurbo/desktop/build/final/stage/bin/ffmpeg
    install_name_tool -change "/opt/homebrew/opt/opus/lib/libopus.0.dylib" "@executable_path/../lib/libopus.0.dylib" "/Users/jaydenmanno/AI/MoneyPrinterTurbo/desktop/build/final/stage/bin/ffmpeg"
/Applications/Xcode.app/Contents/Developer/Toolchains/XcodeDefault.xctoolchain/usr/bin/install_name_tool: warning: changes being made to the file will invalidate the code signature in: /Users/jaydenmanno/AI/MoneyPrinterTurbo/desktop/build/final/stage/bin/ffmpeg
    install_name_tool -change "/opt/homebrew/Cellar/svt-av1/4.2.0/lib/libSvtAv1Enc.4.2.0.dylib" "@executable_path/../lib/libSvtAv1Enc.4.2.0.dylib" "/Users/jaydenmanno/AI/MoneyPrinterTurbo/desktop/build/final/stage/bin/ffmpeg"
/Applications/Xcode.app/Contents/Developer/Toolchains/XcodeDefault.xctoolchain/usr/bin/install_name_tool: warning: changes being made to the file will invalidate the code signature in: /Users/jaydenmanno/AI/MoneyPrinterTurbo/desktop/build/final/stage/bin/ffmpeg
    install_name_tool -change "/opt/homebrew/opt/svt-av1/lib/libSvtAv1Enc.4.dylib" "@executable_path/../lib/libSvtAv1Enc.4.2.0.dylib" "/Users/jaydenmanno/AI/MoneyPrinterTurbo/desktop/build/final/stage/bin/ffmpeg"
/Applications/Xcode.app/Contents/Developer/Toolchains/XcodeDefault.xctoolchain/usr/bin/install_name_tool: warning: changes being made to the file will invalidate the code signature in: /Users/jaydenmanno/AI/MoneyPrinterTurbo/desktop/build/final/stage/bin/ffmpeg
    install_name_tool -change "/opt/homebrew/Cellar/x264/r3222/lib/libx264.165.dylib" "@executable_path/../lib/libx264.165.dylib" "/Users/jaydenmanno/AI/MoneyPrinterTurbo/desktop/build/final/stage/bin/ffmpeg"
/Applications/Xcode.app/Contents/Developer/Toolchains/XcodeDefault.xctoolchain/usr/bin/install_name_tool: warning: changes being made to the file will invalidate the code signature in: /Users/jaydenmanno/AI/MoneyPrinterTurbo/desktop/build/final/stage/bin/ffmpeg
    install_name_tool -change "/opt/homebrew/opt/x264/lib/libx264.165.dylib" "@executable_path/../lib/libx264.165.dylib" "/Users/jaydenmanno/AI/MoneyPrinterTurbo/desktop/build/final/stage/bin/ffmpeg"
/Applications/Xcode.app/Contents/Developer/Toolchains/XcodeDefault.xctoolchain/usr/bin/install_name_tool: warning: changes being made to the file will invalidate the code signature in: /Users/jaydenmanno/AI/MoneyPrinterTurbo/desktop/build/final/stage/bin/ffmpeg
    install_name_tool -change "/opt/homebrew/Cellar/x265/4.2/lib/libx265.216.dylib" "@executable_path/../lib/libx265.216.dylib" "/Users/jaydenmanno/AI/MoneyPrinterTurbo/desktop/build/final/stage/bin/ffmpeg"
/Applications/Xcode.app/Contents/Developer/Toolchains/XcodeDefault.xctoolchain/usr/bin/install_name_tool: warning: changes being made to the file will invalidate the code signature in: /Users/jaydenmanno/AI/MoneyPrinterTurbo/desktop/build/final/stage/bin/ffmpeg
    install_name_tool -change "/opt/homebrew/opt/x265/lib/libx265.216.dylib" "@executable_path/../lib/libx265.216.dylib" "/Users/jaydenmanno/AI/MoneyPrinterTurbo/desktop/build/final/stage/bin/ffmpeg"
/Applications/Xcode.app/Contents/Developer/Toolchains/XcodeDefault.xctoolchain/usr/bin/install_name_tool: warning: changes being made to the file will invalidate the code signature in: /Users/jaydenmanno/AI/MoneyPrinterTurbo/desktop/build/final/stage/bin/ffmpeg
    codesign --force --deep --preserve-metadata=entitlements,requirements,flags,runtime --sign - "/Users/jaydenmanno/AI/MoneyPrinterTurbo/desktop/build/final/stage/bin/ffmpeg"
/Users/jaydenmanno/AI/MoneyPrinterTurbo/desktop/build/final/stage/bin/ffmpeg: replacing existing signature
* Collecting dependencies............................................................................................................................................................................................................................................................

 * libavdevice.63.1.101.dylib from /opt/homebrew/Cellar/ffmpeg/9.0.1/lib/
     symlink --> /opt/homebrew/Cellar/ffmpeg/9.0.1/lib/libavdevice.63.dylib

 * libavfilter.12.1.101.dylib from /opt/homebrew/Cellar/ffmpeg/9.0.1/lib/
     symlink --> /opt/homebrew/Cellar/ffmpeg/9.0.1/lib/libavfilter.12.dylib

 * libavformat.63.1.101.dylib from /opt/homebrew/Cellar/ffmpeg/9.0.1/lib/
     symlink --> /opt/homebrew/Cellar/ffmpeg/9.0.1/lib/libavformat.63.dylib

 * libavcodec.63.1.101.dylib from /opt/homebrew/Cellar/ffmpeg/9.0.1/lib/
     symlink --> /opt/homebrew/Cellar/ffmpeg/9.0.1/lib/libavcodec.63.dylib

 * libswresample.7.1.101.dylib from /opt/homebrew/Cellar/ffmpeg/9.0.1/lib/
     symlink --> /opt/homebrew/Cellar/ffmpeg/9.0.1/lib/libswresample.7.dylib

 * libswscale.10.1.101.dylib from /opt/homebrew/Cellar/ffmpeg/9.0.1/lib/
     symlink --> /opt/homebrew/Cellar/ffmpeg/9.0.1/lib/libswscale.10.dylib

 * libavutil.61.1.101.dylib from /opt/homebrew/Cellar/ffmpeg/9.0.1/lib/
     symlink --> /opt/homebrew/Cellar/ffmpeg/9.0.1/lib/libavutil.61.dylib

 * libvmaf.3.dylib from /opt/homebrew/Cellar/libvmaf/3.2.0/lib/
     symlink --> /opt/homebrew/opt/libvmaf/lib/libvmaf.3.dylib

 * libssl.3.dylib from /opt/homebrew/Cellar/openssl@3/3.6.3/lib/
     symlink --> /opt/homebrew/opt/openssl@3/lib/libssl.3.dylib

 * libcrypto.3.dylib from /opt/homebrew/Cellar/openssl@3/3.6.3/lib/
     symlink --> /opt/homebrew/opt/openssl@3/lib/libcrypto.3.dylib

 * libvpx.12.dylib from /opt/homebrew/Cellar/libvpx/1.16.0/lib/
     symlink --> /opt/homebrew/opt/libvpx/lib/libvpx.12.dylib

 * liblzma.5.dylib from /opt/homebrew/Cellar/xz/5.8.3/lib/
     symlink --> /opt/homebrew/opt/xz/lib/liblzma.5.dylib

 * libdav1d.7.dylib from /opt/homebrew/Cellar/dav1d/1.5.4/lib/
     symlink --> /opt/homebrew/opt/dav1d/lib/libdav1d.7.dylib

 * libmp3lame.0.dylib from /opt/homebrew/Cellar/lame/4.0/lib/
     symlink --> /opt/homebrew/opt/lame/lib/libmp3lame.0.dylib

 * libopus.0.dylib from /opt/homebrew/Cellar/opus/1.6.1/lib/
     symlink --> /opt/homebrew/opt/opus/lib/libopus.0.dylib

 * libSvtAv1Enc.4.2.0.dylib from /opt/homebrew/Cellar/svt-av1/4.2.0/lib/
     symlink --> /opt/homebrew/opt/svt-av1/lib/libSvtAv1Enc.4.dylib

 * libx264.165.dylib from /opt/homebrew/Cellar/x264/r3222/lib/
     symlink --> /opt/homebrew/opt/x264/lib/libx264.165.dylib

 * libx265.216.dylib from /opt/homebrew/Cellar/x265/4.2/lib/
     symlink --> /opt/homebrew/opt/x265/lib/libx265.216.dylib

 * libmpg123.0.dylib from /opt/homebrew/Cellar/mpg123/1.33.7/lib/
     symlink --> /opt/homebrew/opt/mpg123/lib/libmpg123.0.dylib

* Checking output directory /Users/jaydenmanno/AI/MoneyPrinterTurbo/desktop/build/final/stage/lib/

* Processing dependency /Users/jaydenmanno/AI/MoneyPrinterTurbo/desktop/build/final/stage/lib/libmpg123.0.dylib
    cp -f "/opt/homebrew/Cellar/mpg123/1.33.7/lib/libmpg123.0.dylib" "/Users/jaydenmanno/AI/MoneyPrinterTurbo/desktop/build/final/stage/lib/libmpg123.0.dylib"
    chmod +w "/Users/jaydenmanno/AI/MoneyPrinterTurbo/desktop/build/final/stage/lib/libmpg123.0.dylib"
    install_name_tool -id "@executable_path/../lib/libmpg123.0.dylib" "/Users/jaydenmanno/AI/MoneyPrinterTurbo/desktop/build/final/stage/lib/libmpg123.0.dylib"
/Applications/Xcode.app/Contents/Developer/Toolchains/XcodeDefault.xctoolchain/usr/bin/install_name_tool: warning: changes being made to the file will invalidate the code signature in: /Users/jaydenmanno/AI/MoneyPrinterTurbo/desktop/build/final/stage/lib/libmpg123.0.dylib
    ..
  * Fixing dependencies on /Users/jaydenmanno/AI/MoneyPrinterTurbo/desktop/build/final/stage/lib/libmpg123.0.dylib
    codesign --force --deep --preserve-metadata=entitlements,requirements,flags,runtime --sign - "/Users/jaydenmanno/AI/MoneyPrinterTurbo/desktop/build/final/stage/lib/libmpg123.0.dylib"
/Users/jaydenmanno/AI/MoneyPrinterTurbo/desktop/build/final/stage/lib/libmpg123.0.dylib: replacing existing signature

* Processing dependency /Users/jaydenmanno/AI/MoneyPrinterTurbo/desktop/build/final/stage/lib/libx265.216.dylib
    cp -f "/opt/homebrew/Cellar/x265/4.2/lib/libx265.216.dylib" "/Users/jaydenmanno/AI/MoneyPrinterTurbo/desktop/build/final/stage/lib/libx265.216.dylib"
    chmod +w "/Users/jaydenmanno/AI/MoneyPrinterTurbo/desktop/build/final/stage/lib/libx265.216.dylib"
    install_name_tool -id "@executable_path/../lib/libx265.216.dylib" "/Users/jaydenmanno/AI/MoneyPrinterTurbo/desktop/build/final/stage/lib/libx265.216.dylib"
/Applications/Xcode.app/Contents/Developer/Toolchains/XcodeDefault.xctoolchain/usr/bin/install_name_tool: warning: changes being made to the file will invalidate the code signature in: /Users/jaydenmanno/AI/MoneyPrinterTurbo/desktop/build/final/stage/lib/libx265.216.dylib
    ...
  * Fixing dependencies on /Users/jaydenmanno/AI/MoneyPrinterTurbo/desktop/build/final/stage/lib/libx265.216.dylib
    install_name_tool -rpath "@loader_path/../lib" "@executable_path/../lib/" "/Users/jaydenmanno/AI/MoneyPrinterTurbo/desktop/build/final/stage/lib/libx265.216.dylib"
/Applications/Xcode.app/Contents/Developer/Toolchains/XcodeDefault.xctoolchain/usr/bin/install_name_tool: warning: changes being made to the file will invalidate the code signature in: /Users/jaydenmanno/AI/MoneyPrinterTurbo/desktop/build/final/stage/lib/libx265.216.dylib
    codesign --force --deep --preserve-metadata=entitlements,requirements,flags,runtime --sign - "/Users/jaydenmanno/AI/MoneyPrinterTurbo/desktop/build/final/stage/lib/libx265.216.dylib"
/Users/jaydenmanno/AI/MoneyPrinterTurbo/desktop/build/final/stage/lib/libx265.216.dylib: replacing existing signature

* Processing dependency /Users/jaydenmanno/AI/MoneyPrinterTurbo/desktop/build/final/stage/lib/libx264.165.dylib
    cp -f "/opt/homebrew/Cellar/x264/r3222/lib/libx264.165.dylib" "/Users/jaydenmanno/AI/MoneyPrinterTurbo/desktop/build/final/stage/lib/libx264.165.dylib"
    chmod +w "/Users/jaydenmanno/AI/MoneyPrinterTurbo/desktop/build/final/stage/lib/libx264.165.dylib"
    install_name_tool -id "@executable_path/../lib/libx264.165.dylib" "/Users/jaydenmanno/AI/MoneyPrinterTurbo/desktop/build/final/stage/lib/libx264.165.dylib"
/Applications/Xcode.app/Contents/Developer/Toolchains/XcodeDefault.xctoolchain/usr/bin/install_name_tool: warning: changes being made to the file will invalidate the code signature in: /Users/jaydenmanno/AI/MoneyPrinterTurbo/desktop/build/final/stage/lib/libx264.165.dylib
    ..
  * Fixing dependencies on /Users/jaydenmanno/AI/MoneyPrinterTurbo/desktop/build/final/stage/lib/libx264.165.dylib
    codesign --force --deep --preserve-metadata=entitlements,requirements,flags,runtime --sign - "/Users/jaydenmanno/AI/MoneyPrinterTurbo/desktop/build/final/stage/lib/libx264.165.dylib"
/Users/jaydenmanno/AI/MoneyPrinterTurbo/desktop/build/final/stage/lib/libx264.165.dylib: replacing existing signature

* Processing dependency /Users/jaydenmanno/AI/MoneyPrinterTurbo/desktop/build/final/stage/lib/libSvtAv1Enc.4.2.0.dylib
    cp -f "/opt/homebrew/Cellar/svt-av1/4.2.0/lib/libSvtAv1Enc.4.2.0.dylib" "/Users/jaydenmanno/AI/MoneyPrinterTurbo/desktop/build/final/stage/lib/libSvtAv1Enc.4.2.0.dylib"
    chmod +w "/Users/jaydenmanno/AI/MoneyPrinterTurbo/desktop/build/final/stage/lib/libSvtAv1Enc.4.2.0.dylib"
    install_name_tool -id "@executable_path/../lib/libSvtAv1Enc.4.2.0.dylib" "/Users/jaydenmanno/AI/MoneyPrinterTurbo/desktop/build/final/stage/lib/libSvtAv1Enc.4.2.0.dylib"
/Applications/Xcode.app/Contents/Developer/Toolchains/XcodeDefault.xctoolchain/usr/bin/install_name_tool: warning: changes being made to the file will invalidate the code signature in: /Users/jaydenmanno/AI/MoneyPrinterTurbo/desktop/build/final/stage/lib/libSvtAv1Enc.4.2.0.dylib
    ..
  * Fixing dependencies on /Users/jaydenmanno/AI/MoneyPrinterTurbo/desktop/build/final/stage/lib/libSvtAv1Enc.4.2.0.dylib
    install_name_tool -rpath "@loader_path/../lib" "@executable_path/../lib/" "/Users/jaydenmanno/AI/MoneyPrinterTurbo/desktop/build/final/stage/lib/libSvtAv1Enc.4.2.0.dylib"
/Applications/Xcode.app/Contents/Developer/Toolchains/XcodeDefault.xctoolchain/usr/bin/install_name_tool: warning: changes being made to the file will invalidate the code signature in: /Users/jaydenmanno/AI/MoneyPrinterTurbo/desktop/build/final/stage/lib/libSvtAv1Enc.4.2.0.dylib
    codesign --force --deep --preserve-metadata=entitlements,requirements,flags,runtime --sign - "/Users/jaydenmanno/AI/MoneyPrinterTurbo/desktop/build/final/stage/lib/libSvtAv1Enc.4.2.0.dylib"
/Users/jaydenmanno/AI/MoneyPrinterTurbo/desktop/build/final/stage/lib/libSvtAv1Enc.4.2.0.dylib: replacing existing signature

* Processing dependency /Users/jaydenmanno/AI/MoneyPrinterTurbo/desktop/build/final/stage/lib/libopus.0.dylib
    cp -f "/opt/homebrew/Cellar/opus/1.6.1/lib/libopus.0.dylib" "/Users/jaydenmanno/AI/MoneyPrinterTurbo/desktop/build/final/stage/lib/libopus.0.dylib"
    chmod +w "/Users/jaydenmanno/AI/MoneyPrinterTurbo/desktop/build/final/stage/lib/libopus.0.dylib"
    install_name_tool -id "@executable_path/../lib/libopus.0.dylib" "/Users/jaydenmanno/AI/MoneyPrinterTurbo/desktop/build/final/stage/lib/libopus.0.dylib"
/Applications/Xcode.app/Contents/Developer/Toolchains/XcodeDefault.xctoolchain/usr/bin/install_name_tool: warning: changes being made to the file will invalidate the code signature in: /Users/jaydenmanno/AI/MoneyPrinterTurbo/desktop/build/final/stage/lib/libopus.0.dylib
    ..
  * Fixing dependencies on /Users/jaydenmanno/AI/MoneyPrinterTurbo/desktop/build/final/stage/lib/libopus.0.dylib
    codesign --force --deep --preserve-metadata=entitlements,requirements,flags,runtime --sign - "/Users/jaydenmanno/AI/MoneyPrinterTurbo/desktop/build/final/stage/lib/libopus.0.dylib"
/Users/jaydenmanno/AI/MoneyPrinterTurbo/desktop/build/final/stage/lib/libopus.0.dylib: replacing existing signature

* Processing dependency /Users/jaydenmanno/AI/MoneyPrinterTurbo/desktop/build/final/stage/lib/libmp3lame.0.dylib
    cp -f "/opt/homebrew/Cellar/lame/4.0/lib/libmp3lame.0.dylib" "/Users/jaydenmanno/AI/MoneyPrinterTurbo/desktop/build/final/stage/lib/libmp3lame.0.dylib"
    chmod +w "/Users/jaydenmanno/AI/MoneyPrinterTurbo/desktop/build/final/stage/lib/libmp3lame.0.dylib"
    install_name_tool -id "@executable_path/../lib/libmp3lame.0.dylib" "/Users/jaydenmanno/AI/MoneyPrinterTurbo/desktop/build/final/stage/lib/libmp3lame.0.dylib"
/Applications/Xcode.app/Contents/Developer/Toolchains/XcodeDefault.xctoolchain/usr/bin/install_name_tool: warning: changes being made to the file will invalidate the code signature in: /Users/jaydenmanno/AI/MoneyPrinterTurbo/desktop/build/final/stage/lib/libmp3lame.0.dylib
    ...
  * Fixing dependencies on /Users/jaydenmanno/AI/MoneyPrinterTurbo/desktop/build/final/stage/lib/libmp3lame.0.dylib
    install_name_tool -change "/opt/homebrew/Cellar/mpg123/1.33.7/lib/libmpg123.0.dylib" "@executable_path/../lib/libmpg123.0.dylib" "/Users/jaydenmanno/AI/MoneyPrinterTurbo/desktop/build/final/stage/lib/libmp3lame.0.dylib"
/Applications/Xcode.app/Contents/Developer/Toolchains/XcodeDefault.xctoolchain/usr/bin/install_name_tool: warning: changes being made to the file will invalidate the code signature in: /Users/jaydenmanno/AI/MoneyPrinterTurbo/desktop/build/final/stage/lib/libmp3lame.0.dylib
    install_name_tool -change "/opt/homebrew/opt/mpg123/lib/libmpg123.0.dylib" "@executable_path/../lib/libmpg123.0.dylib" "/Users/jaydenmanno/AI/MoneyPrinterTurbo/desktop/build/final/stage/lib/libmp3lame.0.dylib"
/Applications/Xcode.app/Contents/Developer/Toolchains/XcodeDefault.xctoolchain/usr/bin/install_name_tool: warning: changes being made to the file will invalidate the code signature in: /Users/jaydenmanno/AI/MoneyPrinterTurbo/desktop/build/final/stage/lib/libmp3lame.0.dylib
    codesign --force --deep --preserve-metadata=entitlements,requirements,flags,runtime --sign - "/Users/jaydenmanno/AI/MoneyPrinterTurbo/desktop/build/final/stage/lib/libmp3lame.0.dylib"
/Users/jaydenmanno/AI/MoneyPrinterTurbo/desktop/build/final/stage/lib/libmp3lame.0.dylib: replacing existing signature

* Processing dependency /Users/jaydenmanno/AI/MoneyPrinterTurbo/desktop/build/final/stage/lib/libdav1d.7.dylib
    cp -f "/opt/homebrew/Cellar/dav1d/1.5.4/lib/libdav1d.7.dylib" "/Users/jaydenmanno/AI/MoneyPrinterTurbo/desktop/build/final/stage/lib/libdav1d.7.dylib"
    chmod +w "/Users/jaydenmanno/AI/MoneyPrinterTurbo/desktop/build/final/stage/lib/libdav1d.7.dylib"
    install_name_tool -id "@executable_path/../lib/libdav1d.7.dylib" "/Users/jaydenmanno/AI/MoneyPrinterTurbo/desktop/build/final/stage/lib/libdav1d.7.dylib"
/Applications/Xcode.app/Contents/Developer/Toolchains/XcodeDefault.xctoolchain/usr/bin/install_name_tool: warning: changes being made to the file will invalidate the code signature in: /Users/jaydenmanno/AI/MoneyPrinterTurbo/desktop/build/final/stage/lib/libdav1d.7.dylib
    ..
  * Fixing dependencies on /Users/jaydenmanno/AI/MoneyPrinterTurbo/desktop/build/final/stage/lib/libdav1d.7.dylib
    codesign --force --deep --preserve-metadata=entitlements,requirements,flags,runtime --sign - "/Users/jaydenmanno/AI/MoneyPrinterTurbo/desktop/build/final/stage/lib/libdav1d.7.dylib"
/Users/jaydenmanno/AI/MoneyPrinterTurbo/desktop/build/final/stage/lib/libdav1d.7.dylib: replacing existing signature

* Processing dependency /Users/jaydenmanno/AI/MoneyPrinterTurbo/desktop/build/final/stage/lib/liblzma.5.dylib
    cp -f "/opt/homebrew/Cellar/xz/5.8.3/lib/liblzma.5.dylib" "/Users/jaydenmanno/AI/MoneyPrinterTurbo/desktop/build/final/stage/lib/liblzma.5.dylib"
    chmod +w "/Users/jaydenmanno/AI/MoneyPrinterTurbo/desktop/build/final/stage/lib/liblzma.5.dylib"
    install_name_tool -id "@executable_path/../lib/liblzma.5.dylib" "/Users/jaydenmanno/AI/MoneyPrinterTurbo/desktop/build/final/stage/lib/liblzma.5.dylib"
/Applications/Xcode.app/Contents/Developer/Toolchains/XcodeDefault.xctoolchain/usr/bin/install_name_tool: warning: changes being made to the file will invalidate the code signature in: /Users/jaydenmanno/AI/MoneyPrinterTurbo/desktop/build/final/stage/lib/liblzma.5.dylib
    ..
  * Fixing dependencies on /Users/jaydenmanno/AI/MoneyPrinterTurbo/desktop/build/final/stage/lib/liblzma.5.dylib
    codesign --force --deep --preserve-metadata=entitlements,requirements,flags,runtime --sign - "/Users/jaydenmanno/AI/MoneyPrinterTurbo/desktop/build/final/stage/lib/liblzma.5.dylib"
/Users/jaydenmanno/AI/MoneyPrinterTurbo/desktop/build/final/stage/lib/liblzma.5.dylib: replacing existing signature

* Processing dependency /Users/jaydenmanno/AI/MoneyPrinterTurbo/desktop/build/final/stage/lib/libvpx.12.dylib
    cp -f "/opt/homebrew/Cellar/libvpx/1.16.0/lib/libvpx.12.dylib" "/Users/jaydenmanno/AI/MoneyPrinterTurbo/desktop/build/final/stage/lib/libvpx.12.dylib"
    chmod +w "/Users/jaydenmanno/AI/MoneyPrinterTurbo/desktop/build/final/stage/lib/libvpx.12.dylib"
    install_name_tool -id "@executable_path/../lib/libvpx.12.dylib" "/Users/jaydenmanno/AI/MoneyPrinterTurbo/desktop/build/final/stage/lib/libvpx.12.dylib"
/Applications/Xcode.app/Contents/Developer/Toolchains/XcodeDefault.xctoolchain/usr/bin/install_name_tool: warning: changes being made to the file will invalidate the code signature in: /Users/jaydenmanno/AI/MoneyPrinterTurbo/desktop/build/final/stage/lib/libvpx.12.dylib
    ...
  * Fixing dependencies on /Users/jaydenmanno/AI/MoneyPrinterTurbo/desktop/build/final/stage/lib/libvpx.12.dylib
    codesign --force --deep --preserve-metadata=entitlements,requirements,flags,runtime --sign - "/Users/jaydenmanno/AI/MoneyPrinterTurbo/desktop/build/final/stage/lib/libvpx.12.dylib"
/Users/jaydenmanno/AI/MoneyPrinterTurbo/desktop/build/final/stage/lib/libvpx.12.dylib: replacing existing signature

* Processing dependency /Users/jaydenmanno/AI/MoneyPrinterTurbo/desktop/build/final/stage/lib/libcrypto.3.dylib
    cp -f "/opt/homebrew/Cellar/openssl@3/3.6.3/lib/libcrypto.3.dylib" "/Users/jaydenmanno/AI/MoneyPrinterTurbo/desktop/build/final/stage/lib/libcrypto.3.dylib"
    chmod +w "/Users/jaydenmanno/AI/MoneyPrinterTurbo/desktop/build/final/stage/lib/libcrypto.3.dylib"
    install_name_tool -id "@executable_path/../lib/libcrypto.3.dylib" "/Users/jaydenmanno/AI/MoneyPrinterTurbo/desktop/build/final/stage/lib/libcrypto.3.dylib"
/Applications/Xcode.app/Contents/Developer/Toolchains/XcodeDefault.xctoolchain/usr/bin/install_name_tool: warning: changes being made to the file will invalidate the code signature in: /Users/jaydenmanno/AI/MoneyPrinterTurbo/desktop/build/final/stage/lib/libcrypto.3.dylib
    ..
  * Fixing dependencies on /Users/jaydenmanno/AI/MoneyPrinterTurbo/desktop/build/final/stage/lib/libcrypto.3.dylib
    codesign --force --deep --preserve-metadata=entitlements,requirements,flags,runtime --sign - "/Users/jaydenmanno/AI/MoneyPrinterTurbo/desktop/build/final/stage/lib/libcrypto.3.dylib"
/Users/jaydenmanno/AI/MoneyPrinterTurbo/desktop/build/final/stage/lib/libcrypto.3.dylib: replacing existing signature

* Processing dependency /Users/jaydenmanno/AI/MoneyPrinterTurbo/desktop/build/final/stage/lib/libssl.3.dylib
    cp -f "/opt/homebrew/Cellar/openssl@3/3.6.3/lib/libssl.3.dylib" "/Users/jaydenmanno/AI/MoneyPrinterTurbo/desktop/build/final/stage/lib/libssl.3.dylib"
    chmod +w "/Users/jaydenmanno/AI/MoneyPrinterTurbo/desktop/build/final/stage/lib/libssl.3.dylib"
    install_name_tool -id "@executable_path/../lib/libssl.3.dylib" "/Users/jaydenmanno/AI/MoneyPrinterTurbo/desktop/build/final/stage/lib/libssl.3.dylib"
/Applications/Xcode.app/Contents/Developer/Toolchains/XcodeDefault.xctoolchain/usr/bin/install_name_tool: warning: changes being made to the file will invalidate the code signature in: /Users/jaydenmanno/AI/MoneyPrinterTurbo/desktop/build/final/stage/lib/libssl.3.dylib
    ...
  * Fixing dependencies on /Users/jaydenmanno/AI/MoneyPrinterTurbo/desktop/build/final/stage/lib/libssl.3.dylib
    install_name_tool -change "/opt/homebrew/Cellar/openssl@3/3.6.3/lib/libcrypto.3.dylib" "@executable_path/../lib/libcrypto.3.dylib" "/Users/jaydenmanno/AI/MoneyPrinterTurbo/desktop/build/final/stage/lib/libssl.3.dylib"
/Applications/Xcode.app/Contents/Developer/Toolchains/XcodeDefault.xctoolchain/usr/bin/install_name_tool: warning: changes being made to the file will invalidate the code signature in: /Users/jaydenmanno/AI/MoneyPrinterTurbo/desktop/build/final/stage/lib/libssl.3.dylib
    codesign --force --deep --preserve-metadata=entitlements,requirements,flags,runtime --sign - "/Users/jaydenmanno/AI/MoneyPrinterTurbo/desktop/build/final/stage/lib/libssl.3.dylib"
/Users/jaydenmanno/AI/MoneyPrinterTurbo/desktop/build/final/stage/lib/libssl.3.dylib: replacing existing signature

* Processing dependency /Users/jaydenmanno/AI/MoneyPrinterTurbo/desktop/build/final/stage/lib/libvmaf.3.dylib
    cp -f "/opt/homebrew/Cellar/libvmaf/3.2.0/lib/libvmaf.3.dylib" "/Users/jaydenmanno/AI/MoneyPrinterTurbo/desktop/build/final/stage/lib/libvmaf.3.dylib"
    chmod +w "/Users/jaydenmanno/AI/MoneyPrinterTurbo/desktop/build/final/stage/lib/libvmaf.3.dylib"
    install_name_tool -id "@executable_path/../lib/libvmaf.3.dylib" "/Users/jaydenmanno/AI/MoneyPrinterTurbo/desktop/build/final/stage/lib/libvmaf.3.dylib"
/Applications/Xcode.app/Contents/Developer/Toolchains/XcodeDefault.xctoolchain/usr/bin/install_name_tool: warning: changes being made to the file will invalidate the code signature in: /Users/jaydenmanno/AI/MoneyPrinterTurbo/desktop/build/final/stage/lib/libvmaf.3.dylib
    ...
  * Fixing dependencies on /Users/jaydenmanno/AI/MoneyPrinterTurbo/desktop/build/final/stage/lib/libvmaf.3.dylib
    codesign --force --deep --preserve-metadata=entitlements,requirements,flags,runtime --sign - "/Users/jaydenmanno/AI/MoneyPrinterTurbo/desktop/build/final/stage/lib/libvmaf.3.dylib"
/Users/jaydenmanno/AI/MoneyPrinterTurbo/desktop/build/final/stage/lib/libvmaf.3.dylib: replacing existing signature

* Processing dependency /Users/jaydenmanno/AI/MoneyPrinterTurbo/desktop/build/final/stage/lib/libavutil.61.1.101.dylib
    cp -f "/opt/homebrew/Cellar/ffmpeg/9.0.1/lib/libavutil.61.1.101.dylib" "/Users/jaydenmanno/AI/MoneyPrinterTurbo/desktop/build/final/stage/lib/libavutil.61.1.101.dylib"
    chmod +w "/Users/jaydenmanno/AI/MoneyPrinterTurbo/desktop/build/final/stage/lib/libavutil.61.1.101.dylib"
    install_name_tool -id "@executable_path/../lib/libavutil.61.1.101.dylib" "/Users/jaydenmanno/AI/MoneyPrinterTurbo/desktop/build/final/stage/lib/libavutil.61.1.101.dylib"
/Applications/Xcode.app/Contents/Developer/Toolchains/XcodeDefault.xctoolchain/usr/bin/install_name_tool: warning: changes being made to the file will invalidate the code signature in: /Users/jaydenmanno/AI/MoneyPrinterTurbo/desktop/build/final/stage/lib/libavutil.61.1.101.dylib
    ..........
  * Fixing dependencies on /Users/jaydenmanno/AI/MoneyPrinterTurbo/desktop/build/final/stage/lib/libavutil.61.1.101.dylib
    install_name_tool -change "/opt/homebrew/Cellar/openssl@3/3.6.3/lib/libssl.3.dylib" "@executable_path/../lib/libssl.3.dylib" "/Users/jaydenmanno/AI/MoneyPrinterTurbo/desktop/build/final/stage/lib/libavutil.61.1.101.dylib"
/Applications/Xcode.app/Contents/Developer/Toolchains/XcodeDefault.xctoolchain/usr/bin/install_name_tool: warning: changes being made to the file will invalidate the code signature in: /Users/jaydenmanno/AI/MoneyPrinterTurbo/desktop/build/final/stage/lib/libavutil.61.1.101.dylib
    install_name_tool -change "/opt/homebrew/opt/openssl@3/lib/libssl.3.dylib" "@executable_path/../lib/libssl.3.dylib" "/Users/jaydenmanno/AI/MoneyPrinterTurbo/desktop/build/final/stage/lib/libavutil.61.1.101.dylib"
/Applications/Xcode.app/Contents/Developer/Toolchains/XcodeDefault.xctoolchain/usr/bin/install_name_tool: warning: changes being made to the file will invalidate the code signature in: /Users/jaydenmanno/AI/MoneyPrinterTurbo/desktop/build/final/stage/lib/libavutil.61.1.101.dylib
    install_name_tool -change "/opt/homebrew/Cellar/openssl@3/3.6.3/lib/libcrypto.3.dylib" "@executable_path/../lib/libcrypto.3.dylib" "/Users/jaydenmanno/AI/MoneyPrinterTurbo/desktop/build/final/stage/lib/libavutil.61.1.101.dylib"
/Applications/Xcode.app/Contents/Developer/Toolchains/XcodeDefault.xctoolchain/usr/bin/install_name_tool: warning: changes being made to the file will invalidate the code signature in: /Users/jaydenmanno/AI/MoneyPrinterTurbo/desktop/build/final/stage/lib/libavutil.61.1.101.dylib
    install_name_tool -change "/opt/homebrew/opt/openssl@3/lib/libcrypto.3.dylib" "@executable_path/../lib/libcrypto.3.dylib" "/Users/jaydenmanno/AI/MoneyPrinterTurbo/desktop/build/final/stage/lib/libavutil.61.1.101.dylib"
/Applications/Xcode.app/Contents/Developer/Toolchains/XcodeDefault.xctoolchain/usr/bin/install_name_tool: warning: changes being made to the file will invalidate the code signature in: /Users/jaydenmanno/AI/MoneyPrinterTurbo/desktop/build/final/stage/lib/libavutil.61.1.101.dylib
    codesign --force --deep --preserve-metadata=entitlements,requirements,flags,runtime --sign - "/Users/jaydenmanno/AI/MoneyPrinterTurbo/desktop/build/final/stage/lib/libavutil.61.1.101.dylib"
/Users/jaydenmanno/AI/MoneyPrinterTurbo/desktop/build/final/stage/lib/libavutil.61.1.101.dylib: replacing existing signature

* Processing dependency /Users/jaydenmanno/AI/MoneyPrinterTurbo/desktop/build/final/stage/lib/libswscale.10.1.101.dylib
    cp -f "/opt/homebrew/Cellar/ffmpeg/9.0.1/lib/libswscale.10.1.101.dylib" "/Users/jaydenmanno/AI/MoneyPrinterTurbo/desktop/build/final/stage/lib/libswscale.10.1.101.dylib"
    chmod +w "/Users/jaydenmanno/AI/MoneyPrinterTurbo/desktop/build/final/stage/lib/libswscale.10.1.101.dylib"
    install_name_tool -id "@executable_path/../lib/libswscale.10.1.101.dylib" "/Users/jaydenmanno/AI/MoneyPrinterTurbo/desktop/build/final/stage/lib/libswscale.10.1.101.dylib"
/Applications/Xcode.app/Contents/Developer/Toolchains/XcodeDefault.xctoolchain/usr/bin/install_name_tool: warning: changes being made to the file will invalidate the code signature in: /Users/jaydenmanno/AI/MoneyPrinterTurbo/desktop/build/final/stage/lib/libswscale.10.1.101.dylib
    ...........
  * Fixing dependencies on /Users/jaydenmanno/AI/MoneyPrinterTurbo/desktop/build/final/stage/lib/libswscale.10.1.101.dylib
    install_name_tool -change "/opt/homebrew/Cellar/ffmpeg/9.0.1/lib/libavutil.61.1.101.dylib" "@executable_path/../lib/libavutil.61.1.101.dylib" "/Users/jaydenmanno/AI/MoneyPrinterTurbo/desktop/build/final/stage/lib/libswscale.10.1.101.dylib"
/Applications/Xcode.app/Contents/Developer/Toolchains/XcodeDefault.xctoolchain/usr/bin/install_name_tool: warning: changes being made to the file will invalidate the code signature in: /Users/jaydenmanno/AI/MoneyPrinterTurbo/desktop/build/final/stage/lib/libswscale.10.1.101.dylib
    install_name_tool -change "/opt/homebrew/Cellar/ffmpeg/9.0.1/lib/libavutil.61.dylib" "@executable_path/../lib/libavutil.61.1.101.dylib" "/Users/jaydenmanno/AI/MoneyPrinterTurbo/desktop/build/final/stage/lib/libswscale.10.1.101.dylib"
/Applications/Xcode.app/Contents/Developer/Toolchains/XcodeDefault.xctoolchain/usr/bin/install_name_tool: warning: changes being made to the file will invalidate the code signature in: /Users/jaydenmanno/AI/MoneyPrinterTurbo/desktop/build/final/stage/lib/libswscale.10.1.101.dylib
    install_name_tool -change "/opt/homebrew/Cellar/openssl@3/3.6.3/lib/libssl.3.dylib" "@executable_path/../lib/libssl.3.dylib" "/Users/jaydenmanno/AI/MoneyPrinterTurbo/desktop/build/final/stage/lib/libswscale.10.1.101.dylib"
/Applications/Xcode.app/Contents/Developer/Toolchains/XcodeDefault.xctoolchain/usr/bin/install_name_tool: warning: changes being made to the file will invalidate the code signature in: /Users/jaydenmanno/AI/MoneyPrinterTurbo/desktop/build/final/stage/lib/libswscale.10.1.101.dylib
    install_name_tool -change "/opt/homebrew/opt/openssl@3/lib/libssl.3.dylib" "@executable_path/../lib/libssl.3.dylib" "/Users/jaydenmanno/AI/MoneyPrinterTurbo/desktop/build/final/stage/lib/libswscale.10.1.101.dylib"
/Applications/Xcode.app/Contents/Developer/Toolchains/XcodeDefault.xctoolchain/usr/bin/install_name_tool: warning: changes being made to the file will invalidate the code signature in: /Users/jaydenmanno/AI/MoneyPrinterTurbo/desktop/build/final/stage/lib/libswscale.10.1.101.dylib
    install_name_tool -change "/opt/homebrew/Cellar/openssl@3/3.6.3/lib/libcrypto.3.dylib" "@executable_path/../lib/libcrypto.3.dylib" "/Users/jaydenmanno/AI/MoneyPrinterTurbo/desktop/build/final/stage/lib/libswscale.10.1.101.dylib"
/Applications/Xcode.app/Contents/Developer/Toolchains/XcodeDefault.xctoolchain/usr/bin/install_name_tool: warning: changes being made to the file will invalidate the code signature in: /Users/jaydenmanno/AI/MoneyPrinterTurbo/desktop/build/final/stage/lib/libswscale.10.1.101.dylib
    install_name_tool -change "/opt/homebrew/opt/openssl@3/lib/libcrypto.3.dylib" "@executable_path/../lib/libcrypto.3.dylib" "/Users/jaydenmanno/AI/MoneyPrinterTurbo/desktop/build/final/stage/lib/libswscale.10.1.101.dylib"
/Applications/Xcode.app/Contents/Developer/Toolchains/XcodeDefault.xctoolchain/usr/bin/install_name_tool: warning: changes being made to the file will invalidate the code signature in: /Users/jaydenmanno/AI/MoneyPrinterTurbo/desktop/build/final/stage/lib/libswscale.10.1.101.dylib
    codesign --force --deep --preserve-metadata=entitlements,requirements,flags,runtime --sign - "/Users/jaydenmanno/AI/MoneyPrinterTurbo/desktop/build/final/stage/lib/libswscale.10.1.101.dylib"
/Users/jaydenmanno/AI/MoneyPrinterTurbo/desktop/build/final/stage/lib/libswscale.10.1.101.dylib: replacing existing signature

* Processing dependency /Users/jaydenmanno/AI/MoneyPrinterTurbo/desktop/build/final/stage/lib/libswresample.7.1.101.dylib
    cp -f "/opt/homebrew/Cellar/ffmpeg/9.0.1/lib/libswresample.7.1.101.dylib" "/Users/jaydenmanno/AI/MoneyPrinterTurbo/desktop/build/final/stage/lib/libswresample.7.1.101.dylib"
    chmod +w "/Users/jaydenmanno/AI/MoneyPrinterTurbo/desktop/build/final/stage/lib/libswresample.7.1.101.dylib"
    install_name_tool -id "@executable_path/../lib/libswresample.7.1.101.dylib" "/Users/jaydenmanno/AI/MoneyPrinterTurbo/desktop/build/final/stage/lib/libswresample.7.1.101.dylib"
/Applications/Xcode.app/Contents/Developer/Toolchains/XcodeDefault.xctoolchain/usr/bin/install_name_tool: warning: changes being made to the file will invalidate the code signature in: /Users/jaydenmanno/AI/MoneyPrinterTurbo/desktop/build/final/stage/lib/libswresample.7.1.101.dylib
    ...........
  * Fixing dependencies on /Users/jaydenmanno/AI/MoneyPrinterTurbo/desktop/build/final/stage/lib/libswresample.7.1.101.dylib
    install_name_tool -change "/opt/homebrew/Cellar/ffmpeg/9.0.1/lib/libavutil.61.1.101.dylib" "@executable_path/../lib/libavutil.61.1.101.dylib" "/Users/jaydenmanno/AI/MoneyPrinterTurbo/desktop/build/final/stage/lib/libswresample.7.1.101.dylib"
/Applications/Xcode.app/Contents/Developer/Toolchains/XcodeDefault.xctoolchain/usr/bin/install_name_tool: warning: changes being made to the file will invalidate the code signature in: /Users/jaydenmanno/AI/MoneyPrinterTurbo/desktop/build/final/stage/lib/libswresample.7.1.101.dylib
    install_name_tool -change "/opt/homebrew/Cellar/ffmpeg/9.0.1/lib/libavutil.61.dylib" "@executable_path/../lib/libavutil.61.1.101.dylib" "/Users/jaydenmanno/AI/MoneyPrinterTurbo/desktop/build/final/stage/lib/libswresample.7.1.101.dylib"
/Applications/Xcode.app/Contents/Developer/Toolchains/XcodeDefault.xctoolchain/usr/bin/install_name_tool: warning: changes being made to the file will invalidate the code signature in: /Users/jaydenmanno/AI/MoneyPrinterTurbo/desktop/build/final/stage/lib/libswresample.7.1.101.dylib
    install_name_tool -change "/opt/homebrew/Cellar/openssl@3/3.6.3/lib/libssl.3.dylib" "@executable_path/../lib/libssl.3.dylib" "/Users/jaydenmanno/AI/MoneyPrinterTurbo/desktop/build/final/stage/lib/libswresample.7.1.101.dylib"
/Applications/Xcode.app/Contents/Developer/Toolchains/XcodeDefault.xctoolchain/usr/bin/install_name_tool: warning: changes being made to the file will invalidate the code signature in: /Users/jaydenmanno/AI/MoneyPrinterTurbo/desktop/build/final/stage/lib/libswresample.7.1.101.dylib
    install_name_tool -change "/opt/homebrew/opt/openssl@3/lib/libssl.3.dylib" "@executable_path/../lib/libssl.3.dylib" "/Users/jaydenmanno/AI/MoneyPrinterTurbo/desktop/build/final/stage/lib/libswresample.7.1.101.dylib"
/Applications/Xcode.app/Contents/Developer/Toolchains/XcodeDefault.xctoolchain/usr/bin/install_name_tool: warning: changes being made to the file will invalidate the code signature in: /Users/jaydenmanno/AI/MoneyPrinterTurbo/desktop/build/final/stage/lib/libswresample.7.1.101.dylib
    install_name_tool -change "/opt/homebrew/Cellar/openssl@3/3.6.3/lib/libcrypto.3.dylib" "@executable_path/../lib/libcrypto.3.dylib" "/Users/jaydenmanno/AI/MoneyPrinterTurbo/desktop/build/final/stage/lib/libswresample.7.1.101.dylib"
/Applications/Xcode.app/Contents/Developer/Toolchains/XcodeDefault.xctoolchain/usr/bin/install_name_tool: warning: changes being made to the file will invalidate the code signature in: /Users/jaydenmanno/AI/MoneyPrinterTurbo/desktop/build/final/stage/lib/libswresample.7.1.101.dylib
    install_name_tool -change "/opt/homebrew/opt/openssl@3/lib/libcrypto.3.dylib" "@executable_path/../lib/libcrypto.3.dylib" "/Users/jaydenmanno/AI/MoneyPrinterTurbo/desktop/build/final/stage/lib/libswresample.7.1.101.dylib"
/Applications/Xcode.app/Contents/Developer/Toolchains/XcodeDefault.xctoolchain/usr/bin/install_name_tool: warning: changes being made to the file will invalidate the code signature in: /Users/jaydenmanno/AI/MoneyPrinterTurbo/desktop/build/final/stage/lib/libswresample.7.1.101.dylib
    codesign --force --deep --preserve-metadata=entitlements,requirements,flags,runtime --sign - "/Users/jaydenmanno/AI/MoneyPrinterTurbo/desktop/build/final/stage/lib/libswresample.7.1.101.dylib"
/Users/jaydenmanno/AI/MoneyPrinterTurbo/desktop/build/final/stage/lib/libswresample.7.1.101.dylib: replacing existing signature

* Processing dependency /Users/jaydenmanno/AI/MoneyPrinterTurbo/desktop/build/final/stage/lib/libavcodec.63.1.101.dylib
    cp -f "/opt/homebrew/Cellar/ffmpeg/9.0.1/lib/libavcodec.63.1.101.dylib" "/Users/jaydenmanno/AI/MoneyPrinterTurbo/desktop/build/final/stage/lib/libavcodec.63.1.101.dylib"
    chmod +w "/Users/jaydenmanno/AI/MoneyPrinterTurbo/desktop/build/final/stage/lib/libavcodec.63.1.101.dylib"
    install_name_tool -id "@executable_path/../lib/libavcodec.63.1.101.dylib" "/Users/jaydenmanno/AI/MoneyPrinterTurbo/desktop/build/final/stage/lib/libavcodec.63.1.101.dylib"
/Applications/Xcode.app/Contents/Developer/Toolchains/XcodeDefault.xctoolchain/usr/bin/install_name_tool: warning: changes being made to the file will invalidate the code signature in: /Users/jaydenmanno/AI/MoneyPrinterTurbo/desktop/build/final/stage/lib/libavcodec.63.1.101.dylib
    ......................
  * Fixing dependencies on /Users/jaydenmanno/AI/MoneyPrinterTurbo/desktop/build/final/stage/lib/libavcodec.63.1.101.dylib
    install_name_tool -change "/opt/homebrew/Cellar/ffmpeg/9.0.1/lib/libswresample.7.1.101.dylib" "@executable_path/../lib/libswresample.7.1.101.dylib" "/Users/jaydenmanno/AI/MoneyPrinterTurbo/desktop/build/final/stage/lib/libavcodec.63.1.101.dylib"
/Applications/Xcode.app/Contents/Developer/Toolchains/XcodeDefault.xctoolchain/usr/bin/install_name_tool: warning: changes being made to the file will invalidate the code signature in: /Users/jaydenmanno/AI/MoneyPrinterTurbo/desktop/build/final/stage/lib/libavcodec.63.1.101.dylib
    install_name_tool -change "/opt/homebrew/Cellar/ffmpeg/9.0.1/lib/libswresample.7.dylib" "@executable_path/../lib/libswresample.7.1.101.dylib" "/Users/jaydenmanno/AI/MoneyPrinterTurbo/desktop/build/final/stage/lib/libavcodec.63.1.101.dylib"
/Applications/Xcode.app/Contents/Developer/Toolchains/XcodeDefault.xctoolchain/usr/bin/install_name_tool: warning: changes being made to the file will invalidate the code signature in: /Users/jaydenmanno/AI/MoneyPrinterTurbo/desktop/build/final/stage/lib/libavcodec.63.1.101.dylib
    install_name_tool -change "/opt/homebrew/Cellar/ffmpeg/9.0.1/lib/libavutil.61.1.101.dylib" "@executable_path/../lib/libavutil.61.1.101.dylib" "/Users/jaydenmanno/AI/MoneyPrinterTurbo/desktop/build/final/stage/lib/libavcodec.63.1.101.dylib"
/Applications/Xcode.app/Contents/Developer/Toolchains/XcodeDefault.xctoolchain/usr/bin/install_name_tool: warning: changes being made to the file will invalidate the code signature in: /Users/jaydenmanno/AI/MoneyPrinterTurbo/desktop/build/final/stage/lib/libavcodec.63.1.101.dylib
    install_name_tool -change "/opt/homebrew/Cellar/ffmpeg/9.0.1/lib/libavutil.61.dylib" "@executable_path/../lib/libavutil.61.1.101.dylib" "/Users/jaydenmanno/AI/MoneyPrinterTurbo/desktop/build/final/stage/lib/libavcodec.63.1.101.dylib"
/Applications/Xcode.app/Contents/Developer/Toolchains/XcodeDefault.xctoolchain/usr/bin/install_name_tool: warning: changes being made to the file will invalidate the code signature in: /Users/jaydenmanno/AI/MoneyPrinterTurbo/desktop/build/final/stage/lib/libavcodec.63.1.101.dylib
    install_name_tool -change "/opt/homebrew/Cellar/libvpx/1.16.0/lib/libvpx.12.dylib" "@executable_path/../lib/libvpx.12.dylib" "/Users/jaydenmanno/AI/MoneyPrinterTurbo/desktop/build/final/stage/lib/libavcodec.63.1.101.dylib"
/Applications/Xcode.app/Contents/Developer/Toolchains/XcodeDefault.xctoolchain/usr/bin/install_name_tool: warning: changes being made to the file will invalidate the code signature in: /Users/jaydenmanno/AI/MoneyPrinterTurbo/desktop/build/final/stage/lib/libavcodec.63.1.101.dylib
    install_name_tool -change "/opt/homebrew/opt/libvpx/lib/libvpx.12.dylib" "@executable_path/../lib/libvpx.12.dylib" "/Users/jaydenmanno/AI/MoneyPrinterTurbo/desktop/build/final/stage/lib/libavcodec.63.1.101.dylib"
/Applications/Xcode.app/Contents/Developer/Toolchains/XcodeDefault.xctoolchain/usr/bin/install_name_tool: warning: changes being made to the file will invalidate the code signature in: /Users/jaydenmanno/AI/MoneyPrinterTurbo/desktop/build/final/stage/lib/libavcodec.63.1.101.dylib
    install_name_tool -change "/opt/homebrew/Cellar/xz/5.8.3/lib/liblzma.5.dylib" "@executable_path/../lib/liblzma.5.dylib" "/Users/jaydenmanno/AI/MoneyPrinterTurbo/desktop/build/final/stage/lib/libavcodec.63.1.101.dylib"
/Applications/Xcode.app/Contents/Developer/Toolchains/XcodeDefault.xctoolchain/usr/bin/install_name_tool: warning: changes being made to the file will invalidate the code signature in: /Users/jaydenmanno/AI/MoneyPrinterTurbo/desktop/build/final/stage/lib/libavcodec.63.1.101.dylib
    install_name_tool -change "/opt/homebrew/opt/xz/lib/liblzma.5.dylib" "@executable_path/../lib/liblzma.5.dylib" "/Users/jaydenmanno/AI/MoneyPrinterTurbo/desktop/build/final/stage/lib/libavcodec.63.1.101.dylib"
/Applications/Xcode.app/Contents/Developer/Toolchains/XcodeDefault.xctoolchain/usr/bin/install_name_tool: warning: changes being made to the file will invalidate the code signature in: /Users/jaydenmanno/AI/MoneyPrinterTurbo/desktop/build/final/stage/lib/libavcodec.63.1.101.dylib
    install_name_tool -change "/opt/homebrew/Cellar/dav1d/1.5.4/lib/libdav1d.7.dylib" "@executable_path/../lib/libdav1d.7.dylib" "/Users/jaydenmanno/AI/MoneyPrinterTurbo/desktop/build/final/stage/lib/libavcodec.63.1.101.dylib"
/Applications/Xcode.app/Contents/Developer/Toolchains/XcodeDefault.xctoolchain/usr/bin/install_name_tool: warning: changes being made to the file will invalidate the code signature in: /Users/jaydenmanno/AI/MoneyPrinterTurbo/desktop/build/final/stage/lib/libavcodec.63.1.101.dylib
    install_name_tool -change "/opt/homebrew/opt/dav1d/lib/libdav1d.7.dylib" "@executable_path/../lib/libdav1d.7.dylib" "/Users/jaydenmanno/AI/MoneyPrinterTurbo/desktop/build/final/stage/lib/libavcodec.63.1.101.dylib"
/Applications/Xcode.app/Contents/Developer/Toolchains/XcodeDefault.xctoolchain/usr/bin/install_name_tool: warning: changes being made to the file will invalidate the code signature in: /Users/jaydenmanno/AI/MoneyPrinterTurbo/desktop/build/final/stage/lib/libavcodec.63.1.101.dylib
    install_name_tool -change "/opt/homebrew/Cellar/lame/4.0/lib/libmp3lame.0.dylib" "@executable_path/../lib/libmp3lame.0.dylib" "/Users/jaydenmanno/AI/MoneyPrinterTurbo/desktop/build/final/stage/lib/libavcodec.63.1.101.dylib"
/Applications/Xcode.app/Contents/Developer/Toolchains/XcodeDefault.xctoolchain/usr/bin/install_name_tool: warning: changes being made to the file will invalidate the code signature in: /Users/jaydenmanno/AI/MoneyPrinterTurbo/desktop/build/final/stage/lib/libavcodec.63.1.101.dylib
    install_name_tool -change "/opt/homebrew/opt/lame/lib/libmp3lame.0.dylib" "@executable_path/../lib/libmp3lame.0.dylib" "/Users/jaydenmanno/AI/MoneyPrinterTurbo/desktop/build/final/stage/lib/libavcodec.63.1.101.dylib"
/Applications/Xcode.app/Contents/Developer/Toolchains/XcodeDefault.xctoolchain/usr/bin/install_name_tool: warning: changes being made to the file will invalidate the code signature in: /Users/jaydenmanno/AI/MoneyPrinterTurbo/desktop/build/final/stage/lib/libavcodec.63.1.101.dylib
    install_name_tool -change "/opt/homebrew/Cellar/opus/1.6.1/lib/libopus.0.dylib" "@executable_path/../lib/libopus.0.dylib" "/Users/jaydenmanno/AI/MoneyPrinterTurbo/desktop/build/final/stage/lib/libavcodec.63.1.101.dylib"
/Applications/Xcode.app/Contents/Developer/Toolchains/XcodeDefault.xctoolchain/usr/bin/install_name_tool: warning: changes being made to the file will invalidate the code signature in: /Users/jaydenmanno/AI/MoneyPrinterTurbo/desktop/build/final/stage/lib/libavcodec.63.1.101.dylib
    install_name_tool -change "/opt/homebrew/opt/opus/lib/libopus.0.dylib" "@executable_path/../lib/libopus.0.dylib" "/Users/jaydenmanno/AI/MoneyPrinterTurbo/desktop/build/final/stage/lib/libavcodec.63.1.101.dylib"
/Applications/Xcode.app/Contents/Developer/Toolchains/XcodeDefault.xctoolchain/usr/bin/install_name_tool: warning: changes being made to the file will invalidate the code signature in: /Users/jaydenmanno/AI/MoneyPrinterTurbo/desktop/build/final/stage/lib/libavcodec.63.1.101.dylib
    install_name_tool -change "/opt/homebrew/Cellar/svt-av1/4.2.0/lib/libSvtAv1Enc.4.2.0.dylib" "@executable_path/../lib/libSvtAv1Enc.4.2.0.dylib" "/Users/jaydenmanno/AI/MoneyPrinterTurbo/desktop/build/final/stage/lib/libavcodec.63.1.101.dylib"
/Applications/Xcode.app/Contents/Developer/Toolchains/XcodeDefault.xctoolchain/usr/bin/install_name_tool: warning: changes being made to the file will invalidate the code signature in: /Users/jaydenmanno/AI/MoneyPrinterTurbo/desktop/build/final/stage/lib/libavcodec.63.1.101.dylib
    install_name_tool -change "/opt/homebrew/opt/svt-av1/lib/libSvtAv1Enc.4.dylib" "@executable_path/../lib/libSvtAv1Enc.4.2.0.dylib" "/Users/jaydenmanno/AI/MoneyPrinterTurbo/desktop/build/final/stage/lib/libavcodec.63.1.101.dylib"
/Applications/Xcode.app/Contents/Developer/Toolchains/XcodeDefault.xctoolchain/usr/bin/install_name_tool: warning: changes being made to the file will invalidate the code signature in: /Users/jaydenmanno/AI/MoneyPrinterTurbo/desktop/build/final/stage/lib/libavcodec.63.1.101.dylib
    install_name_tool -change "/opt/homebrew/Cellar/x264/r3222/lib/libx264.165.dylib" "@executable_path/../lib/libx264.165.dylib" "/Users/jaydenmanno/AI/MoneyPrinterTurbo/desktop/build/final/stage/lib/libavcodec.63.1.101.dylib"
/Applications/Xcode.app/Contents/Developer/Toolchains/XcodeDefault.xctoolchain/usr/bin/install_name_tool: warning: changes being made to the file will invalidate the code signature in: /Users/jaydenmanno/AI/MoneyPrinterTurbo/desktop/build/final/stage/lib/libavcodec.63.1.101.dylib
    install_name_tool -change "/opt/homebrew/opt/x264/lib/libx264.165.dylib" "@executable_path/../lib/libx264.165.dylib" "/Users/jaydenmanno/AI/MoneyPrinterTurbo/desktop/build/final/stage/lib/libavcodec.63.1.101.dylib"
/Applications/Xcode.app/Contents/Developer/Toolchains/XcodeDefault.xctoolchain/usr/bin/install_name_tool: warning: changes being made to the file will invalidate the code signature in: /Users/jaydenmanno/AI/MoneyPrinterTurbo/desktop/build/final/stage/lib/libavcodec.63.1.101.dylib
    install_name_tool -change "/opt/homebrew/Cellar/x265/4.2/lib/libx265.216.dylib" "@executable_path/../lib/libx265.216.dylib" "/Users/jaydenmanno/AI/MoneyPrinterTurbo/desktop/build/final/stage/lib/libavcodec.63.1.101.dylib"
/Applications/Xcode.app/Contents/Developer/Toolchains/XcodeDefault.xctoolchain/usr/bin/install_name_tool: warning: changes being made to the file will invalidate the code signature in: /Users/jaydenmanno/AI/MoneyPrinterTurbo/desktop/build/final/stage/lib/libavcodec.63.1.101.dylib
    install_name_tool -change "/opt/homebrew/opt/x265/lib/libx265.216.dylib" "@executable_path/../lib/libx265.216.dylib" "/Users/jaydenmanno/AI/MoneyPrinterTurbo/desktop/build/final/stage/lib/libavcodec.63.1.101.dylib"
/Applications/Xcode.app/Contents/Developer/Toolchains/XcodeDefault.xctoolchain/usr/bin/install_name_tool: warning: changes being made to the file will invalidate the code signature in: /Users/jaydenmanno/AI/MoneyPrinterTurbo/desktop/build/final/stage/lib/libavcodec.63.1.101.dylib
    install_name_tool -change "/opt/homebrew/Cellar/openssl@3/3.6.3/lib/libssl.3.dylib" "@executable_path/../lib/libssl.3.dylib" "/Users/jaydenmanno/AI/MoneyPrinterTurbo/desktop/build/final/stage/lib/libavcodec.63.1.101.dylib"
/Applications/Xcode.app/Contents/Developer/Toolchains/XcodeDefault.xctoolchain/usr/bin/install_name_tool: warning: changes being made to the file will invalidate the code signature in: /Users/jaydenmanno/AI/MoneyPrinterTurbo/desktop/build/final/stage/lib/libavcodec.63.1.101.dylib
    install_name_tool -change "/opt/homebrew/opt/openssl@3/lib/libssl.3.dylib" "@executable_path/../lib/libssl.3.dylib" "/Users/jaydenmanno/AI/MoneyPrinterTurbo/desktop/build/final/stage/lib/libavcodec.63.1.101.dylib"
/Applications/Xcode.app/Contents/Developer/Toolchains/XcodeDefault.xctoolchain/usr/bin/install_name_tool: warning: changes being made to the file will invalidate the code signature in: /Users/jaydenmanno/AI/MoneyPrinterTurbo/desktop/build/final/stage/lib/libavcodec.63.1.101.dylib
    install_name_tool -change "/opt/homebrew/Cellar/openssl@3/3.6.3/lib/libcrypto.3.dylib" "@executable_path/../lib/libcrypto.3.dylib" "/Users/jaydenmanno/AI/MoneyPrinterTurbo/desktop/build/final/stage/lib/libavcodec.63.1.101.dylib"
/Applications/Xcode.app/Contents/Developer/Toolchains/XcodeDefault.xctoolchain/usr/bin/install_name_tool: warning: changes being made to the file will invalidate the code signature in: /Users/jaydenmanno/AI/MoneyPrinterTurbo/desktop/build/final/stage/lib/libavcodec.63.1.101.dylib
    install_name_tool -change "/opt/homebrew/opt/openssl@3/lib/libcrypto.3.dylib" "@executable_path/../lib/libcrypto.3.dylib" "/Users/jaydenmanno/AI/MoneyPrinterTurbo/desktop/build/final/stage/lib/libavcodec.63.1.101.dylib"
/Applications/Xcode.app/Contents/Developer/Toolchains/XcodeDefault.xctoolchain/usr/bin/install_name_tool: warning: changes being made to the file will invalidate the code signature in: /Users/jaydenmanno/AI/MoneyPrinterTurbo/desktop/build/final/stage/lib/libavcodec.63.1.101.dylib
    codesign --force --deep --preserve-metadata=entitlements,requirements,flags,runtime --sign - "/Users/jaydenmanno/AI/MoneyPrinterTurbo/desktop/build/final/stage/lib/libavcodec.63.1.101.dylib"
/Users/jaydenmanno/AI/MoneyPrinterTurbo/desktop/build/final/stage/lib/libavcodec.63.1.101.dylib: replacing existing signature

* Processing dependency /Users/jaydenmanno/AI/MoneyPrinterTurbo/desktop/build/final/stage/lib/libavformat.63.1.101.dylib
    cp -f "/opt/homebrew/Cellar/ffmpeg/9.0.1/lib/libavformat.63.1.101.dylib" "/Users/jaydenmanno/AI/MoneyPrinterTurbo/desktop/build/final/stage/lib/libavformat.63.1.101.dylib"
    chmod +w "/Users/jaydenmanno/AI/MoneyPrinterTurbo/desktop/build/final/stage/lib/libavformat.63.1.101.dylib"
    install_name_tool -id "@executable_path/../lib/libavformat.63.1.101.dylib" "/Users/jaydenmanno/AI/MoneyPrinterTurbo/desktop/build/final/stage/lib/libavformat.63.1.101.dylib"
/Applications/Xcode.app/Contents/Developer/Toolchains/XcodeDefault.xctoolchain/usr/bin/install_name_tool: warning: changes being made to the file will invalidate the code signature in: /Users/jaydenmanno/AI/MoneyPrinterTurbo/desktop/build/final/stage/lib/libavformat.63.1.101.dylib
    ........................
  * Fixing dependencies on /Users/jaydenmanno/AI/MoneyPrinterTurbo/desktop/build/final/stage/lib/libavformat.63.1.101.dylib
    install_name_tool -change "/opt/homebrew/Cellar/ffmpeg/9.0.1/lib/libavcodec.63.1.101.dylib" "@executable_path/../lib/libavcodec.63.1.101.dylib" "/Users/jaydenmanno/AI/MoneyPrinterTurbo/desktop/build/final/stage/lib/libavformat.63.1.101.dylib"
/Applications/Xcode.app/Contents/Developer/Toolchains/XcodeDefault.xctoolchain/usr/bin/install_name_tool: warning: changes being made to the file will invalidate the code signature in: /Users/jaydenmanno/AI/MoneyPrinterTurbo/desktop/build/final/stage/lib/libavformat.63.1.101.dylib
    install_name_tool -change "/opt/homebrew/Cellar/ffmpeg/9.0.1/lib/libavcodec.63.dylib" "@executable_path/../lib/libavcodec.63.1.101.dylib" "/Users/jaydenmanno/AI/MoneyPrinterTurbo/desktop/build/final/stage/lib/libavformat.63.1.101.dylib"
/Applications/Xcode.app/Contents/Developer/Toolchains/XcodeDefault.xctoolchain/usr/bin/install_name_tool: warning: changes being made to the file will invalidate the code signature in: /Users/jaydenmanno/AI/MoneyPrinterTurbo/desktop/build/final/stage/lib/libavformat.63.1.101.dylib
    install_name_tool -change "/opt/homebrew/Cellar/ffmpeg/9.0.1/lib/libswresample.7.1.101.dylib" "@executable_path/../lib/libswresample.7.1.101.dylib" "/Users/jaydenmanno/AI/MoneyPrinterTurbo/desktop/build/final/stage/lib/libavformat.63.1.101.dylib"
/Applications/Xcode.app/Contents/Developer/Toolchains/XcodeDefault.xctoolchain/usr/bin/install_name_tool: warning: changes being made to the file will invalidate the code signature in: /Users/jaydenmanno/AI/MoneyPrinterTurbo/desktop/build/final/stage/lib/libavformat.63.1.101.dylib
    install_name_tool -change "/opt/homebrew/Cellar/ffmpeg/9.0.1/lib/libswresample.7.dylib" "@executable_path/../lib/libswresample.7.1.101.dylib" "/Users/jaydenmanno/AI/MoneyPrinterTurbo/desktop/build/final/stage/lib/libavformat.63.1.101.dylib"
/Applications/Xcode.app/Contents/Developer/Toolchains/XcodeDefault.xctoolchain/usr/bin/install_name_tool: warning: changes being made to the file will invalidate the code signature in: /Users/jaydenmanno/AI/MoneyPrinterTurbo/desktop/build/final/stage/lib/libavformat.63.1.101.dylib
    install_name_tool -change "/opt/homebrew/Cellar/ffmpeg/9.0.1/lib/libavutil.61.1.101.dylib" "@executable_path/../lib/libavutil.61.1.101.dylib" "/Users/jaydenmanno/AI/MoneyPrinterTurbo/desktop/build/final/stage/lib/libavformat.63.1.101.dylib"
/Applications/Xcode.app/Contents/Developer/Toolchains/XcodeDefault.xctoolchain/usr/bin/install_name_tool: warning: changes being made to the file will invalidate the code signature in: /Users/jaydenmanno/AI/MoneyPrinterTurbo/desktop/build/final/stage/lib/libavformat.63.1.101.dylib
    install_name_tool -change "/opt/homebrew/Cellar/ffmpeg/9.0.1/lib/libavutil.61.dylib" "@executable_path/../lib/libavutil.61.1.101.dylib" "/Users/jaydenmanno/AI/MoneyPrinterTurbo/desktop/build/final/stage/lib/libavformat.63.1.101.dylib"
/Applications/Xcode.app/Contents/Developer/Toolchains/XcodeDefault.xctoolchain/usr/bin/install_name_tool: warning: changes being made to the file will invalidate the code signature in: /Users/jaydenmanno/AI/MoneyPrinterTurbo/desktop/build/final/stage/lib/libavformat.63.1.101.dylib
    install_name_tool -change "/opt/homebrew/Cellar/openssl@3/3.6.3/lib/libssl.3.dylib" "@executable_path/../lib/libssl.3.dylib" "/Users/jaydenmanno/AI/MoneyPrinterTurbo/desktop/build/final/stage/lib/libavformat.63.1.101.dylib"
/Applications/Xcode.app/Contents/Developer/Toolchains/XcodeDefault.xctoolchain/usr/bin/install_name_tool: warning: changes being made to the file will invalidate the code signature in: /Users/jaydenmanno/AI/MoneyPrinterTurbo/desktop/build/final/stage/lib/libavformat.63.1.101.dylib
    install_name_tool -change "/opt/homebrew/opt/openssl@3/lib/libssl.3.dylib" "@executable_path/../lib/libssl.3.dylib" "/Users/jaydenmanno/AI/MoneyPrinterTurbo/desktop/build/final/stage/lib/libavformat.63.1.101.dylib"
/Applications/Xcode.app/Contents/Developer/Toolchains/XcodeDefault.xctoolchain/usr/bin/install_name_tool: warning: changes being made to the file will invalidate the code signature in: /Users/jaydenmanno/AI/MoneyPrinterTurbo/desktop/build/final/stage/lib/libavformat.63.1.101.dylib
    install_name_tool -change "/opt/homebrew/Cellar/openssl@3/3.6.3/lib/libcrypto.3.dylib" "@executable_path/../lib/libcrypto.3.dylib" "/Users/jaydenmanno/AI/MoneyPrinterTurbo/desktop/build/final/stage/lib/libavformat.63.1.101.dylib"
/Applications/Xcode.app/Contents/Developer/Toolchains/XcodeDefault.xctoolchain/usr/bin/install_name_tool: warning: changes being made to the file will invalidate the code signature in: /Users/jaydenmanno/AI/MoneyPrinterTurbo/desktop/build/final/stage/lib/libavformat.63.1.101.dylib
    install_name_tool -change "/opt/homebrew/opt/openssl@3/lib/libcrypto.3.dylib" "@executable_path/../lib/libcrypto.3.dylib" "/Users/jaydenmanno/AI/MoneyPrinterTurbo/desktop/build/final/stage/lib/libavformat.63.1.101.dylib"
/Applications/Xcode.app/Contents/Developer/Toolchains/XcodeDefault.xctoolchain/usr/bin/install_name_tool: warning: changes being made to the file will invalidate the code signature in: /Users/jaydenmanno/AI/MoneyPrinterTurbo/desktop/build/final/stage/lib/libavformat.63.1.101.dylib
    install_name_tool -change "/opt/homebrew/Cellar/libvpx/1.16.0/lib/libvpx.12.dylib" "@executable_path/../lib/libvpx.12.dylib" "/Users/jaydenmanno/AI/MoneyPrinterTurbo/desktop/build/final/stage/lib/libavformat.63.1.101.dylib"
/Applications/Xcode.app/Contents/Developer/Toolchains/XcodeDefault.xctoolchain/usr/bin/install_name_tool: warning: changes being made to the file will invalidate the code signature in: /Users/jaydenmanno/AI/MoneyPrinterTurbo/desktop/build/final/stage/lib/libavformat.63.1.101.dylib
    install_name_tool -change "/opt/homebrew/opt/libvpx/lib/libvpx.12.dylib" "@executable_path/../lib/libvpx.12.dylib" "/Users/jaydenmanno/AI/MoneyPrinterTurbo/desktop/build/final/stage/lib/libavformat.63.1.101.dylib"
/Applications/Xcode.app/Contents/Developer/Toolchains/XcodeDefault.xctoolchain/usr/bin/install_name_tool: warning: changes being made to the file will invalidate the code signature in: /Users/jaydenmanno/AI/MoneyPrinterTurbo/desktop/build/final/stage/lib/libavformat.63.1.101.dylib
    install_name_tool -change "/opt/homebrew/Cellar/xz/5.8.3/lib/liblzma.5.dylib" "@executable_path/../lib/liblzma.5.dylib" "/Users/jaydenmanno/AI/MoneyPrinterTurbo/desktop/build/final/stage/lib/libavformat.63.1.101.dylib"
/Applications/Xcode.app/Contents/Developer/Toolchains/XcodeDefault.xctoolchain/usr/bin/install_name_tool: warning: changes being made to the file will invalidate the code signature in: /Users/jaydenmanno/AI/MoneyPrinterTurbo/desktop/build/final/stage/lib/libavformat.63.1.101.dylib
    install_name_tool -change "/opt/homebrew/opt/xz/lib/liblzma.5.dylib" "@executable_path/../lib/liblzma.5.dylib" "/Users/jaydenmanno/AI/MoneyPrinterTurbo/desktop/build/final/stage/lib/libavformat.63.1.101.dylib"
/Applications/Xcode.app/Contents/Developer/Toolchains/XcodeDefault.xctoolchain/usr/bin/install_name_tool: warning: changes being made to the file will invalidate the code signature in: /Users/jaydenmanno/AI/MoneyPrinterTurbo/desktop/build/final/stage/lib/libavformat.63.1.101.dylib
    install_name_tool -change "/opt/homebrew/Cellar/dav1d/1.5.4/lib/libdav1d.7.dylib" "@executable_path/../lib/libdav1d.7.dylib" "/Users/jaydenmanno/AI/MoneyPrinterTurbo/desktop/build/final/stage/lib/libavformat.63.1.101.dylib"
/Applications/Xcode.app/Contents/Developer/Toolchains/XcodeDefault.xctoolchain/usr/bin/install_name_tool: warning: changes being made to the file will invalidate the code signature in: /Users/jaydenmanno/AI/MoneyPrinterTurbo/desktop/build/final/stage/lib/libavformat.63.1.101.dylib
    install_name_tool -change "/opt/homebrew/opt/dav1d/lib/libdav1d.7.dylib" "@executable_path/../lib/libdav1d.7.dylib" "/Users/jaydenmanno/AI/MoneyPrinterTurbo/desktop/build/final/stage/lib/libavformat.63.1.101.dylib"
/Applications/Xcode.app/Contents/Developer/Toolchains/XcodeDefault.xctoolchain/usr/bin/install_name_tool: warning: changes being made to the file will invalidate the code signature in: /Users/jaydenmanno/AI/MoneyPrinterTurbo/desktop/build/final/stage/lib/libavformat.63.1.101.dylib
    install_name_tool -change "/opt/homebrew/Cellar/lame/4.0/lib/libmp3lame.0.dylib" "@executable_path/../lib/libmp3lame.0.dylib" "/Users/jaydenmanno/AI/MoneyPrinterTurbo/desktop/build/final/stage/lib/libavformat.63.1.101.dylib"
/Applications/Xcode.app/Contents/Developer/Toolchains/XcodeDefault.xctoolchain/usr/bin/install_name_tool: warning: changes being made to the file will invalidate the code signature in: /Users/jaydenmanno/AI/MoneyPrinterTurbo/desktop/build/final/stage/lib/libavformat.63.1.101.dylib
    install_name_tool -change "/opt/homebrew/opt/lame/lib/libmp3lame.0.dylib" "@executable_path/../lib/libmp3lame.0.dylib" "/Users/jaydenmanno/AI/MoneyPrinterTurbo/desktop/build/final/stage/lib/libavformat.63.1.101.dylib"
/Applications/Xcode.app/Contents/Developer/Toolchains/XcodeDefault.xctoolchain/usr/bin/install_name_tool: warning: changes being made to the file will invalidate the code signature in: /Users/jaydenmanno/AI/MoneyPrinterTurbo/desktop/build/final/stage/lib/libavformat.63.1.101.dylib
    install_name_tool -change "/opt/homebrew/Cellar/opus/1.6.1/lib/libopus.0.dylib" "@executable_path/../lib/libopus.0.dylib" "/Users/jaydenmanno/AI/MoneyPrinterTurbo/desktop/build/final/stage/lib/libavformat.63.1.101.dylib"
/Applications/Xcode.app/Contents/Developer/Toolchains/XcodeDefault.xctoolchain/usr/bin/install_name_tool: warning: changes being made to the file will invalidate the code signature in: /Users/jaydenmanno/AI/MoneyPrinterTurbo/desktop/build/final/stage/lib/libavformat.63.1.101.dylib
    install_name_tool -change "/opt/homebrew/opt/opus/lib/libopus.0.dylib" "@executable_path/../lib/libopus.0.dylib" "/Users/jaydenmanno/AI/MoneyPrinterTurbo/desktop/build/final/stage/lib/libavformat.63.1.101.dylib"
/Applications/Xcode.app/Contents/Developer/Toolchains/XcodeDefault.xctoolchain/usr/bin/install_name_tool: warning: changes being made to the file will invalidate the code signature in: /Users/jaydenmanno/AI/MoneyPrinterTurbo/desktop/build/final/stage/lib/libavformat.63.1.101.dylib
    install_name_tool -change "/opt/homebrew/Cellar/svt-av1/4.2.0/lib/libSvtAv1Enc.4.2.0.dylib" "@executable_path/../lib/libSvtAv1Enc.4.2.0.dylib" "/Users/jaydenmanno/AI/MoneyPrinterTurbo/desktop/build/final/stage/lib/libavformat.63.1.101.dylib"
/Applications/Xcode.app/Contents/Developer/Toolchains/XcodeDefault.xctoolchain/usr/bin/install_name_tool: warning: changes being made to the file will invalidate the code signature in: /Users/jaydenmanno/AI/MoneyPrinterTurbo/desktop/build/final/stage/lib/libavformat.63.1.101.dylib
    install_name_tool -change "/opt/homebrew/opt/svt-av1/lib/libSvtAv1Enc.4.dylib" "@executable_path/../lib/libSvtAv1Enc.4.2.0.dylib" "/Users/jaydenmanno/AI/MoneyPrinterTurbo/desktop/build/final/stage/lib/libavformat.63.1.101.dylib"
/Applications/Xcode.app/Contents/Developer/Toolchains/XcodeDefault.xctoolchain/usr/bin/install_name_tool: warning: changes being made to the file will invalidate the code signature in: /Users/jaydenmanno/AI/MoneyPrinterTurbo/desktop/build/final/stage/lib/libavformat.63.1.101.dylib
    install_name_tool -change "/opt/homebrew/Cellar/x264/r3222/lib/libx264.165.dylib" "@executable_path/../lib/libx264.165.dylib" "/Users/jaydenmanno/AI/MoneyPrinterTurbo/desktop/build/final/stage/lib/libavformat.63.1.101.dylib"
/Applications/Xcode.app/Contents/Developer/Toolchains/XcodeDefault.xctoolchain/usr/bin/install_name_tool: warning: changes being made to the file will invalidate the code signature in: /Users/jaydenmanno/AI/MoneyPrinterTurbo/desktop/build/final/stage/lib/libavformat.63.1.101.dylib
    install_name_tool -change "/opt/homebrew/opt/x264/lib/libx264.165.dylib" "@executable_path/../lib/libx264.165.dylib" "/Users/jaydenmanno/AI/MoneyPrinterTurbo/desktop/build/final/stage/lib/libavformat.63.1.101.dylib"
/Applications/Xcode.app/Contents/Developer/Toolchains/XcodeDefault.xctoolchain/usr/bin/install_name_tool: warning: changes being made to the file will invalidate the code signature in: /Users/jaydenmanno/AI/MoneyPrinterTurbo/desktop/build/final/stage/lib/libavformat.63.1.101.dylib
    install_name_tool -change "/opt/homebrew/Cellar/x265/4.2/lib/libx265.216.dylib" "@executable_path/../lib/libx265.216.dylib" "/Users/jaydenmanno/AI/MoneyPrinterTurbo/desktop/build/final/stage/lib/libavformat.63.1.101.dylib"
/Applications/Xcode.app/Contents/Developer/Toolchains/XcodeDefault.xctoolchain/usr/bin/install_name_tool: warning: changes being made to the file will invalidate the code signature in: /Users/jaydenmanno/AI/MoneyPrinterTurbo/desktop/build/final/stage/lib/libavformat.63.1.101.dylib
    install_name_tool -change "/opt/homebrew/opt/x265/lib/libx265.216.dylib" "@executable_path/../lib/libx265.216.dylib" "/Users/jaydenmanno/AI/MoneyPrinterTurbo/desktop/build/final/stage/lib/libavformat.63.1.101.dylib"
/Applications/Xcode.app/Contents/Developer/Toolchains/XcodeDefault.xctoolchain/usr/bin/install_name_tool: warning: changes being made to the file will invalidate the code signature in: /Users/jaydenmanno/AI/MoneyPrinterTurbo/desktop/build/final/stage/lib/libavformat.63.1.101.dylib
    codesign --force --deep --preserve-metadata=entitlements,requirements,flags,runtime --sign - "/Users/jaydenmanno/AI/MoneyPrinterTurbo/desktop/build/final/stage/lib/libavformat.63.1.101.dylib"
/Users/jaydenmanno/AI/MoneyPrinterTurbo/desktop/build/final/stage/lib/libavformat.63.1.101.dylib: replacing existing signature

* Processing dependency /Users/jaydenmanno/AI/MoneyPrinterTurbo/desktop/build/final/stage/lib/libavfilter.12.1.101.dylib
    cp -f "/opt/homebrew/Cellar/ffmpeg/9.0.1/lib/libavfilter.12.1.101.dylib" "/Users/jaydenmanno/AI/MoneyPrinterTurbo/desktop/build/final/stage/lib/libavfilter.12.1.101.dylib"
    chmod +w "/Users/jaydenmanno/AI/MoneyPrinterTurbo/desktop/build/final/stage/lib/libavfilter.12.1.101.dylib"
    install_name_tool -id "@executable_path/../lib/libavfilter.12.1.101.dylib" "/Users/jaydenmanno/AI/MoneyPrinterTurbo/desktop/build/final/stage/lib/libavfilter.12.1.101.dylib"
/Applications/Xcode.app/Contents/Developer/Toolchains/XcodeDefault.xctoolchain/usr/bin/install_name_tool: warning: changes being made to the file will invalidate the code signature in: /Users/jaydenmanno/AI/MoneyPrinterTurbo/desktop/build/final/stage/lib/libavfilter.12.1.101.dylib
    ..................................
  * Fixing dependencies on /Users/jaydenmanno/AI/MoneyPrinterTurbo/desktop/build/final/stage/lib/libavfilter.12.1.101.dylib
    install_name_tool -change "/opt/homebrew/Cellar/ffmpeg/9.0.1/lib/libswscale.10.1.101.dylib" "@executable_path/../lib/libswscale.10.1.101.dylib" "/Users/jaydenmanno/AI/MoneyPrinterTurbo/desktop/build/final/stage/lib/libavfilter.12.1.101.dylib"
/Applications/Xcode.app/Contents/Developer/Toolchains/XcodeDefault.xctoolchain/usr/bin/install_name_tool: warning: changes being made to the file will invalidate the code signature in: /Users/jaydenmanno/AI/MoneyPrinterTurbo/desktop/build/final/stage/lib/libavfilter.12.1.101.dylib
    install_name_tool -change "/opt/homebrew/Cellar/ffmpeg/9.0.1/lib/libswscale.10.dylib" "@executable_path/../lib/libswscale.10.1.101.dylib" "/Users/jaydenmanno/AI/MoneyPrinterTurbo/desktop/build/final/stage/lib/libavfilter.12.1.101.dylib"
/Applications/Xcode.app/Contents/Developer/Toolchains/XcodeDefault.xctoolchain/usr/bin/install_name_tool: warning: changes being made to the file will invalidate the code signature in: /Users/jaydenmanno/AI/MoneyPrinterTurbo/desktop/build/final/stage/lib/libavfilter.12.1.101.dylib
    install_name_tool -change "/opt/homebrew/Cellar/ffmpeg/9.0.1/lib/libavformat.63.1.101.dylib" "@executable_path/../lib/libavformat.63.1.101.dylib" "/Users/jaydenmanno/AI/MoneyPrinterTurbo/desktop/build/final/stage/lib/libavfilter.12.1.101.dylib"
/Applications/Xcode.app/Contents/Developer/Toolchains/XcodeDefault.xctoolchain/usr/bin/install_name_tool: warning: changes being made to the file will invalidate the code signature in: /Users/jaydenmanno/AI/MoneyPrinterTurbo/desktop/build/final/stage/lib/libavfilter.12.1.101.dylib
    install_name_tool -change "/opt/homebrew/Cellar/ffmpeg/9.0.1/lib/libavformat.63.dylib" "@executable_path/../lib/libavformat.63.1.101.dylib" "/Users/jaydenmanno/AI/MoneyPrinterTurbo/desktop/build/final/stage/lib/libavfilter.12.1.101.dylib"
/Applications/Xcode.app/Contents/Developer/Toolchains/XcodeDefault.xctoolchain/usr/bin/install_name_tool: warning: changes being made to the file will invalidate the code signature in: /Users/jaydenmanno/AI/MoneyPrinterTurbo/desktop/build/final/stage/lib/libavfilter.12.1.101.dylib
    install_name_tool -change "/opt/homebrew/Cellar/ffmpeg/9.0.1/lib/libavcodec.63.1.101.dylib" "@executable_path/../lib/libavcodec.63.1.101.dylib" "/Users/jaydenmanno/AI/MoneyPrinterTurbo/desktop/build/final/stage/lib/libavfilter.12.1.101.dylib"
/Applications/Xcode.app/Contents/Developer/Toolchains/XcodeDefault.xctoolchain/usr/bin/install_name_tool: warning: changes being made to the file will invalidate the code signature in: /Users/jaydenmanno/AI/MoneyPrinterTurbo/desktop/build/final/stage/lib/libavfilter.12.1.101.dylib
    install_name_tool -change "/opt/homebrew/Cellar/ffmpeg/9.0.1/lib/libavcodec.63.dylib" "@executable_path/../lib/libavcodec.63.1.101.dylib" "/Users/jaydenmanno/AI/MoneyPrinterTurbo/desktop/build/final/stage/lib/libavfilter.12.1.101.dylib"
/Applications/Xcode.app/Contents/Developer/Toolchains/XcodeDefault.xctoolchain/usr/bin/install_name_tool: warning: changes being made to the file will invalidate the code signature in: /Users/jaydenmanno/AI/MoneyPrinterTurbo/desktop/build/final/stage/lib/libavfilter.12.1.101.dylib
    install_name_tool -change "/opt/homebrew/Cellar/ffmpeg/9.0.1/lib/libswresample.7.1.101.dylib" "@executable_path/../lib/libswresample.7.1.101.dylib" "/Users/jaydenmanno/AI/MoneyPrinterTurbo/desktop/build/final/stage/lib/libavfilter.12.1.101.dylib"
/Applications/Xcode.app/Contents/Developer/Toolchains/XcodeDefault.xctoolchain/usr/bin/install_name_tool: warning: changes being made to the file will invalidate the code signature in: /Users/jaydenmanno/AI/MoneyPrinterTurbo/desktop/build/final/stage/lib/libavfilter.12.1.101.dylib
    install_name_tool -change "/opt/homebrew/Cellar/ffmpeg/9.0.1/lib/libswresample.7.dylib" "@executable_path/../lib/libswresample.7.1.101.dylib" "/Users/jaydenmanno/AI/MoneyPrinterTurbo/desktop/build/final/stage/lib/libavfilter.12.1.101.dylib"
/Applications/Xcode.app/Contents/Developer/Toolchains/XcodeDefault.xctoolchain/usr/bin/install_name_tool: warning: changes being made to the file will invalidate the code signature in: /Users/jaydenmanno/AI/MoneyPrinterTurbo/desktop/build/final/stage/lib/libavfilter.12.1.101.dylib
    install_name_tool -change "/opt/homebrew/Cellar/ffmpeg/9.0.1/lib/libavutil.61.1.101.dylib" "@executable_path/../lib/libavutil.61.1.101.dylib" "/Users/jaydenmanno/AI/MoneyPrinterTurbo/desktop/build/final/stage/lib/libavfilter.12.1.101.dylib"
/Applications/Xcode.app/Contents/Developer/Toolchains/XcodeDefault.xctoolchain/usr/bin/install_name_tool: warning: changes being made to the file will invalidate the code signature in: /Users/jaydenmanno/AI/MoneyPrinterTurbo/desktop/build/final/stage/lib/libavfilter.12.1.101.dylib
    install_name_tool -change "/opt/homebrew/Cellar/ffmpeg/9.0.1/lib/libavutil.61.dylib" "@executable_path/../lib/libavutil.61.1.101.dylib" "/Users/jaydenmanno/AI/MoneyPrinterTurbo/desktop/build/final/stage/lib/libavfilter.12.1.101.dylib"
/Applications/Xcode.app/Contents/Developer/Toolchains/XcodeDefault.xctoolchain/usr/bin/install_name_tool: warning: changes being made to the file will invalidate the code signature in: /Users/jaydenmanno/AI/MoneyPrinterTurbo/desktop/build/final/stage/lib/libavfilter.12.1.101.dylib
    install_name_tool -change "/opt/homebrew/Cellar/libvmaf/3.2.0/lib/libvmaf.3.dylib" "@executable_path/../lib/libvmaf.3.dylib" "/Users/jaydenmanno/AI/MoneyPrinterTurbo/desktop/build/final/stage/lib/libavfilter.12.1.101.dylib"
/Applications/Xcode.app/Contents/Developer/Toolchains/XcodeDefault.xctoolchain/usr/bin/install_name_tool: warning: changes being made to the file will invalidate the code signature in: /Users/jaydenmanno/AI/MoneyPrinterTurbo/desktop/build/final/stage/lib/libavfilter.12.1.101.dylib
    install_name_tool -change "/opt/homebrew/opt/libvmaf/lib/libvmaf.3.dylib" "@executable_path/../lib/libvmaf.3.dylib" "/Users/jaydenmanno/AI/MoneyPrinterTurbo/desktop/build/final/stage/lib/libavfilter.12.1.101.dylib"
/Applications/Xcode.app/Contents/Developer/Toolchains/XcodeDefault.xctoolchain/usr/bin/install_name_tool: warning: changes being made to the file will invalidate the code signature in: /Users/jaydenmanno/AI/MoneyPrinterTurbo/desktop/build/final/stage/lib/libavfilter.12.1.101.dylib
    install_name_tool -change "/opt/homebrew/Cellar/openssl@3/3.6.3/lib/libssl.3.dylib" "@executable_path/../lib/libssl.3.dylib" "/Users/jaydenmanno/AI/MoneyPrinterTurbo/desktop/build/final/stage/lib/libavfilter.12.1.101.dylib"
/Applications/Xcode.app/Contents/Developer/Toolchains/XcodeDefault.xctoolchain/usr/bin/install_name_tool: warning: changes being made to the file will invalidate the code signature in: /Users/jaydenmanno/AI/MoneyPrinterTurbo/desktop/build/final/stage/lib/libavfilter.12.1.101.dylib
    install_name_tool -change "/opt/homebrew/opt/openssl@3/lib/libssl.3.dylib" "@executable_path/../lib/libssl.3.dylib" "/Users/jaydenmanno/AI/MoneyPrinterTurbo/desktop/build/final/stage/lib/libavfilter.12.1.101.dylib"
/Applications/Xcode.app/Contents/Developer/Toolchains/XcodeDefault.xctoolchain/usr/bin/install_name_tool: warning: changes being made to the file will invalidate the code signature in: /Users/jaydenmanno/AI/MoneyPrinterTurbo/desktop/build/final/stage/lib/libavfilter.12.1.101.dylib
    install_name_tool -change "/opt/homebrew/Cellar/openssl@3/3.6.3/lib/libcrypto.3.dylib" "@executable_path/../lib/libcrypto.3.dylib" "/Users/jaydenmanno/AI/MoneyPrinterTurbo/desktop/build/final/stage/lib/libavfilter.12.1.101.dylib"
/Applications/Xcode.app/Contents/Developer/Toolchains/XcodeDefault.xctoolchain/usr/bin/install_name_tool: warning: changes being made to the file will invalidate the code signature in: /Users/jaydenmanno/AI/MoneyPrinterTurbo/desktop/build/final/stage/lib/libavfilter.12.1.101.dylib
    install_name_tool -change "/opt/homebrew/opt/openssl@3/lib/libcrypto.3.dylib" "@executable_path/../lib/libcrypto.3.dylib" "/Users/jaydenmanno/AI/MoneyPrinterTurbo/desktop/build/final/stage/lib/libavfilter.12.1.101.dylib"
/Applications/Xcode.app/Contents/Developer/Toolchains/XcodeDefault.xctoolchain/usr/bin/install_name_tool: warning: changes being made to the file will invalidate the code signature in: /Users/jaydenmanno/AI/MoneyPrinterTurbo/desktop/build/final/stage/lib/libavfilter.12.1.101.dylib
    install_name_tool -change "/opt/homebrew/Cellar/libvpx/1.16.0/lib/libvpx.12.dylib" "@executable_path/../lib/libvpx.12.dylib" "/Users/jaydenmanno/AI/MoneyPrinterTurbo/desktop/build/final/stage/lib/libavfilter.12.1.101.dylib"
/Applications/Xcode.app/Contents/Developer/Toolchains/XcodeDefault.xctoolchain/usr/bin/install_name_tool: warning: changes being made to the file will invalidate the code signature in: /Users/jaydenmanno/AI/MoneyPrinterTurbo/desktop/build/final/stage/lib/libavfilter.12.1.101.dylib
    install_name_tool -change "/opt/homebrew/opt/libvpx/lib/libvpx.12.dylib" "@executable_path/../lib/libvpx.12.dylib" "/Users/jaydenmanno/AI/MoneyPrinterTurbo/desktop/build/final/stage/lib/libavfilter.12.1.101.dylib"
/Applications/Xcode.app/Contents/Developer/Toolchains/XcodeDefault.xctoolchain/usr/bin/install_name_tool: warning: changes being made to the file will invalidate the code signature in: /Users/jaydenmanno/AI/MoneyPrinterTurbo/desktop/build/final/stage/lib/libavfilter.12.1.101.dylib
    install_name_tool -change "/opt/homebrew/Cellar/xz/5.8.3/lib/liblzma.5.dylib" "@executable_path/../lib/liblzma.5.dylib" "/Users/jaydenmanno/AI/MoneyPrinterTurbo/desktop/build/final/stage/lib/libavfilter.12.1.101.dylib"
/Applications/Xcode.app/Contents/Developer/Toolchains/XcodeDefault.xctoolchain/usr/bin/install_name_tool: warning: changes being made to the file will invalidate the code signature in: /Users/jaydenmanno/AI/MoneyPrinterTurbo/desktop/build/final/stage/lib/libavfilter.12.1.101.dylib
    install_name_tool -change "/opt/homebrew/opt/xz/lib/liblzma.5.dylib" "@executable_path/../lib/liblzma.5.dylib" "/Users/jaydenmanno/AI/MoneyPrinterTurbo/desktop/build/final/stage/lib/libavfilter.12.1.101.dylib"
/Applications/Xcode.app/Contents/Developer/Toolchains/XcodeDefault.xctoolchain/usr/bin/install_name_tool: warning: changes being made to the file will invalidate the code signature in: /Users/jaydenmanno/AI/MoneyPrinterTurbo/desktop/build/final/stage/lib/libavfilter.12.1.101.dylib
    install_name_tool -change "/opt/homebrew/Cellar/dav1d/1.5.4/lib/libdav1d.7.dylib" "@executable_path/../lib/libdav1d.7.dylib" "/Users/jaydenmanno/AI/MoneyPrinterTurbo/desktop/build/final/stage/lib/libavfilter.12.1.101.dylib"
/Applications/Xcode.app/Contents/Developer/Toolchains/XcodeDefault.xctoolchain/usr/bin/install_name_tool: warning: changes being made to the file will invalidate the code signature in: /Users/jaydenmanno/AI/MoneyPrinterTurbo/desktop/build/final/stage/lib/libavfilter.12.1.101.dylib
    install_name_tool -change "/opt/homebrew/opt/dav1d/lib/libdav1d.7.dylib" "@executable_path/../lib/libdav1d.7.dylib" "/Users/jaydenmanno/AI/MoneyPrinterTurbo/desktop/build/final/stage/lib/libavfilter.12.1.101.dylib"
/Applications/Xcode.app/Contents/Developer/Toolchains/XcodeDefault.xctoolchain/usr/bin/install_name_tool: warning: changes being made to the file will invalidate the code signature in: /Users/jaydenmanno/AI/MoneyPrinterTurbo/desktop/build/final/stage/lib/libavfilter.12.1.101.dylib
    install_name_tool -change "/opt/homebrew/Cellar/lame/4.0/lib/libmp3lame.0.dylib" "@executable_path/../lib/libmp3lame.0.dylib" "/Users/jaydenmanno/AI/MoneyPrinterTurbo/desktop/build/final/stage/lib/libavfilter.12.1.101.dylib"
/Applications/Xcode.app/Contents/Developer/Toolchains/XcodeDefault.xctoolchain/usr/bin/install_name_tool: warning: changes being made to the file will invalidate the code signature in: /Users/jaydenmanno/AI/MoneyPrinterTurbo/desktop/build/final/stage/lib/libavfilter.12.1.101.dylib
    install_name_tool -change "/opt/homebrew/opt/lame/lib/libmp3lame.0.dylib" "@executable_path/../lib/libmp3lame.0.dylib" "/Users/jaydenmanno/AI/MoneyPrinterTurbo/desktop/build/final/stage/lib/libavfilter.12.1.101.dylib"
/Applications/Xcode.app/Contents/Developer/Toolchains/XcodeDefault.xctoolchain/usr/bin/install_name_tool: warning: changes being made to the file will invalidate the code signature in: /Users/jaydenmanno/AI/MoneyPrinterTurbo/desktop/build/final/stage/lib/libavfilter.12.1.101.dylib
    install_name_tool -change "/opt/homebrew/Cellar/opus/1.6.1/lib/libopus.0.dylib" "@executable_path/../lib/libopus.0.dylib" "/Users/jaydenmanno/AI/MoneyPrinterTurbo/desktop/build/final/stage/lib/libavfilter.12.1.101.dylib"
/Applications/Xcode.app/Contents/Developer/Toolchains/XcodeDefault.xctoolchain/usr/bin/install_name_tool: warning: changes being made to the file will invalidate the code signature in: /Users/jaydenmanno/AI/MoneyPrinterTurbo/desktop/build/final/stage/lib/libavfilter.12.1.101.dylib
    install_name_tool -change "/opt/homebrew/opt/opus/lib/libopus.0.dylib" "@executable_path/../lib/libopus.0.dylib" "/Users/jaydenmanno/AI/MoneyPrinterTurbo/desktop/build/final/stage/lib/libavfilter.12.1.101.dylib"
/Applications/Xcode.app/Contents/Developer/Toolchains/XcodeDefault.xctoolchain/usr/bin/install_name_tool: warning: changes being made to the file will invalidate the code signature in: /Users/jaydenmanno/AI/MoneyPrinterTurbo/desktop/build/final/stage/lib/libavfilter.12.1.101.dylib
    install_name_tool -change "/opt/homebrew/Cellar/svt-av1/4.2.0/lib/libSvtAv1Enc.4.2.0.dylib" "@executable_path/../lib/libSvtAv1Enc.4.2.0.dylib" "/Users/jaydenmanno/AI/MoneyPrinterTurbo/desktop/build/final/stage/lib/libavfilter.12.1.101.dylib"
/Applications/Xcode.app/Contents/Developer/Toolchains/XcodeDefault.xctoolchain/usr/bin/install_name_tool: warning: changes being made to the file will invalidate the code signature in: /Users/jaydenmanno/AI/MoneyPrinterTurbo/desktop/build/final/stage/lib/libavfilter.12.1.101.dylib
    install_name_tool -change "/opt/homebrew/opt/svt-av1/lib/libSvtAv1Enc.4.dylib" "@executable_path/../lib/libSvtAv1Enc.4.2.0.dylib" "/Users/jaydenmanno/AI/MoneyPrinterTurbo/desktop/build/final/stage/lib/libavfilter.12.1.101.dylib"
/Applications/Xcode.app/Contents/Developer/Toolchains/XcodeDefault.xctoolchain/usr/bin/install_name_tool: warning: changes being made to the file will invalidate the code signature in: /Users/jaydenmanno/AI/MoneyPrinterTurbo/desktop/build/final/stage/lib/libavfilter.12.1.101.dylib
    install_name_tool -change "/opt/homebrew/Cellar/x264/r3222/lib/libx264.165.dylib" "@executable_path/../lib/libx264.165.dylib" "/Users/jaydenmanno/AI/MoneyPrinterTurbo/desktop/build/final/stage/lib/libavfilter.12.1.101.dylib"
/Applications/Xcode.app/Contents/Developer/Toolchains/XcodeDefault.xctoolchain/usr/bin/install_name_tool: warning: changes being made to the file will invalidate the code signature in: /Users/jaydenmanno/AI/MoneyPrinterTurbo/desktop/build/final/stage/lib/libavfilter.12.1.101.dylib
    install_name_tool -change "/opt/homebrew/opt/x264/lib/libx264.165.dylib" "@executable_path/../lib/libx264.165.dylib" "/Users/jaydenmanno/AI/MoneyPrinterTurbo/desktop/build/final/stage/lib/libavfilter.12.1.101.dylib"
/Applications/Xcode.app/Contents/Developer/Toolchains/XcodeDefault.xctoolchain/usr/bin/install_name_tool: warning: changes being made to the file will invalidate the code signature in: /Users/jaydenmanno/AI/MoneyPrinterTurbo/desktop/build/final/stage/lib/libavfilter.12.1.101.dylib
    install_name_tool -change "/opt/homebrew/Cellar/x265/4.2/lib/libx265.216.dylib" "@executable_path/../lib/libx265.216.dylib" "/Users/jaydenmanno/AI/MoneyPrinterTurbo/desktop/build/final/stage/lib/libavfilter.12.1.101.dylib"
/Applications/Xcode.app/Contents/Developer/Toolchains/XcodeDefault.xctoolchain/usr/bin/install_name_tool: warning: changes being made to the file will invalidate the code signature in: /Users/jaydenmanno/AI/MoneyPrinterTurbo/desktop/build/final/stage/lib/libavfilter.12.1.101.dylib
    install_name_tool -change "/opt/homebrew/opt/x265/lib/libx265.216.dylib" "@executable_path/../lib/libx265.216.dylib" "/Users/jaydenmanno/AI/MoneyPrinterTurbo/desktop/build/final/stage/lib/libavfilter.12.1.101.dylib"
/Applications/Xcode.app/Contents/Developer/Toolchains/XcodeDefault.xctoolchain/usr/bin/install_name_tool: warning: changes being made to the file will invalidate the code signature in: /Users/jaydenmanno/AI/MoneyPrinterTurbo/desktop/build/final/stage/lib/libavfilter.12.1.101.dylib
    codesign --force --deep --preserve-metadata=entitlements,requirements,flags,runtime --sign - "/Users/jaydenmanno/AI/MoneyPrinterTurbo/desktop/build/final/stage/lib/libavfilter.12.1.101.dylib"
/Users/jaydenmanno/AI/MoneyPrinterTurbo/desktop/build/final/stage/lib/libavfilter.12.1.101.dylib: replacing existing signature

* Processing dependency /Users/jaydenmanno/AI/MoneyPrinterTurbo/desktop/build/final/stage/lib/libavdevice.63.1.101.dylib
    cp -f "/opt/homebrew/Cellar/ffmpeg/9.0.1/lib/libavdevice.63.1.101.dylib" "/Users/jaydenmanno/AI/MoneyPrinterTurbo/desktop/build/final/stage/lib/libavdevice.63.1.101.dylib"
    chmod +w "/Users/jaydenmanno/AI/MoneyPrinterTurbo/desktop/build/final/stage/lib/libavdevice.63.1.101.dylib"
    install_name_tool -id "@executable_path/../lib/libavdevice.63.1.101.dylib" "/Users/jaydenmanno/AI/MoneyPrinterTurbo/desktop/build/final/stage/lib/libavdevice.63.1.101.dylib"
/Applications/Xcode.app/Contents/Developer/Toolchains/XcodeDefault.xctoolchain/usr/bin/install_name_tool: warning: changes being made to the file will invalidate the code signature in: /Users/jaydenmanno/AI/MoneyPrinterTurbo/desktop/build/final/stage/lib/libavdevice.63.1.101.dylib
    .....................................
  * Fixing dependencies on /Users/jaydenmanno/AI/MoneyPrinterTurbo/desktop/build/final/stage/lib/libavdevice.63.1.101.dylib
    install_name_tool -change "/opt/homebrew/Cellar/ffmpeg/9.0.1/lib/libavfilter.12.1.101.dylib" "@executable_path/../lib/libavfilter.12.1.101.dylib" "/Users/jaydenmanno/AI/MoneyPrinterTurbo/desktop/build/final/stage/lib/libavdevice.63.1.101.dylib"
/Applications/Xcode.app/Contents/Developer/Toolchains/XcodeDefault.xctoolchain/usr/bin/install_name_tool: warning: changes being made to the file will invalidate the code signature in: /Users/jaydenmanno/AI/MoneyPrinterTurbo/desktop/build/final/stage/lib/libavdevice.63.1.101.dylib
    install_name_tool -change "/opt/homebrew/Cellar/ffmpeg/9.0.1/lib/libavfilter.12.dylib" "@executable_path/../lib/libavfilter.12.1.101.dylib" "/Users/jaydenmanno/AI/MoneyPrinterTurbo/desktop/build/final/stage/lib/libavdevice.63.1.101.dylib"
/Applications/Xcode.app/Contents/Developer/Toolchains/XcodeDefault.xctoolchain/usr/bin/install_name_tool: warning: changes being made to the file will invalidate the code signature in: /Users/jaydenmanno/AI/MoneyPrinterTurbo/desktop/build/final/stage/lib/libavdevice.63.1.101.dylib
    install_name_tool -change "/opt/homebrew/Cellar/ffmpeg/9.0.1/lib/libswscale.10.1.101.dylib" "@executable_path/../lib/libswscale.10.1.101.dylib" "/Users/jaydenmanno/AI/MoneyPrinterTurbo/desktop/build/final/stage/lib/libavdevice.63.1.101.dylib"
/Applications/Xcode.app/Contents/Developer/Toolchains/XcodeDefault.xctoolchain/usr/bin/install_name_tool: warning: changes being made to the file will invalidate the code signature in: /Users/jaydenmanno/AI/MoneyPrinterTurbo/desktop/build/final/stage/lib/libavdevice.63.1.101.dylib
    install_name_tool -change "/opt/homebrew/Cellar/ffmpeg/9.0.1/lib/libswscale.10.dylib" "@executable_path/../lib/libswscale.10.1.101.dylib" "/Users/jaydenmanno/AI/MoneyPrinterTurbo/desktop/build/final/stage/lib/libavdevice.63.1.101.dylib"
/Applications/Xcode.app/Contents/Developer/Toolchains/XcodeDefault.xctoolchain/usr/bin/install_name_tool: warning: changes being made to the file will invalidate the code signature in: /Users/jaydenmanno/AI/MoneyPrinterTurbo/desktop/build/final/stage/lib/libavdevice.63.1.101.dylib
    install_name_tool -change "/opt/homebrew/Cellar/ffmpeg/9.0.1/lib/libavformat.63.1.101.dylib" "@executable_path/../lib/libavformat.63.1.101.dylib" "/Users/jaydenmanno/AI/MoneyPrinterTurbo/desktop/build/final/stage/lib/libavdevice.63.1.101.dylib"
/Applications/Xcode.app/Contents/Developer/Toolchains/XcodeDefault.xctoolchain/usr/bin/install_name_tool: warning: changes being made to the file will invalidate the code signature in: /Users/jaydenmanno/AI/MoneyPrinterTurbo/desktop/build/final/stage/lib/libavdevice.63.1.101.dylib
    install_name_tool -change "/opt/homebrew/Cellar/ffmpeg/9.0.1/lib/libavformat.63.dylib" "@executable_path/../lib/libavformat.63.1.101.dylib" "/Users/jaydenmanno/AI/MoneyPrinterTurbo/desktop/build/final/stage/lib/libavdevice.63.1.101.dylib"
/Applications/Xcode.app/Contents/Developer/Toolchains/XcodeDefault.xctoolchain/usr/bin/install_name_tool: warning: changes being made to the file will invalidate the code signature in: /Users/jaydenmanno/AI/MoneyPrinterTurbo/desktop/build/final/stage/lib/libavdevice.63.1.101.dylib
    install_name_tool -change "/opt/homebrew/Cellar/ffmpeg/9.0.1/lib/libavcodec.63.1.101.dylib" "@executable_path/../lib/libavcodec.63.1.101.dylib" "/Users/jaydenmanno/AI/MoneyPrinterTurbo/desktop/build/final/stage/lib/libavdevice.63.1.101.dylib"
/Applications/Xcode.app/Contents/Developer/Toolchains/XcodeDefault.xctoolchain/usr/bin/install_name_tool: warning: changes being made to the file will invalidate the code signature in: /Users/jaydenmanno/AI/MoneyPrinterTurbo/desktop/build/final/stage/lib/libavdevice.63.1.101.dylib
    install_name_tool -change "/opt/homebrew/Cellar/ffmpeg/9.0.1/lib/libavcodec.63.dylib" "@executable_path/../lib/libavcodec.63.1.101.dylib" "/Users/jaydenmanno/AI/MoneyPrinterTurbo/desktop/build/final/stage/lib/libavdevice.63.1.101.dylib"
/Applications/Xcode.app/Contents/Developer/Toolchains/XcodeDefault.xctoolchain/usr/bin/install_name_tool: warning: changes being made to the file will invalidate the code signature in: /Users/jaydenmanno/AI/MoneyPrinterTurbo/desktop/build/final/stage/lib/libavdevice.63.1.101.dylib
    install_name_tool -change "/opt/homebrew/Cellar/ffmpeg/9.0.1/lib/libswresample.7.1.101.dylib" "@executable_path/../lib/libswresample.7.1.101.dylib" "/Users/jaydenmanno/AI/MoneyPrinterTurbo/desktop/build/final/stage/lib/libavdevice.63.1.101.dylib"
/Applications/Xcode.app/Contents/Developer/Toolchains/XcodeDefault.xctoolchain/usr/bin/install_name_tool: warning: changes being made to the file will invalidate the code signature in: /Users/jaydenmanno/AI/MoneyPrinterTurbo/desktop/build/final/stage/lib/libavdevice.63.1.101.dylib
    install_name_tool -change "/opt/homebrew/Cellar/ffmpeg/9.0.1/lib/libswresample.7.dylib" "@executable_path/../lib/libswresample.7.1.101.dylib" "/Users/jaydenmanno/AI/MoneyPrinterTurbo/desktop/build/final/stage/lib/libavdevice.63.1.101.dylib"
/Applications/Xcode.app/Contents/Developer/Toolchains/XcodeDefault.xctoolchain/usr/bin/install_name_tool: warning: changes being made to the file will invalidate the code signature in: /Users/jaydenmanno/AI/MoneyPrinterTurbo/desktop/build/final/stage/lib/libavdevice.63.1.101.dylib
    install_name_tool -change "/opt/homebrew/Cellar/ffmpeg/9.0.1/lib/libavutil.61.1.101.dylib" "@executable_path/../lib/libavutil.61.1.101.dylib" "/Users/jaydenmanno/AI/MoneyPrinterTurbo/desktop/build/final/stage/lib/libavdevice.63.1.101.dylib"
/Applications/Xcode.app/Contents/Developer/Toolchains/XcodeDefault.xctoolchain/usr/bin/install_name_tool: warning: changes being made to the file will invalidate the code signature in: /Users/jaydenmanno/AI/MoneyPrinterTurbo/desktop/build/final/stage/lib/libavdevice.63.1.101.dylib
    install_name_tool -change "/opt/homebrew/Cellar/ffmpeg/9.0.1/lib/libavutil.61.dylib" "@executable_path/../lib/libavutil.61.1.101.dylib" "/Users/jaydenmanno/AI/MoneyPrinterTurbo/desktop/build/final/stage/lib/libavdevice.63.1.101.dylib"
/Applications/Xcode.app/Contents/Developer/Toolchains/XcodeDefault.xctoolchain/usr/bin/install_name_tool: warning: changes being made to the file will invalidate the code signature in: /Users/jaydenmanno/AI/MoneyPrinterTurbo/desktop/build/final/stage/lib/libavdevice.63.1.101.dylib
    install_name_tool -change "/opt/homebrew/Cellar/libvmaf/3.2.0/lib/libvmaf.3.dylib" "@executable_path/../lib/libvmaf.3.dylib" "/Users/jaydenmanno/AI/MoneyPrinterTurbo/desktop/build/final/stage/lib/libavdevice.63.1.101.dylib"
/Applications/Xcode.app/Contents/Developer/Toolchains/XcodeDefault.xctoolchain/usr/bin/install_name_tool: warning: changes being made to the file will invalidate the code signature in: /Users/jaydenmanno/AI/MoneyPrinterTurbo/desktop/build/final/stage/lib/libavdevice.63.1.101.dylib
    install_name_tool -change "/opt/homebrew/opt/libvmaf/lib/libvmaf.3.dylib" "@executable_path/../lib/libvmaf.3.dylib" "/Users/jaydenmanno/AI/MoneyPrinterTurbo/desktop/build/final/stage/lib/libavdevice.63.1.101.dylib"
/Applications/Xcode.app/Contents/Developer/Toolchains/XcodeDefault.xctoolchain/usr/bin/install_name_tool: warning: changes being made to the file will invalidate the code signature in: /Users/jaydenmanno/AI/MoneyPrinterTurbo/desktop/build/final/stage/lib/libavdevice.63.1.101.dylib
    install_name_tool -change "/opt/homebrew/Cellar/openssl@3/3.6.3/lib/libssl.3.dylib" "@executable_path/../lib/libssl.3.dylib" "/Users/jaydenmanno/AI/MoneyPrinterTurbo/desktop/build/final/stage/lib/libavdevice.63.1.101.dylib"
/Applications/Xcode.app/Contents/Developer/Toolchains/XcodeDefault.xctoolchain/usr/bin/install_name_tool: warning: changes being made to the file will invalidate the code signature in: /Users/jaydenmanno/AI/MoneyPrinterTurbo/desktop/build/final/stage/lib/libavdevice.63.1.101.dylib
    install_name_tool -change "/opt/homebrew/opt/openssl@3/lib/libssl.3.dylib" "@executable_path/../lib/libssl.3.dylib" "/Users/jaydenmanno/AI/MoneyPrinterTurbo/desktop/build/final/stage/lib/libavdevice.63.1.101.dylib"
/Applications/Xcode.app/Contents/Developer/Toolchains/XcodeDefault.xctoolchain/usr/bin/install_name_tool: warning: changes being made to the file will invalidate the code signature in: /Users/jaydenmanno/AI/MoneyPrinterTurbo/desktop/build/final/stage/lib/libavdevice.63.1.101.dylib
    install_name_tool -change "/opt/homebrew/Cellar/openssl@3/3.6.3/lib/libcrypto.3.dylib" "@executable_path/../lib/libcrypto.3.dylib" "/Users/jaydenmanno/AI/MoneyPrinterTurbo/desktop/build/final/stage/lib/libavdevice.63.1.101.dylib"
/Applications/Xcode.app/Contents/Developer/Toolchains/XcodeDefault.xctoolchain/usr/bin/install_name_tool: warning: changes being made to the file will invalidate the code signature in: /Users/jaydenmanno/AI/MoneyPrinterTurbo/desktop/build/final/stage/lib/libavdevice.63.1.101.dylib
    install_name_tool -change "/opt/homebrew/opt/openssl@3/lib/libcrypto.3.dylib" "@executable_path/../lib/libcrypto.3.dylib" "/Users/jaydenmanno/AI/MoneyPrinterTurbo/desktop/build/final/stage/lib/libavdevice.63.1.101.dylib"
/Applications/Xcode.app/Contents/Developer/Toolchains/XcodeDefault.xctoolchain/usr/bin/install_name_tool: warning: changes being made to the file will invalidate the code signature in: /Users/jaydenmanno/AI/MoneyPrinterTurbo/desktop/build/final/stage/lib/libavdevice.63.1.101.dylib
    install_name_tool -change "/opt/homebrew/Cellar/libvpx/1.16.0/lib/libvpx.12.dylib" "@executable_path/../lib/libvpx.12.dylib" "/Users/jaydenmanno/AI/MoneyPrinterTurbo/desktop/build/final/stage/lib/libavdevice.63.1.101.dylib"
/Applications/Xcode.app/Contents/Developer/Toolchains/XcodeDefault.xctoolchain/usr/bin/install_name_tool: warning: changes being made to the file will invalidate the code signature in: /Users/jaydenmanno/AI/MoneyPrinterTurbo/desktop/build/final/stage/lib/libavdevice.63.1.101.dylib
    install_name_tool -change "/opt/homebrew/opt/libvpx/lib/libvpx.12.dylib" "@executable_path/../lib/libvpx.12.dylib" "/Users/jaydenmanno/AI/MoneyPrinterTurbo/desktop/build/final/stage/lib/libavdevice.63.1.101.dylib"
/Applications/Xcode.app/Contents/Developer/Toolchains/XcodeDefault.xctoolchain/usr/bin/install_name_tool: warning: changes being made to the file will invalidate the code signature in: /Users/jaydenmanno/AI/MoneyPrinterTurbo/desktop/build/final/stage/lib/libavdevice.63.1.101.dylib
    install_name_tool -change "/opt/homebrew/Cellar/xz/5.8.3/lib/liblzma.5.dylib" "@executable_path/../lib/liblzma.5.dylib" "/Users/jaydenmanno/AI/MoneyPrinterTurbo/desktop/build/final/stage/lib/libavdevice.63.1.101.dylib"
/Applications/Xcode.app/Contents/Developer/Toolchains/XcodeDefault.xctoolchain/usr/bin/install_name_tool: warning: changes being made to the file will invalidate the code signature in: /Users/jaydenmanno/AI/MoneyPrinterTurbo/desktop/build/final/stage/lib/libavdevice.63.1.101.dylib
    install_name_tool -change "/opt/homebrew/opt/xz/lib/liblzma.5.dylib" "@executable_path/../lib/liblzma.5.dylib" "/Users/jaydenmanno/AI/MoneyPrinterTurbo/desktop/build/final/stage/lib/libavdevice.63.1.101.dylib"
/Applications/Xcode.app/Contents/Developer/Toolchains/XcodeDefault.xctoolchain/usr/bin/install_name_tool: warning: changes being made to the file will invalidate the code signature in: /Users/jaydenmanno/AI/MoneyPrinterTurbo/desktop/build/final/stage/lib/libavdevice.63.1.101.dylib
    install_name_tool -change "/opt/homebrew/Cellar/dav1d/1.5.4/lib/libdav1d.7.dylib" "@executable_path/../lib/libdav1d.7.dylib" "/Users/jaydenmanno/AI/MoneyPrinterTurbo/desktop/build/final/stage/lib/libavdevice.63.1.101.dylib"
/Applications/Xcode.app/Contents/Developer/Toolchains/XcodeDefault.xctoolchain/usr/bin/install_name_tool: warning: changes being made to the file will invalidate the code signature in: /Users/jaydenmanno/AI/MoneyPrinterTurbo/desktop/build/final/stage/lib/libavdevice.63.1.101.dylib
    install_name_tool -change "/opt/homebrew/opt/dav1d/lib/libdav1d.7.dylib" "@executable_path/../lib/libdav1d.7.dylib" "/Users/jaydenmanno/AI/MoneyPrinterTurbo/desktop/build/final/stage/lib/libavdevice.63.1.101.dylib"
/Applications/Xcode.app/Contents/Developer/Toolchains/XcodeDefault.xctoolchain/usr/bin/install_name_tool: warning: changes being made to the file will invalidate the code signature in: /Users/jaydenmanno/AI/MoneyPrinterTurbo/desktop/build/final/stage/lib/libavdevice.63.1.101.dylib
    install_name_tool -change "/opt/homebrew/Cellar/lame/4.0/lib/libmp3lame.0.dylib" "@executable_path/../lib/libmp3lame.0.dylib" "/Users/jaydenmanno/AI/MoneyPrinterTurbo/desktop/build/final/stage/lib/libavdevice.63.1.101.dylib"
/Applications/Xcode.app/Contents/Developer/Toolchains/XcodeDefault.xctoolchain/usr/bin/install_name_tool: warning: changes being made to the file will invalidate the code signature in: /Users/jaydenmanno/AI/MoneyPrinterTurbo/desktop/build/final/stage/lib/libavdevice.63.1.101.dylib
    install_name_tool -change "/opt/homebrew/opt/lame/lib/libmp3lame.0.dylib" "@executable_path/../lib/libmp3lame.0.dylib" "/Users/jaydenmanno/AI/MoneyPrinterTurbo/desktop/build/final/stage/lib/libavdevice.63.1.101.dylib"
/Applications/Xcode.app/Contents/Developer/Toolchains/XcodeDefault.xctoolchain/usr/bin/install_name_tool: warning: changes being made to the file will invalidate the code signature in: /Users/jaydenmanno/AI/MoneyPrinterTurbo/desktop/build/final/stage/lib/libavdevice.63.1.101.dylib
    install_name_tool -change "/opt/homebrew/Cellar/opus/1.6.1/lib/libopus.0.dylib" "@executable_path/../lib/libopus.0.dylib" "/Users/jaydenmanno/AI/MoneyPrinterTurbo/desktop/build/final/stage/lib/libavdevice.63.1.101.dylib"
/Applications/Xcode.app/Contents/Developer/Toolchains/XcodeDefault.xctoolchain/usr/bin/install_name_tool: warning: changes being made to the file will invalidate the code signature in: /Users/jaydenmanno/AI/MoneyPrinterTurbo/desktop/build/final/stage/lib/libavdevice.63.1.101.dylib
    install_name_tool -change "/opt/homebrew/opt/opus/lib/libopus.0.dylib" "@executable_path/../lib/libopus.0.dylib" "/Users/jaydenmanno/AI/MoneyPrinterTurbo/desktop/build/final/stage/lib/libavdevice.63.1.101.dylib"
/Applications/Xcode.app/Contents/Developer/Toolchains/XcodeDefault.xctoolchain/usr/bin/install_name_tool: warning: changes being made to the file will invalidate the code signature in: /Users/jaydenmanno/AI/MoneyPrinterTurbo/desktop/build/final/stage/lib/libavdevice.63.1.101.dylib
    install_name_tool -change "/opt/homebrew/Cellar/svt-av1/4.2.0/lib/libSvtAv1Enc.4.2.0.dylib" "@executable_path/../lib/libSvtAv1Enc.4.2.0.dylib" "/Users/jaydenmanno/AI/MoneyPrinterTurbo/desktop/build/final/stage/lib/libavdevice.63.1.101.dylib"
/Applications/Xcode.app/Contents/Developer/Toolchains/XcodeDefault.xctoolchain/usr/bin/install_name_tool: warning: changes being made to the file will invalidate the code signature in: /Users/jaydenmanno/AI/MoneyPrinterTurbo/desktop/build/final/stage/lib/libavdevice.63.1.101.dylib
    install_name_tool -change "/opt/homebrew/opt/svt-av1/lib/libSvtAv1Enc.4.dylib" "@executable_path/../lib/libSvtAv1Enc.4.2.0.dylib" "/Users/jaydenmanno/AI/MoneyPrinterTurbo/desktop/build/final/stage/lib/libavdevice.63.1.101.dylib"
/Applications/Xcode.app/Contents/Developer/Toolchains/XcodeDefault.xctoolchain/usr/bin/install_name_tool: warning: changes being made to the file will invalidate the code signature in: /Users/jaydenmanno/AI/MoneyPrinterTurbo/desktop/build/final/stage/lib/libavdevice.63.1.101.dylib
    install_name_tool -change "/opt/homebrew/Cellar/x264/r3222/lib/libx264.165.dylib" "@executable_path/../lib/libx264.165.dylib" "/Users/jaydenmanno/AI/MoneyPrinterTurbo/desktop/build/final/stage/lib/libavdevice.63.1.101.dylib"
/Applications/Xcode.app/Contents/Developer/Toolchains/XcodeDefault.xctoolchain/usr/bin/install_name_tool: warning: changes being made to the file will invalidate the code signature in: /Users/jaydenmanno/AI/MoneyPrinterTurbo/desktop/build/final/stage/lib/libavdevice.63.1.101.dylib
    install_name_tool -change "/opt/homebrew/opt/x264/lib/libx264.165.dylib" "@executable_path/../lib/libx264.165.dylib" "/Users/jaydenmanno/AI/MoneyPrinterTurbo/desktop/build/final/stage/lib/libavdevice.63.1.101.dylib"
/Applications/Xcode.app/Contents/Developer/Toolchains/XcodeDefault.xctoolchain/usr/bin/install_name_tool: warning: changes being made to the file will invalidate the code signature in: /Users/jaydenmanno/AI/MoneyPrinterTurbo/desktop/build/final/stage/lib/libavdevice.63.1.101.dylib
    install_name_tool -change "/opt/homebrew/Cellar/x265/4.2/lib/libx265.216.dylib" "@executable_path/../lib/libx265.216.dylib" "/Users/jaydenmanno/AI/MoneyPrinterTurbo/desktop/build/final/stage/lib/libavdevice.63.1.101.dylib"
/Applications/Xcode.app/Contents/Developer/Toolchains/XcodeDefault.xctoolchain/usr/bin/install_name_tool: warning: changes being made to the file will invalidate the code signature in: /Users/jaydenmanno/AI/MoneyPrinterTurbo/desktop/build/final/stage/lib/libavdevice.63.1.101.dylib
    install_name_tool -change "/opt/homebrew/opt/x265/lib/libx265.216.dylib" "@executable_path/../lib/libx265.216.dylib" "/Users/jaydenmanno/AI/MoneyPrinterTurbo/desktop/build/final/stage/lib/libavdevice.63.1.101.dylib"
/Applications/Xcode.app/Contents/Developer/Toolchains/XcodeDefault.xctoolchain/usr/bin/install_name_tool: warning: changes being made to the file will invalidate the code signature in: /Users/jaydenmanno/AI/MoneyPrinterTurbo/desktop/build/final/stage/lib/libavdevice.63.1.101.dylib
    codesign --force --deep --preserve-metadata=entitlements,requirements,flags,runtime --sign - "/Users/jaydenmanno/AI/MoneyPrinterTurbo/desktop/build/final/stage/lib/libavdevice.63.1.101.dylib"
/Users/jaydenmanno/AI/MoneyPrinterTurbo/desktop/build/final/stage/lib/libavdevice.63.1.101.dylib: replacing existing signature

* Processing /Users/jaydenmanno/AI/MoneyPrinterTurbo/desktop/build/final/stage/bin/ffprobe
    chmod +w "/Users/jaydenmanno/AI/MoneyPrinterTurbo/desktop/build/final/stage/bin/ffprobe"
  * Fixing dependencies on /Users/jaydenmanno/AI/MoneyPrinterTurbo/desktop/build/final/stage/bin/ffprobe
    install_name_tool -change "/opt/homebrew/Cellar/ffmpeg/9.0.1/lib/libavdevice.63.1.101.dylib" "@executable_path/../lib/libavdevice.63.1.101.dylib" "/Users/jaydenmanno/AI/MoneyPrinterTurbo/desktop/build/final/stage/bin/ffprobe"
/Applications/Xcode.app/Contents/Developer/Toolchains/XcodeDefault.xctoolchain/usr/bin/install_name_tool: warning: changes being made to the file will invalidate the code signature in: /Users/jaydenmanno/AI/MoneyPrinterTurbo/desktop/build/final/stage/bin/ffprobe
    install_name_tool -change "/opt/homebrew/Cellar/ffmpeg/9.0.1/lib/libavdevice.63.dylib" "@executable_path/../lib/libavdevice.63.1.101.dylib" "/Users/jaydenmanno/AI/MoneyPrinterTurbo/desktop/build/final/stage/bin/ffprobe"
/Applications/Xcode.app/Contents/Developer/Toolchains/XcodeDefault.xctoolchain/usr/bin/install_name_tool: warning: changes being made to the file will invalidate the code signature in: /Users/jaydenmanno/AI/MoneyPrinterTurbo/desktop/build/final/stage/bin/ffprobe
    install_name_tool -change "/opt/homebrew/Cellar/ffmpeg/9.0.1/lib/libavfilter.12.1.101.dylib" "@executable_path/../lib/libavfilter.12.1.101.dylib" "/Users/jaydenmanno/AI/MoneyPrinterTurbo/desktop/build/final/stage/bin/ffprobe"
/Applications/Xcode.app/Contents/Developer/Toolchains/XcodeDefault.xctoolchain/usr/bin/install_name_tool: warning: changes being made to the file will invalidate the code signature in: /Users/jaydenmanno/AI/MoneyPrinterTurbo/desktop/build/final/stage/bin/ffprobe
    install_name_tool -change "/opt/homebrew/Cellar/ffmpeg/9.0.1/lib/libavfilter.12.dylib" "@executable_path/../lib/libavfilter.12.1.101.dylib" "/Users/jaydenmanno/AI/MoneyPrinterTurbo/desktop/build/final/stage/bin/ffprobe"
/Applications/Xcode.app/Contents/Developer/Toolchains/XcodeDefault.xctoolchain/usr/bin/install_name_tool: warning: changes being made to the file will invalidate the code signature in: /Users/jaydenmanno/AI/MoneyPrinterTurbo/desktop/build/final/stage/bin/ffprobe
    install_name_tool -change "/opt/homebrew/Cellar/ffmpeg/9.0.1/lib/libavformat.63.1.101.dylib" "@executable_path/../lib/libavformat.63.1.101.dylib" "/Users/jaydenmanno/AI/MoneyPrinterTurbo/desktop/build/final/stage/bin/ffprobe"
/Applications/Xcode.app/Contents/Developer/Toolchains/XcodeDefault.xctoolchain/usr/bin/install_name_tool: warning: changes being made to the file will invalidate the code signature in: /Users/jaydenmanno/AI/MoneyPrinterTurbo/desktop/build/final/stage/bin/ffprobe
    install_name_tool -change "/opt/homebrew/Cellar/ffmpeg/9.0.1/lib/libavformat.63.dylib" "@executable_path/../lib/libavformat.63.1.101.dylib" "/Users/jaydenmanno/AI/MoneyPrinterTurbo/desktop/build/final/stage/bin/ffprobe"
/Applications/Xcode.app/Contents/Developer/Toolchains/XcodeDefault.xctoolchain/usr/bin/install_name_tool: warning: changes being made to the file will invalidate the code signature in: /Users/jaydenmanno/AI/MoneyPrinterTurbo/desktop/build/final/stage/bin/ffprobe
    install_name_tool -change "/opt/homebrew/Cellar/ffmpeg/9.0.1/lib/libavcodec.63.1.101.dylib" "@executable_path/../lib/libavcodec.63.1.101.dylib" "/Users/jaydenmanno/AI/MoneyPrinterTurbo/desktop/build/final/stage/bin/ffprobe"
/Applications/Xcode.app/Contents/Developer/Toolchains/XcodeDefault.xctoolchain/usr/bin/install_name_tool: warning: changes being made to the file will invalidate the code signature in: /Users/jaydenmanno/AI/MoneyPrinterTurbo/desktop/build/final/stage/bin/ffprobe
    install_name_tool -change "/opt/homebrew/Cellar/ffmpeg/9.0.1/lib/libavcodec.63.dylib" "@executable_path/../lib/libavcodec.63.1.101.dylib" "/Users/jaydenmanno/AI/MoneyPrinterTurbo/desktop/build/final/stage/bin/ffprobe"
/Applications/Xcode.app/Contents/Developer/Toolchains/XcodeDefault.xctoolchain/usr/bin/install_name_tool: warning: changes being made to the file will invalidate the code signature in: /Users/jaydenmanno/AI/MoneyPrinterTurbo/desktop/build/final/stage/bin/ffprobe
    install_name_tool -change "/opt/homebrew/Cellar/ffmpeg/9.0.1/lib/libswresample.7.1.101.dylib" "@executable_path/../lib/libswresample.7.1.101.dylib" "/Users/jaydenmanno/AI/MoneyPrinterTurbo/desktop/build/final/stage/bin/ffprobe"
/Applications/Xcode.app/Contents/Developer/Toolchains/XcodeDefault.xctoolchain/usr/bin/install_name_tool: warning: changes being made to the file will invalidate the code signature in: /Users/jaydenmanno/AI/MoneyPrinterTurbo/desktop/build/final/stage/bin/ffprobe
    install_name_tool -change "/opt/homebrew/Cellar/ffmpeg/9.0.1/lib/libswresample.7.dylib" "@executable_path/../lib/libswresample.7.1.101.dylib" "/Users/jaydenmanno/AI/MoneyPrinterTurbo/desktop/build/final/stage/bin/ffprobe"
/Applications/Xcode.app/Contents/Developer/Toolchains/XcodeDefault.xctoolchain/usr/bin/install_name_tool: warning: changes being made to the file will invalidate the code signature in: /Users/jaydenmanno/AI/MoneyPrinterTurbo/desktop/build/final/stage/bin/ffprobe
    install_name_tool -change "/opt/homebrew/Cellar/ffmpeg/9.0.1/lib/libswscale.10.1.101.dylib" "@executable_path/../lib/libswscale.10.1.101.dylib" "/Users/jaydenmanno/AI/MoneyPrinterTurbo/desktop/build/final/stage/bin/ffprobe"
/Applications/Xcode.app/Contents/Developer/Toolchains/XcodeDefault.xctoolchain/usr/bin/install_name_tool: warning: changes being made to the file will invalidate the code signature in: /Users/jaydenmanno/AI/MoneyPrinterTurbo/desktop/build/final/stage/bin/ffprobe
    install_name_tool -change "/opt/homebrew/Cellar/ffmpeg/9.0.1/lib/libswscale.10.dylib" "@executable_path/../lib/libswscale.10.1.101.dylib" "/Users/jaydenmanno/AI/MoneyPrinterTurbo/desktop/build/final/stage/bin/ffprobe"
/Applications/Xcode.app/Contents/Developer/Toolchains/XcodeDefault.xctoolchain/usr/bin/install_name_tool: warning: changes being made to the file will invalidate the code signature in: /Users/jaydenmanno/AI/MoneyPrinterTurbo/desktop/build/final/stage/bin/ffprobe
    install_name_tool -change "/opt/homebrew/Cellar/ffmpeg/9.0.1/lib/libavutil.61.1.101.dylib" "@executable_path/../lib/libavutil.61.1.101.dylib" "/Users/jaydenmanno/AI/MoneyPrinterTurbo/desktop/build/final/stage/bin/ffprobe"
/Applications/Xcode.app/Contents/Developer/Toolchains/XcodeDefault.xctoolchain/usr/bin/install_name_tool: warning: changes being made to the file will invalidate the code signature in: /Users/jaydenmanno/AI/MoneyPrinterTurbo/desktop/build/final/stage/bin/ffprobe
    install_name_tool -change "/opt/homebrew/Cellar/ffmpeg/9.0.1/lib/libavutil.61.dylib" "@executable_path/../lib/libavutil.61.1.101.dylib" "/Users/jaydenmanno/AI/MoneyPrinterTurbo/desktop/build/final/stage/bin/ffprobe"
/Applications/Xcode.app/Contents/Developer/Toolchains/XcodeDefault.xctoolchain/usr/bin/install_name_tool: warning: changes being made to the file will invalidate the code signature in: /Users/jaydenmanno/AI/MoneyPrinterTurbo/desktop/build/final/stage/bin/ffprobe
    install_name_tool -change "/opt/homebrew/Cellar/libvmaf/3.2.0/lib/libvmaf.3.dylib" "@executable_path/../lib/libvmaf.3.dylib" "/Users/jaydenmanno/AI/MoneyPrinterTurbo/desktop/build/final/stage/bin/ffprobe"
/Applications/Xcode.app/Contents/Developer/Toolchains/XcodeDefault.xctoolchain/usr/bin/install_name_tool: warning: changes being made to the file will invalidate the code signature in: /Users/jaydenmanno/AI/MoneyPrinterTurbo/desktop/build/final/stage/bin/ffprobe
    install_name_tool -change "/opt/homebrew/opt/libvmaf/lib/libvmaf.3.dylib" "@executable_path/../lib/libvmaf.3.dylib" "/Users/jaydenmanno/AI/MoneyPrinterTurbo/desktop/build/final/stage/bin/ffprobe"
/Applications/Xcode.app/Contents/Developer/Toolchains/XcodeDefault.xctoolchain/usr/bin/install_name_tool: warning: changes being made to the file will invalidate the code signature in: /Users/jaydenmanno/AI/MoneyPrinterTurbo/desktop/build/final/stage/bin/ffprobe
    install_name_tool -change "/opt/homebrew/Cellar/openssl@3/3.6.3/lib/libssl.3.dylib" "@executable_path/../lib/libssl.3.dylib" "/Users/jaydenmanno/AI/MoneyPrinterTurbo/desktop/build/final/stage/bin/ffprobe"
/Applications/Xcode.app/Contents/Developer/Toolchains/XcodeDefault.xctoolchain/usr/bin/install_name_tool: warning: changes being made to the file will invalidate the code signature in: /Users/jaydenmanno/AI/MoneyPrinterTurbo/desktop/build/final/stage/bin/ffprobe
    install_name_tool -change "/opt/homebrew/opt/openssl@3/lib/libssl.3.dylib" "@executable_path/../lib/libssl.3.dylib" "/Users/jaydenmanno/AI/MoneyPrinterTurbo/desktop/build/final/stage/bin/ffprobe"
/Applications/Xcode.app/Contents/Developer/Toolchains/XcodeDefault.xctoolchain/usr/bin/install_name_tool: warning: changes being made to the file will invalidate the code signature in: /Users/jaydenmanno/AI/MoneyPrinterTurbo/desktop/build/final/stage/bin/ffprobe
    install_name_tool -change "/opt/homebrew/Cellar/openssl@3/3.6.3/lib/libcrypto.3.dylib" "@executable_path/../lib/libcrypto.3.dylib" "/Users/jaydenmanno/AI/MoneyPrinterTurbo/desktop/build/final/stage/bin/ffprobe"
/Applications/Xcode.app/Contents/Developer/Toolchains/XcodeDefault.xctoolchain/usr/bin/install_name_tool: warning: changes being made to the file will invalidate the code signature in: /Users/jaydenmanno/AI/MoneyPrinterTurbo/desktop/build/final/stage/bin/ffprobe
    install_name_tool -change "/opt/homebrew/opt/openssl@3/lib/libcrypto.3.dylib" "@executable_path/../lib/libcrypto.3.dylib" "/Users/jaydenmanno/AI/MoneyPrinterTurbo/desktop/build/final/stage/bin/ffprobe"
/Applications/Xcode.app/Contents/Developer/Toolchains/XcodeDefault.xctoolchain/usr/bin/install_name_tool: warning: changes being made to the file will invalidate the code signature in: /Users/jaydenmanno/AI/MoneyPrinterTurbo/desktop/build/final/stage/bin/ffprobe
    install_name_tool -change "/opt/homebrew/Cellar/libvpx/1.16.0/lib/libvpx.12.dylib" "@executable_path/../lib/libvpx.12.dylib" "/Users/jaydenmanno/AI/MoneyPrinterTurbo/desktop/build/final/stage/bin/ffprobe"
/Applications/Xcode.app/Contents/Developer/Toolchains/XcodeDefault.xctoolchain/usr/bin/install_name_tool: warning: changes being made to the file will invalidate the code signature in: /Users/jaydenmanno/AI/MoneyPrinterTurbo/desktop/build/final/stage/bin/ffprobe
    install_name_tool -change "/opt/homebrew/opt/libvpx/lib/libvpx.12.dylib" "@executable_path/../lib/libvpx.12.dylib" "/Users/jaydenmanno/AI/MoneyPrinterTurbo/desktop/build/final/stage/bin/ffprobe"
/Applications/Xcode.app/Contents/Developer/Toolchains/XcodeDefault.xctoolchain/usr/bin/install_name_tool: warning: changes being made to the file will invalidate the code signature in: /Users/jaydenmanno/AI/MoneyPrinterTurbo/desktop/build/final/stage/bin/ffprobe
    install_name_tool -change "/opt/homebrew/Cellar/xz/5.8.3/lib/liblzma.5.dylib" "@executable_path/../lib/liblzma.5.dylib" "/Users/jaydenmanno/AI/MoneyPrinterTurbo/desktop/build/final/stage/bin/ffprobe"
/Applications/Xcode.app/Contents/Developer/Toolchains/XcodeDefault.xctoolchain/usr/bin/install_name_tool: warning: changes being made to the file will invalidate the code signature in: /Users/jaydenmanno/AI/MoneyPrinterTurbo/desktop/build/final/stage/bin/ffprobe
    install_name_tool -change "/opt/homebrew/opt/xz/lib/liblzma.5.dylib" "@executable_path/../lib/liblzma.5.dylib" "/Users/jaydenmanno/AI/MoneyPrinterTurbo/desktop/build/final/stage/bin/ffprobe"
/Applications/Xcode.app/Contents/Developer/Toolchains/XcodeDefault.xctoolchain/usr/bin/install_name_tool: warning: changes being made to the file will invalidate the code signature in: /Users/jaydenmanno/AI/MoneyPrinterTurbo/desktop/build/final/stage/bin/ffprobe
    install_name_tool -change "/opt/homebrew/Cellar/dav1d/1.5.4/lib/libdav1d.7.dylib" "@executable_path/../lib/libdav1d.7.dylib" "/Users/jaydenmanno/AI/MoneyPrinterTurbo/desktop/build/final/stage/bin/ffprobe"
/Applications/Xcode.app/Contents/Developer/Toolchains/XcodeDefault.xctoolchain/usr/bin/install_name_tool: warning: changes being made to the file will invalidate the code signature in: /Users/jaydenmanno/AI/MoneyPrinterTurbo/desktop/build/final/stage/bin/ffprobe
    install_name_tool -change "/opt/homebrew/opt/dav1d/lib/libdav1d.7.dylib" "@executable_path/../lib/libdav1d.7.dylib" "/Users/jaydenmanno/AI/MoneyPrinterTurbo/desktop/build/final/stage/bin/ffprobe"
/Applications/Xcode.app/Contents/Developer/Toolchains/XcodeDefault.xctoolchain/usr/bin/install_name_tool: warning: changes being made to the file will invalidate the code signature in: /Users/jaydenmanno/AI/MoneyPrinterTurbo/desktop/build/final/stage/bin/ffprobe
    install_name_tool -change "/opt/homebrew/Cellar/lame/4.0/lib/libmp3lame.0.dylib" "@executable_path/../lib/libmp3lame.0.dylib" "/Users/jaydenmanno/AI/MoneyPrinterTurbo/desktop/build/final/stage/bin/ffprobe"
/Applications/Xcode.app/Contents/Developer/Toolchains/XcodeDefault.xctoolchain/usr/bin/install_name_tool: warning: changes being made to the file will invalidate the code signature in: /Users/jaydenmanno/AI/MoneyPrinterTurbo/desktop/build/final/stage/bin/ffprobe
    install_name_tool -change "/opt/homebrew/opt/lame/lib/libmp3lame.0.dylib" "@executable_path/../lib/libmp3lame.0.dylib" "/Users/jaydenmanno/AI/MoneyPrinterTurbo/desktop/build/final/stage/bin/ffprobe"
/Applications/Xcode.app/Contents/Developer/Toolchains/XcodeDefault.xctoolchain/usr/bin/install_name_tool: warning: changes being made to the file will invalidate the code signature in: /Users/jaydenmanno/AI/MoneyPrinterTurbo/desktop/build/final/stage/bin/ffprobe
    install_name_tool -change "/opt/homebrew/Cellar/opus/1.6.1/lib/libopus.0.dylib" "@executable_path/../lib/libopus.0.dylib" "/Users/jaydenmanno/AI/MoneyPrinterTurbo/desktop/build/final/stage/bin/ffprobe"
/Applications/Xcode.app/Contents/Developer/Toolchains/XcodeDefault.xctoolchain/usr/bin/install_name_tool: warning: changes being made to the file will invalidate the code signature in: /Users/jaydenmanno/AI/MoneyPrinterTurbo/desktop/build/final/stage/bin/ffprobe
    install_name_tool -change "/opt/homebrew/opt/opus/lib/libopus.0.dylib" "@executable_path/../lib/libopus.0.dylib" "/Users/jaydenmanno/AI/MoneyPrinterTurbo/desktop/build/final/stage/bin/ffprobe"
/Applications/Xcode.app/Contents/Developer/Toolchains/XcodeDefault.xctoolchain/usr/bin/install_name_tool: warning: changes being made to the file will invalidate the code signature in: /Users/jaydenmanno/AI/MoneyPrinterTurbo/desktop/build/final/stage/bin/ffprobe
    install_name_tool -change "/opt/homebrew/Cellar/svt-av1/4.2.0/lib/libSvtAv1Enc.4.2.0.dylib" "@executable_path/../lib/libSvtAv1Enc.4.2.0.dylib" "/Users/jaydenmanno/AI/MoneyPrinterTurbo/desktop/build/final/stage/bin/ffprobe"
/Applications/Xcode.app/Contents/Developer/Toolchains/XcodeDefault.xctoolchain/usr/bin/install_name_tool: warning: changes being made to the file will invalidate the code signature in: /Users/jaydenmanno/AI/MoneyPrinterTurbo/desktop/build/final/stage/bin/ffprobe
    install_name_tool -change "/opt/homebrew/opt/svt-av1/lib/libSvtAv1Enc.4.dylib" "@executable_path/../lib/libSvtAv1Enc.4.2.0.dylib" "/Users/jaydenmanno/AI/MoneyPrinterTurbo/desktop/build/final/stage/bin/ffprobe"
/Applications/Xcode.app/Contents/Developer/Toolchains/XcodeDefault.xctoolchain/usr/bin/install_name_tool: warning: changes being made to the file will invalidate the code signature in: /Users/jaydenmanno/AI/MoneyPrinterTurbo/desktop/build/final/stage/bin/ffprobe
    install_name_tool -change "/opt/homebrew/Cellar/x264/r3222/lib/libx264.165.dylib" "@executable_path/../lib/libx264.165.dylib" "/Users/jaydenmanno/AI/MoneyPrinterTurbo/desktop/build/final/stage/bin/ffprobe"
/Applications/Xcode.app/Contents/Developer/Toolchains/XcodeDefault.xctoolchain/usr/bin/install_name_tool: warning: changes being made to the file will invalidate the code signature in: /Users/jaydenmanno/AI/MoneyPrinterTurbo/desktop/build/final/stage/bin/ffprobe
    install_name_tool -change "/opt/homebrew/opt/x264/lib/libx264.165.dylib" "@executable_path/../lib/libx264.165.dylib" "/Users/jaydenmanno/AI/MoneyPrinterTurbo/desktop/build/final/stage/bin/ffprobe"
/Applications/Xcode.app/Contents/Developer/Toolchains/XcodeDefault.xctoolchain/usr/bin/install_name_tool: warning: changes being made to the file will invalidate the code signature in: /Users/jaydenmanno/AI/MoneyPrinterTurbo/desktop/build/final/stage/bin/ffprobe
    install_name_tool -change "/opt/homebrew/Cellar/x265/4.2/lib/libx265.216.dylib" "@executable_path/../lib/libx265.216.dylib" "/Users/jaydenmanno/AI/MoneyPrinterTurbo/desktop/build/final/stage/bin/ffprobe"
/Applications/Xcode.app/Contents/Developer/Toolchains/XcodeDefault.xctoolchain/usr/bin/install_name_tool: warning: changes being made to the file will invalidate the code signature in: /Users/jaydenmanno/AI/MoneyPrinterTurbo/desktop/build/final/stage/bin/ffprobe
    install_name_tool -change "/opt/homebrew/opt/x265/lib/libx265.216.dylib" "@executable_path/../lib/libx265.216.dylib" "/Users/jaydenmanno/AI/MoneyPrinterTurbo/desktop/build/final/stage/bin/ffprobe"
/Applications/Xcode.app/Contents/Developer/Toolchains/XcodeDefault.xctoolchain/usr/bin/install_name_tool: warning: changes being made to the file will invalidate the code signature in: /Users/jaydenmanno/AI/MoneyPrinterTurbo/desktop/build/final/stage/bin/ffprobe
    codesign --force --deep --preserve-metadata=entitlements,requirements,flags,runtime --sign - "/Users/jaydenmanno/AI/MoneyPrinterTurbo/desktop/build/final/stage/bin/ffprobe"
/Users/jaydenmanno/AI/MoneyPrinterTurbo/desktop/build/final/stage/bin/ffprobe: replacing existing signature
37 INFO: PyInstaller: 6.16.0, contrib hooks: 2026.6
37 INFO: Python: 3.11.16
44 INFO: Platform: macOS-26.5.2-arm64-arm-64bit
44 INFO: Python environment: /Users/jaydenmanno/AI/MoneyPrinterTurbo/.venv
46 INFO: Removing temporary files and cleaning cache in /Users/jaydenmanno/Library/Application Support/pyinstaller
2026-08-22 19:17:02.695 | INFO     | app.config.config:load_config:483 - loading application configuration
2026-08-22 19:17:02.696 | INFO     | app.config.config:<module>:597 - MoneyPrinterTurbo v1.3.4
78 WARNING: Failed to collect submodules for 'streamlit_tour' because importing 'streamlit_tour' raised: streamlit.errors.StreamlitAPIException: Component 'streamlit-tour.streamlit_tour' must be declared in pyproject.toml with asset_dir to use file-backed js.
1195 INFO: Module search paths (PYTHONPATH):
['/Users/jaydenmanno/AI/MoneyPrinterTurbo',
 '/Users/jaydenmanno/.local/share/uv/python/cpython-3.11.16-macos-aarch64-none/lib/python311.zip',
 '/Users/jaydenmanno/.local/share/uv/python/cpython-3.11.16-macos-aarch64-none/lib/python3.11',
 '/Users/jaydenmanno/.local/share/uv/python/cpython-3.11-macos-aarch64-none/lib/python3.11/lib-dynload',
 '/Users/jaydenmanno/AI/MoneyPrinterTurbo/.venv/lib/python3.11/site-packages',
 '/Users/jaydenmanno/AI/MoneyPrinterTurbo/desktop',
 '/Users/jaydenmanno/AI/MoneyPrinterTurbo',
 '/Users/jaydenmanno/AI/MoneyPrinterTurbo/desktop/build/final/stage/first_party']
1289 INFO: Appending 'binaries' from .spec
1289 INFO: Appending 'datas' from .spec
1299 INFO: checking Analysis
1299 INFO: Building Analysis because Analysis-00.toc is non existent
1299 INFO: Looking for Python shared library...
1305 INFO: Using Python shared library: /Users/jaydenmanno/.local/share/uv/python/cpython-3.11.16-macos-aarch64-none/lib/libpython3.11.dylib
1305 INFO: Running Analysis Analysis-00.toc
1305 INFO: Target bytecode optimization level: 0
1305 INFO: Initializing module dependency graph...
1305 INFO: Initializing module graph hook caches...
1313 INFO: Analyzing modules for base_library.zip ...
1524 INFO: Processing standard module hook 'hook-heapq.py' from '/Users/jaydenmanno/AI/MoneyPrinterTurbo/.venv/lib/python3.11/site-packages/PyInstaller/hooks'
1553 INFO: Processing standard module hook 'hook-encodings.py' from '/Users/jaydenmanno/AI/MoneyPrinterTurbo/.venv/lib/python3.11/site-packages/PyInstaller/hooks'
2085 INFO: Processing standard module hook 'hook-pickle.py' from '/Users/jaydenmanno/AI/MoneyPrinterTurbo/.venv/lib/python3.11/site-packages/PyInstaller/hooks'
2575 INFO: Caching module dependency graph...
2589 INFO: Analyzing /Users/jaydenmanno/AI/MoneyPrinterTurbo/desktop/turbo_video_desktop.py
2743 INFO: Processing standard module hook 'hook-webview.py' from '/Users/jaydenmanno/AI/MoneyPrinterTurbo/.venv/lib/python3.11/site-packages/webview/__pyinstaller'
2757 INFO: Processing standard module hook 'hook-platform.py' from '/Users/jaydenmanno/AI/MoneyPrinterTurbo/.venv/lib/python3.11/site-packages/PyInstaller/hooks'
2768 INFO: Processing standard module hook 'hook-xml.py' from '/Users/jaydenmanno/AI/MoneyPrinterTurbo/.venv/lib/python3.11/site-packages/PyInstaller/hooks'
2947 INFO: Processing standard module hook 'hook-multiprocessing.util.py' from '/Users/jaydenmanno/AI/MoneyPrinterTurbo/.venv/lib/python3.11/site-packages/PyInstaller/hooks'
3034 INFO: Processing standard module hook 'hook-_ctypes.py' from '/Users/jaydenmanno/AI/MoneyPrinterTurbo/.venv/lib/python3.11/site-packages/PyInstaller/hooks'
3166 INFO: Processing standard module hook 'hook-jinja2.py' from '/Users/jaydenmanno/AI/MoneyPrinterTurbo/.venv/lib/python3.11/site-packages/_pyinstaller_hooks_contrib/stdhooks'
3170 INFO: Processing pre-safe-import-module hook 'hook-typing_extensions.py' from '/Users/jaydenmanno/AI/MoneyPrinterTurbo/.venv/lib/python3.11/site-packages/PyInstaller/hooks/pre_safe_import_module'
3171 INFO: SetuptoolsInfo: initializing cached setuptools info...
3596 INFO: Processing pre-safe-import-module hook 'hook-gi.py' from '/Users/jaydenmanno/AI/MoneyPrinterTurbo/.venv/lib/python3.11/site-packages/PyInstaller/hooks/pre_safe_import_module'
3828 INFO: Processing standard module hook 'hook-xml.etree.cElementTree.py' from '/Users/jaydenmanno/AI/MoneyPrinterTurbo/.venv/lib/python3.11/site-packages/PyInstaller/hooks'
4265 INFO: Processing standard module hook 'hook-sysconfig.py' from '/Users/jaydenmanno/AI/MoneyPrinterTurbo/.venv/lib/python3.11/site-packages/PyInstaller/hooks'
4270 INFO: Processing standard module hook 'hook-_osx_support.py' from '/Users/jaydenmanno/AI/MoneyPrinterTurbo/.venv/lib/python3.11/site-packages/PyInstaller/hooks'
4319 INFO: Processing standard module hook 'hook-cryptography.py' from '/Users/jaydenmanno/AI/MoneyPrinterTurbo/.venv/lib/python3.11/site-packages/_pyinstaller_hooks_contrib/stdhooks'
4543 INFO: hook-cryptography: cryptography does not seem to be using dynamically linked OpenSSL.
4978 INFO: Processing standard module hook 'hook-numpy.py' from '/Users/jaydenmanno/AI/MoneyPrinterTurbo/.venv/lib/python3.11/site-packages/PyInstaller/hooks'
5144 INFO: Processing standard module hook 'hook-difflib.py' from '/Users/jaydenmanno/AI/MoneyPrinterTurbo/.venv/lib/python3.11/site-packages/PyInstaller/hooks'
5746 INFO: Processing standard module hook 'hook-charset_normalizer.py' from '/Users/jaydenmanno/AI/MoneyPrinterTurbo/.venv/lib/python3.11/site-packages/_pyinstaller_hooks_contrib/stdhooks'
6334 INFO: Processing standard module hook 'hook-py.py' from '/Users/jaydenmanno/AI/MoneyPrinterTurbo/.venv/lib/python3.11/site-packages/_pyinstaller_hooks_contrib/stdhooks'
6444 INFO: Processing standard module hook 'hook-pygments.py' from '/Users/jaydenmanno/AI/MoneyPrinterTurbo/.venv/lib/python3.11/site-packages/PyInstaller/hooks'
6765 INFO: Processing pre-safe-import-module hook 'hook-packaging.py' from '/Users/jaydenmanno/AI/MoneyPrinterTurbo/.venv/lib/python3.11/site-packages/PyInstaller/hooks/pre_safe_import_module'
6820 INFO: Processing pre-safe-import-module hook 'hook-tomli.py' from '/Users/jaydenmanno/AI/MoneyPrinterTurbo/.venv/lib/python3.11/site-packages/PyInstaller/hooks/pre_safe_import_module'
6820 INFO: Setuptools: 'tomli' appears to be a setuptools-vendored copy - creating alias to 'setuptools._vendor.tomli'!
6822 INFO: Processing standard module hook 'hook-setuptools.py' from '/Users/jaydenmanno/AI/MoneyPrinterTurbo/.venv/lib/python3.11/site-packages/PyInstaller/hooks'
6826 INFO: Processing pre-safe-import-module hook 'hook-distutils.py' from '/Users/jaydenmanno/AI/MoneyPrinterTurbo/.venv/lib/python3.11/site-packages/PyInstaller/hooks/pre_safe_import_module'
6826 INFO: Processing pre-find-module-path hook 'hook-distutils.py' from '/Users/jaydenmanno/AI/MoneyPrinterTurbo/.venv/lib/python3.11/site-packages/PyInstaller/hooks/pre_find_module_path'
6903 INFO: Processing standard module hook 'hook-distutils.py' from '/Users/jaydenmanno/AI/MoneyPrinterTurbo/.venv/lib/python3.11/site-packages/PyInstaller/hooks'
6912 INFO: Processing standard module hook 'hook-distutils.util.py' from '/Users/jaydenmanno/AI/MoneyPrinterTurbo/.venv/lib/python3.11/site-packages/PyInstaller/hooks'
7002 INFO: Processing pre-safe-import-module hook 'hook-more_itertools.py' from '/Users/jaydenmanno/AI/MoneyPrinterTurbo/.venv/lib/python3.11/site-packages/PyInstaller/hooks/pre_safe_import_module'
7003 INFO: Setuptools: 'more_itertools' appears to be a setuptools-vendored copy - creating alias to 'setuptools._vendor.more_itertools'!
7051 INFO: Processing pre-safe-import-module hook 'hook-jaraco.functools.py' from '/Users/jaydenmanno/AI/MoneyPrinterTurbo/.venv/lib/python3.11/site-packages/PyInstaller/hooks/pre_safe_import_module'
7051 INFO: Setuptools: 'jaraco.functools' appears to be a setuptools-vendored copy - creating alias to 'setuptools._vendor.jaraco.functools'!
7055 INFO: Processing pre-safe-import-module hook 'hook-jaraco.text.py' from '/Users/jaydenmanno/AI/MoneyPrinterTurbo/.venv/lib/python3.11/site-packages/PyInstaller/hooks/pre_safe_import_module'
7055 INFO: Setuptools: 'jaraco.text' appears to be a setuptools-vendored copy - creating alias to 'setuptools._vendor.jaraco.text'!
7058 INFO: Processing standard module hook 'hook-setuptools._vendor.jaraco.text.py' from '/Users/jaydenmanno/AI/MoneyPrinterTurbo/.venv/lib/python3.11/site-packages/PyInstaller/hooks'
7059 INFO: Processing pre-safe-import-module hook 'hook-importlib_resources.py' from '/Users/jaydenmanno/AI/MoneyPrinterTurbo/.venv/lib/python3.11/site-packages/PyInstaller/hooks/pre_safe_import_module'
7059 INFO: Processing pre-safe-import-module hook 'hook-jaraco.context.py' from '/Users/jaydenmanno/AI/MoneyPrinterTurbo/.venv/lib/python3.11/site-packages/PyInstaller/hooks/pre_safe_import_module'
7060 INFO: Setuptools: 'jaraco.context' appears to be a setuptools-vendored copy - creating alias to 'setuptools._vendor.jaraco.context'!
7062 INFO: Processing pre-safe-import-module hook 'hook-importlib_metadata.py' from '/Users/jaydenmanno/AI/MoneyPrinterTurbo/.venv/lib/python3.11/site-packages/PyInstaller/hooks/pre_safe_import_module'
7070 INFO: Processing standard module hook 'hook-importlib_metadata.py' from '/Users/jaydenmanno/AI/MoneyPrinterTurbo/.venv/lib/python3.11/site-packages/PyInstaller/hooks'
7076 INFO: Processing pre-safe-import-module hook 'hook-zipp.py' from '/Users/jaydenmanno/AI/MoneyPrinterTurbo/.venv/lib/python3.11/site-packages/PyInstaller/hooks/pre_safe_import_module'
7354 INFO: Processing pre-safe-import-module hook 'hook-wheel.py' from '/Users/jaydenmanno/AI/MoneyPrinterTurbo/.venv/lib/python3.11/site-packages/PyInstaller/hooks/pre_safe_import_module'
7354 INFO: Setuptools: 'wheel' appears to be a setuptools-vendored copy - creating alias to 'setuptools._vendor.wheel'!
7563 INFO: Processing standard module hook 'hook-pytest.py' from '/Users/jaydenmanno/AI/MoneyPrinterTurbo/.venv/lib/python3.11/site-packages/_pyinstaller_hooks_contrib/stdhooks'
11637 INFO: Processing standard module hook 'hook-PIL.py' from '/Users/jaydenmanno/AI/MoneyPrinterTurbo/.venv/lib/python3.11/site-packages/PyInstaller/hooks'
11668 INFO: Processing standard module hook 'hook-PIL.Image.py' from '/Users/jaydenmanno/AI/MoneyPrinterTurbo/.venv/lib/python3.11/site-packages/PyInstaller/hooks'
11795 INFO: Processing standard module hook 'hook-PIL.ImageFilter.py' from '/Users/jaydenmanno/AI/MoneyPrinterTurbo/.venv/lib/python3.11/site-packages/PyInstaller/hooks'
12339 INFO: Processing standard module hook 'hook-xml.dom.domreg.py' from '/Users/jaydenmanno/AI/MoneyPrinterTurbo/.venv/lib/python3.11/site-packages/PyInstaller/hooks'
12780 INFO: Processing standard module hook 'hook-altair.py' from '/Users/jaydenmanno/AI/MoneyPrinterTurbo/.venv/lib/python3.11/site-packages/_pyinstaller_hooks_contrib/stdhooks'
12805 INFO: Processing standard module hook 'hook-jsonschema.py' from '/Users/jaydenmanno/AI/MoneyPrinterTurbo/.venv/lib/python3.11/site-packages/_pyinstaller_hooks_contrib/stdhooks'
12976 INFO: Processing standard module hook 'hook-jsonschema_specifications.py' from '/Users/jaydenmanno/AI/MoneyPrinterTurbo/.venv/lib/python3.11/site-packages/_pyinstaller_hooks_contrib/stdhooks'
12993 INFO: Processing standard module hook 'hook-urllib3.py' from '/Users/jaydenmanno/AI/MoneyPrinterTurbo/.venv/lib/python3.11/site-packages/_pyinstaller_hooks_contrib/stdhooks'
13122 INFO: Processing standard module hook 'hook-certifi.py' from '/Users/jaydenmanno/AI/MoneyPrinterTurbo/.venv/lib/python3.11/site-packages/_pyinstaller_hooks_contrib/stdhooks'
13155 INFO: Processing standard module hook 'hook-narwhals.py' from '/Users/jaydenmanno/AI/MoneyPrinterTurbo/.venv/lib/python3.11/site-packages/_pyinstaller_hooks_contrib/stdhooks'
13191 INFO: Processing standard module hook 'hook-pandas.py' from '/Users/jaydenmanno/AI/MoneyPrinterTurbo/.venv/lib/python3.11/site-packages/PyInstaller/hooks'
13757 INFO: Processing standard module hook 'hook-pytz.py' from '/Users/jaydenmanno/AI/MoneyPrinterTurbo/.venv/lib/python3.11/site-packages/PyInstaller/hooks'
14332 INFO: Processing standard module hook 'hook-pyarrow.py' from '/Users/jaydenmanno/AI/MoneyPrinterTurbo/.venv/lib/python3.11/site-packages/_pyinstaller_hooks_contrib/stdhooks'
14514 INFO: Processing standard module hook 'hook-fsspec.py' from '/Users/jaydenmanno/AI/MoneyPrinterTurbo/.venv/lib/python3.11/site-packages/_pyinstaller_hooks_contrib/stdhooks'
14816 INFO: Processing standard module hook 'hook-pandas.io.formats.style.py' from '/Users/jaydenmanno/AI/MoneyPrinterTurbo/.venv/lib/python3.11/site-packages/PyInstaller/hooks'
16307 INFO: Processing standard module hook 'hook-sqlite3.py' from '/Users/jaydenmanno/AI/MoneyPrinterTurbo/.venv/lib/python3.11/site-packages/PyInstaller/hooks'
16374 INFO: Processing standard module hook 'hook-pandas.io.clipboard.py' from '/Users/jaydenmanno/AI/MoneyPrinterTurbo/.venv/lib/python3.11/site-packages/PyInstaller/hooks'
16398 INFO: Processing standard module hook 'hook-pandas.plotting.py' from '/Users/jaydenmanno/AI/MoneyPrinterTurbo/.venv/lib/python3.11/site-packages/PyInstaller/hooks'
16660 INFO: Processing standard module hook 'hook-dateutil.py' from '/Users/jaydenmanno/AI/MoneyPrinterTurbo/.venv/lib/python3.11/site-packages/_pyinstaller_hooks_contrib/stdhooks'
16705 INFO: Processing pre-safe-import-module hook 'hook-six.moves.py' from '/Users/jaydenmanno/AI/MoneyPrinterTurbo/.venv/lib/python3.11/site-packages/PyInstaller/hooks/pre_safe_import_module'
18388 INFO: Processing standard module hook 'hook-rich.py' from '/Users/jaydenmanno/AI/MoneyPrinterTurbo/.venv/lib/python3.11/site-packages/_pyinstaller_hooks_contrib/stdhooks'
19595 INFO: Processing pre-safe-import-module hook 'hook-tensorflow.py' from '/Users/jaydenmanno/AI/MoneyPrinterTurbo/.venv/lib/python3.11/site-packages/_pyinstaller_hooks_contrib/pre_safe_import_module'
19635 INFO: Processing standard module hook 'hook-anyio.py' from '/Users/jaydenmanno/AI/MoneyPrinterTurbo/.venv/lib/python3.11/site-packages/_pyinstaller_hooks_contrib/stdhooks'
19958 INFO: Processing standard module hook 'hook-uvicorn.py' from '/Users/jaydenmanno/AI/MoneyPrinterTurbo/.venv/lib/python3.11/site-packages/_pyinstaller_hooks_contrib/stdhooks'
20179 INFO: Processing standard module hook 'hook-websockets.py' from '/Users/jaydenmanno/AI/MoneyPrinterTurbo/.venv/lib/python3.11/site-packages/_pyinstaller_hooks_contrib/stdhooks'
20448 INFO: Processing standard module hook 'hook-pydantic.py' from '/Users/jaydenmanno/AI/MoneyPrinterTurbo/.venv/lib/python3.11/site-packages/_pyinstaller_hooks_contrib/stdhooks'
20748 INFO: Processing standard module hook 'hook-zoneinfo.py' from '/Users/jaydenmanno/AI/MoneyPrinterTurbo/.venv/lib/python3.11/site-packages/_pyinstaller_hooks_contrib/stdhooks'
21258 INFO: Processing standard module hook 'hook-imageio.py' from '/Users/jaydenmanno/AI/MoneyPrinterTurbo/.venv/lib/python3.11/site-packages/_pyinstaller_hooks_contrib/stdhooks'
21558 INFO: Processing standard module hook 'hook-imageio_ffmpeg.py' from '/Users/jaydenmanno/AI/MoneyPrinterTurbo/.venv/lib/python3.11/site-packages/_pyinstaller_hooks_contrib/stdhooks'
21592 INFO: Analyzing hidden import 'app.asgi'
23559 INFO: Processing standard module hook 'hook-regex.py' from '/Users/jaydenmanno/AI/MoneyPrinterTurbo/.venv/lib/python3.11/site-packages/_pyinstaller_hooks_contrib/stdhooks'
30777 INFO: Processing standard module hook 'hook-av.py' from '/Users/jaydenmanno/AI/MoneyPrinterTurbo/.venv/lib/python3.11/site-packages/_pyinstaller_hooks_contrib/stdhooks'
31876 INFO: Processing standard module hook 'hook-onnxruntime.py' from '/Users/jaydenmanno/AI/MoneyPrinterTurbo/.venv/lib/python3.11/site-packages/_pyinstaller_hooks_contrib/stdhooks'
32097 INFO: Analyzing hidden import 'app.services.cache_manager'
32099 INFO: Analyzing hidden import 'app.services.version_checker'
32101 INFO: Analyzing hidden import 'app.services.webui_task'
32102 INFO: Analyzing hidden import 'imageio.__main__'
32104 INFO: Analyzing hidden import 'imageio.freeze'
32104 INFO: Analyzing hidden import 'imageio.plugins._bsdf'
32113 INFO: Analyzing hidden import 'imageio.plugins._dicom'
32121 INFO: Analyzing hidden import 'imageio.plugins._freeimage'
32132 INFO: Analyzing hidden import 'imageio.plugins._swf'
32140 INFO: Analyzing hidden import 'imageio.plugins._tifffile'
32313 INFO: Processing pre-find-module-path hook 'hook-tkinter.py' from '/Users/jaydenmanno/AI/MoneyPrinterTurbo/.venv/lib/python3.11/site-packages/PyInstaller/hooks/pre_find_module_path'
32314 INFO: TclTkInfo: initializing cached Tcl/Tk info...
32490 INFO: Processing standard module hook 'hook-_tkinter.py' from '/Users/jaydenmanno/AI/MoneyPrinterTurbo/.venv/lib/python3.11/site-packages/PyInstaller/hooks'
32507 INFO: Analyzing hidden import 'imageio.plugins.bsdf'
32511 INFO: Analyzing hidden import 'imageio.plugins.dicom'
32514 INFO: Analyzing hidden import 'imageio.plugins.example'
32515 INFO: Analyzing hidden import 'imageio.plugins.feisem'
32518 INFO: Analyzing hidden import 'imageio.plugins.fits'
32519 INFO: Analyzing hidden import 'imageio.plugins.freeimage'
32522 INFO: Analyzing hidden import 'imageio.plugins.freeimagemulti'
32525 INFO: Analyzing hidden import 'imageio.plugins.gdal'
32525 INFO: Analyzing hidden import 'imageio.plugins.grab'
32529 INFO: Analyzing hidden import 'imageio.plugins.lytro'
32534 INFO: Analyzing hidden import 'imageio.plugins.npz'
32535 INFO: Analyzing hidden import 'imageio.plugins.opencv'
32537 INFO: Analyzing hidden import 'imageio.plugins.pillow'
32541 INFO: Analyzing hidden import 'imageio.plugins.pillow_info'
32544 INFO: Analyzing hidden import 'imageio.plugins.pillow_legacy'
32554 INFO: Analyzing hidden import 'imageio.plugins.pyav'
32565 INFO: Analyzing hidden import 'imageio.plugins.rawpy'
32567 INFO: Analyzing hidden import 'imageio.plugins.simpleitk'
32568 INFO: Analyzing hidden import 'imageio.plugins.spe'
32574 INFO: Analyzing hidden import 'imageio.plugins.swf'
32577 INFO: Analyzing hidden import 'imageio.plugins.tifffile_v3'
32580 INFO: Analyzing hidden import 'imageio.testing'
32581 INFO: Analyzing hidden import 'imageio_ffmpeg.binaries'
32581 INFO: Analyzing hidden import 'moviepy.audio.tools'
32581 INFO: Analyzing hidden import 'moviepy.audio.tools.cuts'
32582 INFO: Analyzing hidden import 'moviepy.video.tools.credits'
32583 INFO: Analyzing hidden import 'moviepy.video.tools.cuts'
32586 INFO: Analyzing hidden import 'moviepy.video.tools.drawing'
32588 INFO: Analyzing hidden import 'moviepy.video.tools.interpolators'
32589 INFO: Analyzing hidden import 'streamlit.__main__'
32589 INFO: Analyzing hidden import 'streamlit.components.v1.components'
32590 INFO: Analyzing hidden import 'streamlit.hello.animation_demo'
32591 INFO: Analyzing hidden import 'streamlit.hello.dataframe_demo'
32592 INFO: Analyzing hidden import 'streamlit.hello.hello'
32592 INFO: Analyzing hidden import 'streamlit.hello.mapping_demo'
32593 INFO: Analyzing hidden import 'streamlit.hello.plotting_demo'
32593 INFO: Analyzing hidden import 'streamlit.platform'
32594 INFO: Analyzing hidden import 'streamlit.proto.MetricsEvent_pb2'
32595 INFO: Analyzing hidden import 'streamlit.runtime.scriptrunner.magic_funcs'
32595 INFO: Analyzing hidden import 'streamlit.testing'
32595 INFO: Analyzing hidden import 'streamlit.testing.v1'
32656 INFO: Analyzing hidden import 'webview.__pyinstaller'
32656 INFO: Analyzing hidden import 'webview.__pyinstaller.hook-webview'
32826 INFO: Analyzing hidden import 'webview._version'
32827 INFO: Processing module hooks (post-graph stage)...
33312 INFO: Processing standard module hook 'hook-pycparser.py' from '/Users/jaydenmanno/AI/MoneyPrinterTurbo/.venv/lib/python3.11/site-packages/_pyinstaller_hooks_contrib/stdhooks'
33510 INFO: Processing standard module hook 'hook-_tkinter.py' from '/Users/jaydenmanno/AI/MoneyPrinterTurbo/.venv/lib/python3.11/site-packages/PyInstaller/hooks'
33796 INFO: Processing standard module hook 'hook-PIL.SpiderImagePlugin.py' from '/Users/jaydenmanno/AI/MoneyPrinterTurbo/.venv/lib/python3.11/site-packages/PyInstaller/hooks'
34641 WARNING: Hidden import "pycparser.lextab" not found!
34641 WARNING: Hidden import "pycparser.yacctab" not found!
34674 INFO: Performing binary vs. data reclassification (2695 entries)
35046 INFO: Looking for ctypes DLLs
35107 WARNING: Library msvcrt required via ctypes not found
35109 WARNING: Library user32 required via ctypes not found
35253 INFO: Analyzing run-time hooks ...
35269 INFO: Including run-time hook 'pyi_rth_multiprocessing.py' from '/Users/jaydenmanno/AI/MoneyPrinterTurbo/.venv/lib/python3.11/site-packages/PyInstaller/hooks/rthooks'
35270 INFO: Including run-time hook 'pyi_rth_inspect.py' from '/Users/jaydenmanno/AI/MoneyPrinterTurbo/.venv/lib/python3.11/site-packages/PyInstaller/hooks/rthooks'
35271 INFO: Including run-time hook 'pyi_rth_setuptools.py' from '/Users/jaydenmanno/AI/MoneyPrinterTurbo/.venv/lib/python3.11/site-packages/PyInstaller/hooks/rthooks'
35271 INFO: Including run-time hook 'pyi_rth_cryptography_openssl.py' from '/Users/jaydenmanno/AI/MoneyPrinterTurbo/.venv/lib/python3.11/site-packages/_pyinstaller_hooks_contrib/rthooks'
35272 INFO: Including run-time hook 'pyi_rth__tkinter.py' from '/Users/jaydenmanno/AI/MoneyPrinterTurbo/.venv/lib/python3.11/site-packages/PyInstaller/hooks/rthooks'
35273 INFO: Including run-time hook 'pyi_rth_pkgutil.py' from '/Users/jaydenmanno/AI/MoneyPrinterTurbo/.venv/lib/python3.11/site-packages/PyInstaller/hooks/rthooks'
35339 INFO: Creating base_library.zip...
35349 INFO: Looking for dynamic libraries
36075 INFO: Warnings written to /Users/jaydenmanno/AI/MoneyPrinterTurbo/desktop/build/final/work/TurboVideo/warn-TurboVideo.txt
36235 INFO: Graph cross-reference written to /Users/jaydenmanno/AI/MoneyPrinterTurbo/desktop/build/final/work/TurboVideo/xref-TurboVideo.html
36467 INFO: checking PYZ
36467 INFO: Building PYZ because PYZ-00.toc is non existent
36467 INFO: Building PYZ (ZlibArchive) /Users/jaydenmanno/AI/MoneyPrinterTurbo/desktop/build/final/work/TurboVideo/PYZ-00.pyz
38855 INFO: Building PYZ (ZlibArchive) /Users/jaydenmanno/AI/MoneyPrinterTurbo/desktop/build/final/work/TurboVideo/PYZ-00.pyz completed successfully.
38905 INFO: EXE target arch: arm64
38905 INFO: Code signing identity: None
38908 INFO: checking PKG
38908 INFO: Building PKG because PKG-00.toc is non existent
38908 INFO: Building PKG (CArchive) Turbo Video.pkg
38942 INFO: Building PKG (CArchive) Turbo Video.pkg completed successfully.
38942 INFO: Bootloader /Users/jaydenmanno/AI/MoneyPrinterTurbo/.venv/lib/python3.11/site-packages/PyInstaller/bootloader/Darwin-64bit/runw
38942 INFO: checking EXE
38943 INFO: Building EXE because EXE-00.toc is non existent
38943 INFO: Building EXE from EXE-00.toc
38943 INFO: Copying bootloader EXE to /Users/jaydenmanno/AI/MoneyPrinterTurbo/desktop/build/final/work/TurboVideo/Turbo Video
38946 INFO: Converting EXE to target arch (arm64)
38973 INFO: Removing signature(s) from EXE
38988 INFO: Modifying Mach-O image UUID(s) in EXE
39009 INFO: Appending PKG archive to EXE
39035 INFO: Fixing EXE headers for code signing
39039 INFO: Rewriting the executable's macOS SDK version (15.5.0) to match the SDK version of the Python library (15.0.0) in order to avoid inconsistent behavior and potential UI issues in the frozen application.
39039 INFO: Re-signing the EXE
39110 INFO: Building EXE from EXE-00.toc completed successfully.
39118 INFO: checking COLLECT
39118 INFO: Building COLLECT because COLLECT-00.toc is non existent
39118 INFO: Building COLLECT COLLECT-00.toc
51763 INFO: Building COLLECT COLLECT-00.toc completed successfully.
51789 INFO: checking BUNDLE
51789 INFO: Building BUNDLE because BUNDLE-00.toc is non existent
51789 INFO: Building BUNDLE BUNDLE-00.toc
58079 INFO: Signing the BUNDLE...
59747 INFO: Building BUNDLE BUNDLE-00.toc completed successfully.
59768 INFO: Build complete! The results are available in: /Users/jaydenmanno/AI/MoneyPrinterTurbo/desktop/dist
/Users/jaydenmanno/AI/MoneyPrinterTurbo/desktop/dist/Turbo Video.app/Contents/MacOS/Turbo Video: replacing existing signature
/Users/jaydenmanno/AI/MoneyPrinterTurbo/desktop/dist/Turbo Video.app/Contents/Frameworks/81d243bd2c585b0f4821__mypyc.cpython-311-darwin.so: replacing existing signature
/Users/jaydenmanno/AI/MoneyPrinterTurbo/desktop/dist/Turbo Video.app/Contents/Frameworks/imageio_ffmpeg/binaries/ffmpeg-macos-aarch64-v7.1: replacing existing signature
/Users/jaydenmanno/AI/MoneyPrinterTurbo/desktop/dist/Turbo Video.app/Contents/Frameworks/_cffi_backend.cpython-311-darwin.so: replacing existing signature
/Users/jaydenmanno/AI/MoneyPrinterTurbo/desktop/dist/Turbo Video.app/Contents/Frameworks/aiohttp/_http_parser.cpython-311-darwin.so: replacing existing signature
/Users/jaydenmanno/AI/MoneyPrinterTurbo/desktop/dist/Turbo Video.app/Contents/Frameworks/aiohttp/_http_writer.cpython-311-darwin.so: replacing existing signature
/Users/jaydenmanno/AI/MoneyPrinterTurbo/desktop/dist/Turbo Video.app/Contents/Frameworks/aiohttp/_websocket/mask.cpython-311-darwin.so: replacing existing signature
/Users/jaydenmanno/AI/MoneyPrinterTurbo/desktop/dist/Turbo Video.app/Contents/Frameworks/aiohttp/_websocket/reader_c.cpython-311-darwin.so: replacing existing signature
/Users/jaydenmanno/AI/MoneyPrinterTurbo/desktop/dist/Turbo Video.app/Contents/Frameworks/libtcl9.0.dylib: replacing existing signature
/Users/jaydenmanno/AI/MoneyPrinterTurbo/desktop/dist/Turbo Video.app/Contents/Frameworks/libmpg123.0.dylib: replacing existing signature
/Users/jaydenmanno/AI/MoneyPrinterTurbo/desktop/dist/Turbo Video.app/Contents/Frameworks/libvmaf.3.dylib: replacing existing signature
/Users/jaydenmanno/AI/MoneyPrinterTurbo/desktop/dist/Turbo Video.app/Contents/Frameworks/tokenizers/tokenizers.abi3.so: replacing existing signature
/Users/jaydenmanno/AI/MoneyPrinterTurbo/desktop/dist/Turbo Video.app/Contents/Frameworks/WebKit/_WebKit.cpython-311-darwin.so: replacing existing signature
/Users/jaydenmanno/AI/MoneyPrinterTurbo/desktop/dist/Turbo Video.app/Contents/Frameworks/markupsafe/_speedups.cpython-311-darwin.so: replacing existing signature
/Users/jaydenmanno/AI/MoneyPrinterTurbo/desktop/dist/Turbo Video.app/Contents/Frameworks/libSvtAv1Enc.4.2.0.dylib: replacing existing signature
/Users/jaydenmanno/AI/MoneyPrinterTurbo/desktop/dist/Turbo Video.app/Contents/Frameworks/hf_xet/hf_xet.abi3.so: replacing existing signature
/Users/jaydenmanno/AI/MoneyPrinterTurbo/desktop/dist/Turbo Video.app/Contents/Frameworks/libavdevice.63.1.101.dylib: replacing existing signature
/Users/jaydenmanno/AI/MoneyPrinterTurbo/desktop/dist/Turbo Video.app/Contents/Frameworks/av/device.abi3.so: replacing existing signature
/Users/jaydenmanno/AI/MoneyPrinterTurbo/desktop/dist/Turbo Video.app/Contents/Frameworks/av/buffer.abi3.so: replacing existing signature
/Users/jaydenmanno/AI/MoneyPrinterTurbo/desktop/dist/Turbo Video.app/Contents/Frameworks/av/video/stream.abi3.so: replacing existing signature
/Users/jaydenmanno/AI/MoneyPrinterTurbo/desktop/dist/Turbo Video.app/Contents/Frameworks/av/video/plane.abi3.so: replacing existing signature
/Users/jaydenmanno/AI/MoneyPrinterTurbo/desktop/dist/Turbo Video.app/Contents/Frameworks/av/video/codeccontext.abi3.so: replacing existing signature
/Users/jaydenmanno/AI/MoneyPrinterTurbo/desktop/dist/Turbo Video.app/Contents/Frameworks/av/video/frame.abi3.so: replacing existing signature
/Users/jaydenmanno/AI/MoneyPrinterTurbo/desktop/dist/Turbo Video.app/Contents/Frameworks/av/video/format.abi3.so: replacing existing signature
/Users/jaydenmanno/AI/MoneyPrinterTurbo/desktop/dist/Turbo Video.app/Contents/Frameworks/av/video/reformatter.abi3.so: replacing existing signature
/Users/jaydenmanno/AI/MoneyPrinterTurbo/desktop/dist/Turbo Video.app/Contents/Frameworks/av/packet.abi3.so: replacing existing signature
/Users/jaydenmanno/AI/MoneyPrinterTurbo/desktop/dist/Turbo Video.app/Contents/Frameworks/av/stream.abi3.so: replacing existing signature
/Users/jaydenmanno/AI/MoneyPrinterTurbo/desktop/dist/Turbo Video.app/Contents/Frameworks/av/opaque.abi3.so: replacing existing signature
/Users/jaydenmanno/AI/MoneyPrinterTurbo/desktop/dist/Turbo Video.app/Contents/Frameworks/av/__dot__dylibs/libSvtAv1Enc.3.1.2.dylib: replacing existing signature
/Users/jaydenmanno/AI/MoneyPrinterTurbo/desktop/dist/Turbo Video.app/Contents/Frameworks/av/__dot__dylibs/libvorbisenc.2.dylib: replacing existing signature
/Users/jaydenmanno/AI/MoneyPrinterTurbo/desktop/dist/Turbo Video.app/Contents/Frameworks/av/__dot__dylibs/libdav1d.7.dylib: replacing existing signature
/Users/jaydenmanno/AI/MoneyPrinterTurbo/desktop/dist/Turbo Video.app/Contents/Frameworks/av/__dot__dylibs/libx264.165.dylib: replacing existing signature
/Users/jaydenmanno/AI/MoneyPrinterTurbo/desktop/dist/Turbo Video.app/Contents/Frameworks/av/__dot__dylibs/libmp3lame.0.dylib: replacing existing signature
/Users/jaydenmanno/AI/MoneyPrinterTurbo/desktop/dist/Turbo Video.app/Contents/Frameworks/av/__dot__dylibs/libwebp.7.1.10.dylib: replacing existing signature
/Users/jaydenmanno/AI/MoneyPrinterTurbo/desktop/dist/Turbo Video.app/Contents/Frameworks/av/__dot__dylibs/libavcodec.62.11.100.dylib: replacing existing signature
/Users/jaydenmanno/AI/MoneyPrinterTurbo/desktop/dist/Turbo Video.app/Contents/Frameworks/av/__dot__dylibs/libopencore-amrnb.0.dylib: replacing existing signature
/Users/jaydenmanno/AI/MoneyPrinterTurbo/desktop/dist/Turbo Video.app/Contents/Frameworks/av/__dot__dylibs/libavformat.62.3.100.dylib: replacing existing signature
/Users/jaydenmanno/AI/MoneyPrinterTurbo/desktop/dist/Turbo Video.app/Contents/Frameworks/av/__dot__dylibs/libswresample.6.1.100.dylib: replacing existing signature
/Users/jaydenmanno/AI/MoneyPrinterTurbo/desktop/dist/Turbo Video.app/Contents/Frameworks/av/__dot__dylibs/libwebpmux.3.1.1.dylib: replacing existing signature
/Users/jaydenmanno/AI/MoneyPrinterTurbo/desktop/dist/Turbo Video.app/Contents/Frameworks/av/__dot__dylibs/libvpx.11.dylib: replacing existing signature
/Users/jaydenmanno/AI/MoneyPrinterTurbo/desktop/dist/Turbo Video.app/Contents/Frameworks/av/__dot__dylibs/libsharpyuv.0.1.1.dylib: replacing existing signature
/Users/jaydenmanno/AI/MoneyPrinterTurbo/desktop/dist/Turbo Video.app/Contents/Frameworks/av/__dot__dylibs/libvorbis.0.dylib: replacing existing signature
/Users/jaydenmanno/AI/MoneyPrinterTurbo/desktop/dist/Turbo Video.app/Contents/Frameworks/av/__dot__dylibs/libx265.215.dylib: replacing existing signature
/Users/jaydenmanno/AI/MoneyPrinterTurbo/desktop/dist/Turbo Video.app/Contents/Frameworks/av/__dot__dylibs/libopenh264.7.dylib: replacing existing signature
/Users/jaydenmanno/AI/MoneyPrinterTurbo/desktop/dist/Turbo Video.app/Contents/Frameworks/av/__dot__dylibs/libavdevice.62.1.100.dylib: replacing existing signature
/Users/jaydenmanno/AI/MoneyPrinterTurbo/desktop/dist/Turbo Video.app/Contents/Frameworks/av/__dot__dylibs/libavutil.60.8.100.dylib: replacing existing signature
/Users/jaydenmanno/AI/MoneyPrinterTurbo/desktop/dist/Turbo Video.app/Contents/Frameworks/av/__dot__dylibs/libspeex.1.dylib: replacing existing signature
/Users/jaydenmanno/AI/MoneyPrinterTurbo/desktop/dist/Turbo Video.app/Contents/Frameworks/av/__dot__dylibs/libswscale.9.1.100.dylib: replacing existing signature
/Users/jaydenmanno/AI/MoneyPrinterTurbo/desktop/dist/Turbo Video.app/Contents/Frameworks/av/__dot__dylibs/libopencore-amrwb.0.dylib: replacing existing signature
/Users/jaydenmanno/AI/MoneyPrinterTurbo/desktop/dist/Turbo Video.app/Contents/Frameworks/av/__dot__dylibs/libogg.0.dylib: replacing existing signature
/Users/jaydenmanno/AI/MoneyPrinterTurbo/desktop/dist/Turbo Video.app/Contents/Frameworks/av/__dot__dylibs/libavfilter.11.4.100.dylib: replacing existing signature
/Users/jaydenmanno/AI/MoneyPrinterTurbo/desktop/dist/Turbo Video.app/Contents/Frameworks/av/__dot__dylibs/libopus.0.dylib: replacing existing signature
/Users/jaydenmanno/AI/MoneyPrinterTurbo/desktop/dist/Turbo Video.app/Contents/Frameworks/av/dictionary.abi3.so: replacing existing signature
/Users/jaydenmanno/AI/MoneyPrinterTurbo/desktop/dist/Turbo Video.app/Contents/Frameworks/av/error.abi3.so: replacing existing signature
/Users/jaydenmanno/AI/MoneyPrinterTurbo/desktop/dist/Turbo Video.app/Contents/Frameworks/av/codec/context.abi3.so: replacing existing signature
/Users/jaydenmanno/AI/MoneyPrinterTurbo/desktop/dist/Turbo Video.app/Contents/Frameworks/av/codec/hwaccel.abi3.so: replacing existing signature
/Users/jaydenmanno/AI/MoneyPrinterTurbo/desktop/dist/Turbo Video.app/Contents/Frameworks/av/codec/codec.abi3.so: replacing existing signature
/Users/jaydenmanno/AI/MoneyPrinterTurbo/desktop/dist/Turbo Video.app/Contents/Frameworks/av/plane.abi3.so: replacing existing signature
/Users/jaydenmanno/AI/MoneyPrinterTurbo/desktop/dist/Turbo Video.app/Contents/Frameworks/av/option.abi3.so: replacing existing signature
/Users/jaydenmanno/AI/MoneyPrinterTurbo/desktop/dist/Turbo Video.app/Contents/Frameworks/av/container/streams.abi3.so: replacing existing signature
/Users/jaydenmanno/AI/MoneyPrinterTurbo/desktop/dist/Turbo Video.app/Contents/Frameworks/av/container/output.abi3.so: replacing existing signature
/Users/jaydenmanno/AI/MoneyPrinterTurbo/desktop/dist/Turbo Video.app/Contents/Frameworks/av/container/pyio.abi3.so: replacing existing signature
/Users/jaydenmanno/AI/MoneyPrinterTurbo/desktop/dist/Turbo Video.app/Contents/Frameworks/av/container/core.abi3.so: replacing existing signature
/Users/jaydenmanno/AI/MoneyPrinterTurbo/desktop/dist/Turbo Video.app/Contents/Frameworks/av/container/input.abi3.so: replacing existing signature
/Users/jaydenmanno/AI/MoneyPrinterTurbo/desktop/dist/Turbo Video.app/Contents/Frameworks/av/bitstream.abi3.so: replacing existing signature
/Users/jaydenmanno/AI/MoneyPrinterTurbo/desktop/dist/Turbo Video.app/Contents/Frameworks/av/utils.abi3.so: replacing existing signature
/Users/jaydenmanno/AI/MoneyPrinterTurbo/desktop/dist/Turbo Video.app/Contents/Frameworks/av/audio/layout.abi3.so: replacing existing signature
/Users/jaydenmanno/AI/MoneyPrinterTurbo/desktop/dist/Turbo Video.app/Contents/Frameworks/av/audio/stream.abi3.so: replacing existing signature
/Users/jaydenmanno/AI/MoneyPrinterTurbo/desktop/dist/Turbo Video.app/Contents/Frameworks/av/audio/resampler.abi3.so: replacing existing signature
/Users/jaydenmanno/AI/MoneyPrinterTurbo/desktop/dist/Turbo Video.app/Contents/Frameworks/av/audio/plane.abi3.so: replacing existing signature
/Users/jaydenmanno/AI/MoneyPrinterTurbo/desktop/dist/Turbo Video.app/Contents/Frameworks/av/audio/codeccontext.abi3.so: replacing existing signature
/Users/jaydenmanno/AI/MoneyPrinterTurbo/desktop/dist/Turbo Video.app/Contents/Frameworks/av/audio/fifo.abi3.so: replacing existing signature
/Users/jaydenmanno/AI/MoneyPrinterTurbo/desktop/dist/Turbo Video.app/Contents/Frameworks/av/audio/frame.abi3.so: replacing existing signature
/Users/jaydenmanno/AI/MoneyPrinterTurbo/desktop/dist/Turbo Video.app/Contents/Frameworks/av/audio/format.abi3.so: replacing existing signature
/Users/jaydenmanno/AI/MoneyPrinterTurbo/desktop/dist/Turbo Video.app/Contents/Frameworks/av/_core.abi3.so: replacing existing signature
/Users/jaydenmanno/AI/MoneyPrinterTurbo/desktop/dist/Turbo Video.app/Contents/Frameworks/av/index.abi3.so: replacing existing signature
/Users/jaydenmanno/AI/MoneyPrinterTurbo/desktop/dist/Turbo Video.app/Contents/Frameworks/av/frame.abi3.so: replacing existing signature
/Users/jaydenmanno/AI/MoneyPrinterTurbo/desktop/dist/Turbo Video.app/Contents/Frameworks/av/format.abi3.so: replacing existing signature
/Users/jaydenmanno/AI/MoneyPrinterTurbo/desktop/dist/Turbo Video.app/Contents/Frameworks/av/subtitles/stream.abi3.so: replacing existing signature
/Users/jaydenmanno/AI/MoneyPrinterTurbo/desktop/dist/Turbo Video.app/Contents/Frameworks/av/subtitles/subtitle.abi3.so: replacing existing signature
/Users/jaydenmanno/AI/MoneyPrinterTurbo/desktop/dist/Turbo Video.app/Contents/Frameworks/av/subtitles/codeccontext.abi3.so: replacing existing signature
/Users/jaydenmanno/AI/MoneyPrinterTurbo/desktop/dist/Turbo Video.app/Contents/Frameworks/av/filter/context.abi3.so: replacing existing signature
/Users/jaydenmanno/AI/MoneyPrinterTurbo/desktop/dist/Turbo Video.app/Contents/Frameworks/av/filter/loudnorm.abi3.so: replacing existing signature
/Users/jaydenmanno/AI/MoneyPrinterTurbo/desktop/dist/Turbo Video.app/Contents/Frameworks/av/filter/graph.abi3.so: replacing existing signature
/Users/jaydenmanno/AI/MoneyPrinterTurbo/desktop/dist/Turbo Video.app/Contents/Frameworks/av/filter/filter.abi3.so: replacing existing signature
/Users/jaydenmanno/AI/MoneyPrinterTurbo/desktop/dist/Turbo Video.app/Contents/Frameworks/av/filter/link.abi3.so: replacing existing signature
/Users/jaydenmanno/AI/MoneyPrinterTurbo/desktop/dist/Turbo Video.app/Contents/Frameworks/av/sidedata/sidedata.abi3.so: replacing existing signature
/Users/jaydenmanno/AI/MoneyPrinterTurbo/desktop/dist/Turbo Video.app/Contents/Frameworks/av/sidedata/encparams.abi3.so: replacing existing signature
/Users/jaydenmanno/AI/MoneyPrinterTurbo/desktop/dist/Turbo Video.app/Contents/Frameworks/av/sidedata/motionvectors.abi3.so: replacing existing signature
/Users/jaydenmanno/AI/MoneyPrinterTurbo/desktop/dist/Turbo Video.app/Contents/Frameworks/av/descriptor.abi3.so: replacing existing signature
/Users/jaydenmanno/AI/MoneyPrinterTurbo/desktop/dist/Turbo Video.app/Contents/Frameworks/av/logging.abi3.so: replacing existing signature
/Users/jaydenmanno/AI/MoneyPrinterTurbo/desktop/dist/Turbo Video.app/Contents/Frameworks/libtcl9tk9.0.dylib: replacing existing signature
/Users/jaydenmanno/AI/MoneyPrinterTurbo/desktop/dist/Turbo Video.app/Contents/Frameworks/onnxruntime/capi/onnxruntime_pybind11_state.so: replacing existing signature
/Users/jaydenmanno/AI/MoneyPrinterTurbo/desktop/dist/Turbo Video.app/Contents/Frameworks/onnxruntime/capi/libonnxruntime.1.24.4.dylib: replacing existing signature
/Users/jaydenmanno/AI/MoneyPrinterTurbo/desktop/dist/Turbo Video.app/Contents/Frameworks/rpds/rpds.cpython-311-darwin.so: replacing existing signature
/Users/jaydenmanno/AI/MoneyPrinterTurbo/desktop/dist/Turbo Video.app/Contents/Frameworks/propcache/_helpers_c.cpython-311-darwin.so: replacing existing signature
/Users/jaydenmanno/AI/MoneyPrinterTurbo/desktop/dist/Turbo Video.app/Contents/Frameworks/libavfilter.12.1.101.dylib: replacing existing signature
/Users/jaydenmanno/AI/MoneyPrinterTurbo/desktop/dist/Turbo Video.app/Contents/Frameworks/bin/ffmpeg: replacing existing signature
/Users/jaydenmanno/AI/MoneyPrinterTurbo/desktop/dist/Turbo Video.app/Contents/Frameworks/bin/ffprobe: replacing existing signature
/Users/jaydenmanno/AI/MoneyPrinterTurbo/desktop/dist/Turbo Video.app/Contents/Frameworks/Security/_Security.cpython-311-darwin.so: replacing existing signature
/Users/jaydenmanno/AI/MoneyPrinterTurbo/desktop/dist/Turbo Video.app/Contents/Frameworks/cryptography/hazmat/bindings/_rust.abi3.so: replacing existing signature
/Users/jaydenmanno/AI/MoneyPrinterTurbo/desktop/dist/Turbo Video.app/Contents/Frameworks/frozenlist/_frozenlist.cpython-311-darwin.so: replacing existing signature
/Users/jaydenmanno/AI/MoneyPrinterTurbo/desktop/dist/Turbo Video.app/Contents/Frameworks/google/_upb/_message.abi3.so: replacing existing signature
/Users/jaydenmanno/AI/MoneyPrinterTurbo/desktop/dist/Turbo Video.app/Contents/Frameworks/libpython3.11.dylib: replacing existing signature
/Users/jaydenmanno/AI/MoneyPrinterTurbo/desktop/dist/Turbo Video.app/Contents/Frameworks/fastuuid/fastuuid.cpython-311-darwin.so: replacing existing signature
/Users/jaydenmanno/AI/MoneyPrinterTurbo/desktop/dist/Turbo Video.app/Contents/Frameworks/libssl.3.dylib: replacing existing signature
/Users/jaydenmanno/AI/MoneyPrinterTurbo/desktop/dist/Turbo Video.app/Contents/Frameworks/Foundation/_inlines.cpython-311-darwin.so: replacing existing signature
/Users/jaydenmanno/AI/MoneyPrinterTurbo/desktop/dist/Turbo Video.app/Contents/Frameworks/Foundation/_Foundation.cpython-311-darwin.so: replacing existing signature
/Users/jaydenmanno/AI/MoneyPrinterTurbo/desktop/dist/Turbo Video.app/Contents/Frameworks/websockets/speedups.cpython-311-darwin.so: replacing existing signature
/Users/jaydenmanno/AI/MoneyPrinterTurbo/desktop/dist/Turbo Video.app/Contents/Frameworks/libcrypto.3.dylib: replacing existing signature
/Users/jaydenmanno/AI/MoneyPrinterTurbo/desktop/dist/Turbo Video.app/Contents/Frameworks/jiter/jiter.cpython-311-darwin.so: replacing existing signature
/Users/jaydenmanno/AI/MoneyPrinterTurbo/desktop/dist/Turbo Video.app/Contents/Frameworks/libswresample.7.1.101.dylib: replacing existing signature
/Users/jaydenmanno/AI/MoneyPrinterTurbo/desktop/dist/Turbo Video.app/Contents/Frameworks/libswscale.10.1.101.dylib: replacing existing signature
/Users/jaydenmanno/AI/MoneyPrinterTurbo/desktop/dist/Turbo Video.app/Contents/Frameworks/regex/_regex.cpython-311-darwin.so: replacing existing signature
/Users/jaydenmanno/AI/MoneyPrinterTurbo/desktop/dist/Turbo Video.app/Contents/Frameworks/numpy/linalg/_umath_linalg.cpython-311-darwin.so: replacing existing signature
/Users/jaydenmanno/AI/MoneyPrinterTurbo/desktop/dist/Turbo Video.app/Contents/Frameworks/numpy/_core/_multiarray_umath.cpython-311-darwin.so: replacing existing signature
/Users/jaydenmanno/AI/MoneyPrinterTurbo/desktop/dist/Turbo Video.app/Contents/Frameworks/numpy/_core/_multiarray_tests.cpython-311-darwin.so: replacing existing signature
/Users/jaydenmanno/AI/MoneyPrinterTurbo/desktop/dist/Turbo Video.app/Contents/Frameworks/numpy/fft/_pocketfft_umath.cpython-311-darwin.so: replacing existing signature
/Users/jaydenmanno/AI/MoneyPrinterTurbo/desktop/dist/Turbo Video.app/Contents/Frameworks/numpy/random/_generator.cpython-311-darwin.so: replacing existing signature
/Users/jaydenmanno/AI/MoneyPrinterTurbo/desktop/dist/Turbo Video.app/Contents/Frameworks/numpy/random/_common.cpython-311-darwin.so: replacing existing signature
/Users/jaydenmanno/AI/MoneyPrinterTurbo/desktop/dist/Turbo Video.app/Contents/Frameworks/numpy/random/mtrand.cpython-311-darwin.so: replacing existing signature
/Users/jaydenmanno/AI/MoneyPrinterTurbo/desktop/dist/Turbo Video.app/Contents/Frameworks/numpy/random/_sfc64.cpython-311-darwin.so: replacing existing signature
/Users/jaydenmanno/AI/MoneyPrinterTurbo/desktop/dist/Turbo Video.app/Contents/Frameworks/numpy/random/_pcg64.cpython-311-darwin.so: replacing existing signature
/Users/jaydenmanno/AI/MoneyPrinterTurbo/desktop/dist/Turbo Video.app/Contents/Frameworks/numpy/random/_philox.cpython-311-darwin.so: replacing existing signature
/Users/jaydenmanno/AI/MoneyPrinterTurbo/desktop/dist/Turbo Video.app/Contents/Frameworks/numpy/random/_mt19937.cpython-311-darwin.so: replacing existing signature
/Users/jaydenmanno/AI/MoneyPrinterTurbo/desktop/dist/Turbo Video.app/Contents/Frameworks/numpy/random/_bounded_integers.cpython-311-darwin.so: replacing existing signature
/Users/jaydenmanno/AI/MoneyPrinterTurbo/desktop/dist/Turbo Video.app/Contents/Frameworks/numpy/random/bit_generator.cpython-311-darwin.so: replacing existing signature
/Users/jaydenmanno/AI/MoneyPrinterTurbo/desktop/dist/Turbo Video.app/Contents/Frameworks/charset_normalizer/cd.cpython-311-darwin.so: replacing existing signature
/Users/jaydenmanno/AI/MoneyPrinterTurbo/desktop/dist/Turbo Video.app/Contents/Frameworks/charset_normalizer/md.cpython-311-darwin.so: replacing existing signature
/Users/jaydenmanno/AI/MoneyPrinterTurbo/desktop/dist/Turbo Video.app/Contents/Frameworks/httptools/parser/parser.cpython-311-darwin.so: replacing existing signature
/Users/jaydenmanno/AI/MoneyPrinterTurbo/desktop/dist/Turbo Video.app/Contents/Frameworks/httptools/parser/url_parser.cpython-311-darwin.so: replacing existing signature
/Users/jaydenmanno/AI/MoneyPrinterTurbo/desktop/dist/Turbo Video.app/Contents/Frameworks/PIL/__dot__dylibs/libavif.16.3.0.dylib: replacing existing signature
/Users/jaydenmanno/AI/MoneyPrinterTurbo/desktop/dist/Turbo Video.app/Contents/Frameworks/PIL/__dot__dylibs/liblcms2.2.dylib: replacing existing signature
/Users/jaydenmanno/AI/MoneyPrinterTurbo/desktop/dist/Turbo Video.app/Contents/Frameworks/PIL/__dot__dylibs/libpng16.16.dylib: replacing existing signature
/Users/jaydenmanno/AI/MoneyPrinterTurbo/desktop/dist/Turbo Video.app/Contents/Frameworks/PIL/__dot__dylibs/libxcb.1.1.0.dylib: replacing existing signature
/Users/jaydenmanno/AI/MoneyPrinterTurbo/desktop/dist/Turbo Video.app/Contents/Frameworks/PIL/__dot__dylibs/libjpeg.62.4.0.dylib: replacing existing signature
/Users/jaydenmanno/AI/MoneyPrinterTurbo/desktop/dist/Turbo Video.app/Contents/Frameworks/PIL/__dot__dylibs/libbrotlidec.1.1.0.dylib: replacing existing signature
/Users/jaydenmanno/AI/MoneyPrinterTurbo/desktop/dist/Turbo Video.app/Contents/Frameworks/PIL/__dot__dylibs/libfreetype.6.dylib: replacing existing signature
/Users/jaydenmanno/AI/MoneyPrinterTurbo/desktop/dist/Turbo Video.app/Contents/Frameworks/PIL/__dot__dylibs/libbrotlicommon.1.1.0.dylib: replacing existing signature
/Users/jaydenmanno/AI/MoneyPrinterTurbo/desktop/dist/Turbo Video.app/Contents/Frameworks/PIL/__dot__dylibs/libharfbuzz.0.dylib: replacing existing signature
/Users/jaydenmanno/AI/MoneyPrinterTurbo/desktop/dist/Turbo Video.app/Contents/Frameworks/PIL/__dot__dylibs/libsharpyuv.0.dylib: replacing existing signature
/Users/jaydenmanno/AI/MoneyPrinterTurbo/desktop/dist/Turbo Video.app/Contents/Frameworks/PIL/__dot__dylibs/libz.1.3.1.zlib-ng.dylib: replacing existing signature
/Users/jaydenmanno/AI/MoneyPrinterTurbo/desktop/dist/Turbo Video.app/Contents/Frameworks/PIL/__dot__dylibs/libwebp.7.dylib: replacing existing signature
/Users/jaydenmanno/AI/MoneyPrinterTurbo/desktop/dist/Turbo Video.app/Contents/Frameworks/PIL/__dot__dylibs/libXau.6.dylib: replacing existing signature
/Users/jaydenmanno/AI/MoneyPrinterTurbo/desktop/dist/Turbo Video.app/Contents/Frameworks/PIL/__dot__dylibs/libwebpmux.3.dylib: replacing existing signature
/Users/jaydenmanno/AI/MoneyPrinterTurbo/desktop/dist/Turbo Video.app/Contents/Frameworks/PIL/__dot__dylibs/libwebpdemux.2.dylib: replacing existing signature
/Users/jaydenmanno/AI/MoneyPrinterTurbo/desktop/dist/Turbo Video.app/Contents/Frameworks/PIL/__dot__dylibs/liblzma.5.dylib: replacing existing signature
/Users/jaydenmanno/AI/MoneyPrinterTurbo/desktop/dist/Turbo Video.app/Contents/Frameworks/PIL/__dot__dylibs/libopenjp2.2.5.3.dylib: replacing existing signature
/Users/jaydenmanno/AI/MoneyPrinterTurbo/desktop/dist/Turbo Video.app/Contents/Frameworks/PIL/__dot__dylibs/libtiff.6.dylib: replacing existing signature
/Users/jaydenmanno/AI/MoneyPrinterTurbo/desktop/dist/Turbo Video.app/Contents/Frameworks/PIL/_imagingtk.cpython-311-darwin.so: replacing existing signature
/Users/jaydenmanno/AI/MoneyPrinterTurbo/desktop/dist/Turbo Video.app/Contents/Frameworks/PIL/_avif.cpython-311-darwin.so: replacing existing signature
/Users/jaydenmanno/AI/MoneyPrinterTurbo/desktop/dist/Turbo Video.app/Contents/Frameworks/PIL/_imagingmath.cpython-311-darwin.so: replacing existing signature
/Users/jaydenmanno/AI/MoneyPrinterTurbo/desktop/dist/Turbo Video.app/Contents/Frameworks/PIL/_imaging.cpython-311-darwin.so: replacing existing signature
/Users/jaydenmanno/AI/MoneyPrinterTurbo/desktop/dist/Turbo Video.app/Contents/Frameworks/PIL/_webp.cpython-311-darwin.so: replacing existing signature
/Users/jaydenmanno/AI/MoneyPrinterTurbo/desktop/dist/Turbo Video.app/Contents/Frameworks/PIL/_imagingft.cpython-311-darwin.so: replacing existing signature
/Users/jaydenmanno/AI/MoneyPrinterTurbo/desktop/dist/Turbo Video.app/Contents/Frameworks/PIL/_imagingcms.cpython-311-darwin.so: replacing existing signature
/Users/jaydenmanno/AI/MoneyPrinterTurbo/desktop/dist/Turbo Video.app/Contents/Frameworks/multidict/_multidict.cpython-311-darwin.so: replacing existing signature
/Users/jaydenmanno/AI/MoneyPrinterTurbo/desktop/dist/Turbo Video.app/Contents/Frameworks/python3__dot__11/lib-dynload/_tkinter.cpython-311-darwin.so: replacing existing signature
/Users/jaydenmanno/AI/MoneyPrinterTurbo/desktop/dist/Turbo Video.app/Contents/Frameworks/libavutil.61.1.101.dylib: replacing existing signature
/Users/jaydenmanno/AI/MoneyPrinterTurbo/desktop/dist/Turbo Video.app/Contents/Frameworks/tiktoken/_tiktoken.cpython-311-darwin.so: replacing existing signature
/Users/jaydenmanno/AI/MoneyPrinterTurbo/desktop/dist/Turbo Video.app/Contents/Frameworks/ctranslate2/__dot__dylibs/libctranslate2.4.7.1.dylib: replacing existing signature
/Users/jaydenmanno/AI/MoneyPrinterTurbo/desktop/dist/Turbo Video.app/Contents/Frameworks/ctranslate2/_ext.cpython-311-darwin.so: replacing existing signature
/Users/jaydenmanno/AI/MoneyPrinterTurbo/desktop/dist/Turbo Video.app/Contents/Frameworks/lib/libmpg123.0.dylib: replacing existing signature
/Users/jaydenmanno/AI/MoneyPrinterTurbo/desktop/dist/Turbo Video.app/Contents/Frameworks/lib/libvmaf.3.dylib: replacing existing signature
/Users/jaydenmanno/AI/MoneyPrinterTurbo/desktop/dist/Turbo Video.app/Contents/Frameworks/lib/libSvtAv1Enc.4.2.0.dylib: replacing existing signature
/Users/jaydenmanno/AI/MoneyPrinterTurbo/desktop/dist/Turbo Video.app/Contents/Frameworks/lib/libavdevice.63.1.101.dylib: replacing existing signature
/Users/jaydenmanno/AI/MoneyPrinterTurbo/desktop/dist/Turbo Video.app/Contents/Frameworks/lib/libavfilter.12.1.101.dylib: replacing existing signature
/Users/jaydenmanno/AI/MoneyPrinterTurbo/desktop/dist/Turbo Video.app/Contents/Frameworks/lib/libdav1d.7.dylib: replacing existing signature
/Users/jaydenmanno/AI/MoneyPrinterTurbo/desktop/dist/Turbo Video.app/Contents/Frameworks/lib/libssl.3.dylib: replacing existing signature
/Users/jaydenmanno/AI/MoneyPrinterTurbo/desktop/dist/Turbo Video.app/Contents/Frameworks/lib/libx264.165.dylib: replacing existing signature
/Users/jaydenmanno/AI/MoneyPrinterTurbo/desktop/dist/Turbo Video.app/Contents/Frameworks/lib/libmp3lame.0.dylib: replacing existing signature
/Users/jaydenmanno/AI/MoneyPrinterTurbo/desktop/dist/Turbo Video.app/Contents/Frameworks/lib/libcrypto.3.dylib: replacing existing signature
/Users/jaydenmanno/AI/MoneyPrinterTurbo/desktop/dist/Turbo Video.app/Contents/Frameworks/lib/libswresample.7.1.101.dylib: replacing existing signature
/Users/jaydenmanno/AI/MoneyPrinterTurbo/desktop/dist/Turbo Video.app/Contents/Frameworks/lib/libswscale.10.1.101.dylib: replacing existing signature
/Users/jaydenmanno/AI/MoneyPrinterTurbo/desktop/dist/Turbo Video.app/Contents/Frameworks/lib/libavutil.61.1.101.dylib: replacing existing signature
/Users/jaydenmanno/AI/MoneyPrinterTurbo/desktop/dist/Turbo Video.app/Contents/Frameworks/lib/libavcodec.63.1.101.dylib: replacing existing signature
/Users/jaydenmanno/AI/MoneyPrinterTurbo/desktop/dist/Turbo Video.app/Contents/Frameworks/lib/liblzma.5.dylib: replacing existing signature
/Users/jaydenmanno/AI/MoneyPrinterTurbo/desktop/dist/Turbo Video.app/Contents/Frameworks/lib/libvpx.12.dylib: replacing existing signature
/Users/jaydenmanno/AI/MoneyPrinterTurbo/desktop/dist/Turbo Video.app/Contents/Frameworks/lib/libavformat.63.1.101.dylib: replacing existing signature
/Users/jaydenmanno/AI/MoneyPrinterTurbo/desktop/dist/Turbo Video.app/Contents/Frameworks/lib/libx265.216.dylib: replacing existing signature
/Users/jaydenmanno/AI/MoneyPrinterTurbo/desktop/dist/Turbo Video.app/Contents/Frameworks/lib/libopus.0.dylib: replacing existing signature
/Users/jaydenmanno/AI/MoneyPrinterTurbo/desktop/dist/Turbo Video.app/Contents/Frameworks/AppKit/_inlines.cpython-311-darwin.so: replacing existing signature
/Users/jaydenmanno/AI/MoneyPrinterTurbo/desktop/dist/Turbo Video.app/Contents/Frameworks/AppKit/_AppKit.cpython-311-darwin.so: replacing existing signature
/Users/jaydenmanno/AI/MoneyPrinterTurbo/desktop/dist/Turbo Video.app/Contents/Frameworks/yaml/_yaml.cpython-311-darwin.so: replacing existing signature
/Users/jaydenmanno/AI/MoneyPrinterTurbo/desktop/dist/Turbo Video.app/Contents/Frameworks/libavcodec.63.1.101.dylib: replacing existing signature
/Users/jaydenmanno/AI/MoneyPrinterTurbo/desktop/dist/Turbo Video.app/Contents/Frameworks/objc/_machsignals.cpython-311-darwin.so: replacing existing signature
/Users/jaydenmanno/AI/MoneyPrinterTurbo/desktop/dist/Turbo Video.app/Contents/Frameworks/objc/_objc.cpython-311-darwin.so: replacing existing signature
/Users/jaydenmanno/AI/MoneyPrinterTurbo/desktop/dist/Turbo Video.app/Contents/Frameworks/yarl/_quoting_c.cpython-311-darwin.so: replacing existing signature
/Users/jaydenmanno/AI/MoneyPrinterTurbo/desktop/dist/Turbo Video.app/Contents/Frameworks/CoreFoundation/_inlines.cpython-311-darwin.so: replacing existing signature
/Users/jaydenmanno/AI/MoneyPrinterTurbo/desktop/dist/Turbo Video.app/Contents/Frameworks/CoreFoundation/_CoreFoundation.cpython-311-darwin.so: replacing existing signature
/Users/jaydenmanno/AI/MoneyPrinterTurbo/desktop/dist/Turbo Video.app/Contents/Frameworks/pydantic_core/_pydantic_core.cpython-311-darwin.so: replacing existing signature
/Users/jaydenmanno/AI/MoneyPrinterTurbo/desktop/dist/Turbo Video.app/Contents/Frameworks/pandas/_libs/index.cpython-311-darwin.so: replacing existing signature
/Users/jaydenmanno/AI/MoneyPrinterTurbo/desktop/dist/Turbo Video.app/Contents/Frameworks/pandas/_libs/algos.cpython-311-darwin.so: replacing existing signature
/Users/jaydenmanno/AI/MoneyPrinterTurbo/desktop/dist/Turbo Video.app/Contents/Frameworks/pandas/_libs/tslib.cpython-311-darwin.so: replacing existing signature
/Users/jaydenmanno/AI/MoneyPrinterTurbo/desktop/dist/Turbo Video.app/Contents/Frameworks/pandas/_libs/json.cpython-311-darwin.so: replacing existing signature
/Users/jaydenmanno/AI/MoneyPrinterTurbo/desktop/dist/Turbo Video.app/Contents/Frameworks/pandas/_libs/hashtable.cpython-311-darwin.so: replacing existing signature
/Users/jaydenmanno/AI/MoneyPrinterTurbo/desktop/dist/Turbo Video.app/Contents/Frameworks/pandas/_libs/groupby.cpython-311-darwin.so: replacing existing signature
/Users/jaydenmanno/AI/MoneyPrinterTurbo/desktop/dist/Turbo Video.app/Contents/Frameworks/pandas/_libs/ops.cpython-311-darwin.so: replacing existing signature
/Users/jaydenmanno/AI/MoneyPrinterTurbo/desktop/dist/Turbo Video.app/Contents/Frameworks/pandas/_libs/parsers.cpython-311-darwin.so: replacing existing signature
/Users/jaydenmanno/AI/MoneyPrinterTurbo/desktop/dist/Turbo Video.app/Contents/Frameworks/pandas/_libs/indexing.cpython-311-darwin.so: replacing existing signature
/Users/jaydenmanno/AI/MoneyPrinterTurbo/desktop/dist/Turbo Video.app/Contents/Frameworks/pandas/_libs/missing.cpython-311-darwin.so: replacing existing signature
/Users/jaydenmanno/AI/MoneyPrinterTurbo/desktop/dist/Turbo Video.app/Contents/Frameworks/pandas/_libs/hashing.cpython-311-darwin.so: replacing existing signature
/Users/jaydenmanno/AI/MoneyPrinterTurbo/desktop/dist/Turbo Video.app/Contents/Frameworks/pandas/_libs/sparse.cpython-311-darwin.so: replacing existing signature
/Users/jaydenmanno/AI/MoneyPrinterTurbo/desktop/dist/Turbo Video.app/Contents/Frameworks/pandas/_libs/arrays.cpython-311-darwin.so: replacing existing signature
/Users/jaydenmanno/AI/MoneyPrinterTurbo/desktop/dist/Turbo Video.app/Contents/Frameworks/pandas/_libs/sas.cpython-311-darwin.so: replacing existing signature
/Users/jaydenmanno/AI/MoneyPrinterTurbo/desktop/dist/Turbo Video.app/Contents/Frameworks/pandas/_libs/reshape.cpython-311-darwin.so: replacing existing signature
/Users/jaydenmanno/AI/MoneyPrinterTurbo/desktop/dist/Turbo Video.app/Contents/Frameworks/pandas/_libs/join.cpython-311-darwin.so: replacing existing signature
/Users/jaydenmanno/AI/MoneyPrinterTurbo/desktop/dist/Turbo Video.app/Contents/Frameworks/pandas/_libs/testing.cpython-311-darwin.so: replacing existing signature
/Users/jaydenmanno/AI/MoneyPrinterTurbo/desktop/dist/Turbo Video.app/Contents/Frameworks/pandas/_libs/lib.cpython-311-darwin.so: replacing existing signature
/Users/jaydenmanno/AI/MoneyPrinterTurbo/desktop/dist/Turbo Video.app/Contents/Frameworks/pandas/_libs/window/indexers.cpython-311-darwin.so: replacing existing signature
/Users/jaydenmanno/AI/MoneyPrinterTurbo/desktop/dist/Turbo Video.app/Contents/Frameworks/pandas/_libs/window/aggregations.cpython-311-darwin.so: replacing existing signature
/Users/jaydenmanno/AI/MoneyPrinterTurbo/desktop/dist/Turbo Video.app/Contents/Frameworks/pandas/_libs/internals.cpython-311-darwin.so: replacing existing signature
/Users/jaydenmanno/AI/MoneyPrinterTurbo/desktop/dist/Turbo Video.app/Contents/Frameworks/pandas/_libs/pandas_parser.cpython-311-darwin.so: replacing existing signature
/Users/jaydenmanno/AI/MoneyPrinterTurbo/desktop/dist/Turbo Video.app/Contents/Frameworks/pandas/_libs/byteswap.cpython-311-darwin.so: replacing existing signature
/Users/jaydenmanno/AI/MoneyPrinterTurbo/desktop/dist/Turbo Video.app/Contents/Frameworks/pandas/_libs/tslibs/strptime.cpython-311-darwin.so: replacing existing signature
/Users/jaydenmanno/AI/MoneyPrinterTurbo/desktop/dist/Turbo Video.app/Contents/Frameworks/pandas/_libs/tslibs/dtypes.cpython-311-darwin.so: replacing existing signature
/Users/jaydenmanno/AI/MoneyPrinterTurbo/desktop/dist/Turbo Video.app/Contents/Frameworks/pandas/_libs/tslibs/vectorized.cpython-311-darwin.so: replacing existing signature
/Users/jaydenmanno/AI/MoneyPrinterTurbo/desktop/dist/Turbo Video.app/Contents/Frameworks/pandas/_libs/tslibs/base.cpython-311-darwin.so: replacing existing signature
/Users/jaydenmanno/AI/MoneyPrinterTurbo/desktop/dist/Turbo Video.app/Contents/Frameworks/pandas/_libs/tslibs/parsing.cpython-311-darwin.so: replacing existing signature
/Users/jaydenmanno/AI/MoneyPrinterTurbo/desktop/dist/Turbo Video.app/Contents/Frameworks/pandas/_libs/tslibs/timestamps.cpython-311-darwin.so: replacing existing signature
/Users/jaydenmanno/AI/MoneyPrinterTurbo/desktop/dist/Turbo Video.app/Contents/Frameworks/pandas/_libs/tslibs/np_datetime.cpython-311-darwin.so: replacing existing signature
/Users/jaydenmanno/AI/MoneyPrinterTurbo/desktop/dist/Turbo Video.app/Contents/Frameworks/pandas/_libs/tslibs/timezones.cpython-311-darwin.so: replacing existing signature
/Users/jaydenmanno/AI/MoneyPrinterTurbo/desktop/dist/Turbo Video.app/Contents/Frameworks/pandas/_libs/tslibs/period.cpython-311-darwin.so: replacing existing signature
/Users/jaydenmanno/AI/MoneyPrinterTurbo/desktop/dist/Turbo Video.app/Contents/Frameworks/pandas/_libs/tslibs/conversion.cpython-311-darwin.so: replacing existing signature
/Users/jaydenmanno/AI/MoneyPrinterTurbo/desktop/dist/Turbo Video.app/Contents/Frameworks/pandas/_libs/tslibs/nattype.cpython-311-darwin.so: replacing existing signature
/Users/jaydenmanno/AI/MoneyPrinterTurbo/desktop/dist/Turbo Video.app/Contents/Frameworks/pandas/_libs/tslibs/fields.cpython-311-darwin.so: replacing existing signature
/Users/jaydenmanno/AI/MoneyPrinterTurbo/desktop/dist/Turbo Video.app/Contents/Frameworks/pandas/_libs/tslibs/tzconversion.cpython-311-darwin.so: replacing existing signature
/Users/jaydenmanno/AI/MoneyPrinterTurbo/desktop/dist/Turbo Video.app/Contents/Frameworks/pandas/_libs/tslibs/offsets.cpython-311-darwin.so: replacing existing signature
/Users/jaydenmanno/AI/MoneyPrinterTurbo/desktop/dist/Turbo Video.app/Contents/Frameworks/pandas/_libs/tslibs/timedeltas.cpython-311-darwin.so: replacing existing signature
/Users/jaydenmanno/AI/MoneyPrinterTurbo/desktop/dist/Turbo Video.app/Contents/Frameworks/pandas/_libs/tslibs/ccalendar.cpython-311-darwin.so: replacing existing signature
/Users/jaydenmanno/AI/MoneyPrinterTurbo/desktop/dist/Turbo Video.app/Contents/Frameworks/pandas/_libs/properties.cpython-311-darwin.so: replacing existing signature
/Users/jaydenmanno/AI/MoneyPrinterTurbo/desktop/dist/Turbo Video.app/Contents/Frameworks/pandas/_libs/ops_dispatch.cpython-311-darwin.so: replacing existing signature
/Users/jaydenmanno/AI/MoneyPrinterTurbo/desktop/dist/Turbo Video.app/Contents/Frameworks/pandas/_libs/pandas_datetime.cpython-311-darwin.so: replacing existing signature
/Users/jaydenmanno/AI/MoneyPrinterTurbo/desktop/dist/Turbo Video.app/Contents/Frameworks/pandas/_libs/writers.cpython-311-darwin.so: replacing existing signature
/Users/jaydenmanno/AI/MoneyPrinterTurbo/desktop/dist/Turbo Video.app/Contents/Frameworks/pandas/_libs/interval.cpython-311-darwin.so: replacing existing signature
/Users/jaydenmanno/AI/MoneyPrinterTurbo/desktop/dist/Turbo Video.app/Contents/Frameworks/libvpx.12.dylib: replacing existing signature
/Users/jaydenmanno/AI/MoneyPrinterTurbo/desktop/dist/Turbo Video.app/Contents/Frameworks/pyarrow/libarrow.2300.dylib: replacing existing signature
/Users/jaydenmanno/AI/MoneyPrinterTurbo/desktop/dist/Turbo Video.app/Contents/Frameworks/pyarrow/libarrow_python_flight.2300.dylib: replacing existing signature
/Users/jaydenmanno/AI/MoneyPrinterTurbo/desktop/dist/Turbo Video.app/Contents/Frameworks/pyarrow/_feather.cpython-311-darwin.so: replacing existing signature
/Users/jaydenmanno/AI/MoneyPrinterTurbo/desktop/dist/Turbo Video.app/Contents/Frameworks/pyarrow/_parquet_encryption.cpython-311-darwin.so: replacing existing signature
/Users/jaydenmanno/AI/MoneyPrinterTurbo/desktop/dist/Turbo Video.app/Contents/Frameworks/pyarrow/_substrait.cpython-311-darwin.so: replacing existing signature
/Users/jaydenmanno/AI/MoneyPrinterTurbo/desktop/dist/Turbo Video.app/Contents/Frameworks/pyarrow/_dataset_parquet_encryption.cpython-311-darwin.so: replacing existing signature
/Users/jaydenmanno/AI/MoneyPrinterTurbo/desktop/dist/Turbo Video.app/Contents/Frameworks/pyarrow/_compute.cpython-311-darwin.so: replacing existing signature
/Users/jaydenmanno/AI/MoneyPrinterTurbo/desktop/dist/Turbo Video.app/Contents/Frameworks/pyarrow/_flight.cpython-311-darwin.so: replacing existing signature
/Users/jaydenmanno/AI/MoneyPrinterTurbo/desktop/dist/Turbo Video.app/Contents/Frameworks/pyarrow/_json.cpython-311-darwin.so: replacing existing signature
/Users/jaydenmanno/AI/MoneyPrinterTurbo/desktop/dist/Turbo Video.app/Contents/Frameworks/pyarrow/libparquet.2300.dylib: replacing existing signature
/Users/jaydenmanno/AI/MoneyPrinterTurbo/desktop/dist/Turbo Video.app/Contents/Frameworks/pyarrow/_dataset.cpython-311-darwin.so: replacing existing signature
/Users/jaydenmanno/AI/MoneyPrinterTurbo/desktop/dist/Turbo Video.app/Contents/Frameworks/pyarrow/libarrow_python.2300.dylib: replacing existing signature
/Users/jaydenmanno/AI/MoneyPrinterTurbo/desktop/dist/Turbo Video.app/Contents/Frameworks/pyarrow/_gcsfs.cpython-311-darwin.so: replacing existing signature
/Users/jaydenmanno/AI/MoneyPrinterTurbo/desktop/dist/Turbo Video.app/Contents/Frameworks/pyarrow/_hdfs.cpython-311-darwin.so: replacing existing signature
/Users/jaydenmanno/AI/MoneyPrinterTurbo/desktop/dist/Turbo Video.app/Contents/Frameworks/pyarrow/libarrow_substrait.2300.dylib: replacing existing signature
/Users/jaydenmanno/AI/MoneyPrinterTurbo/desktop/dist/Turbo Video.app/Contents/Frameworks/pyarrow/_dataset_parquet.cpython-311-darwin.so: replacing existing signature
/Users/jaydenmanno/AI/MoneyPrinterTurbo/desktop/dist/Turbo Video.app/Contents/Frameworks/pyarrow/libarrow_compute.2300.dylib: replacing existing signature
/Users/jaydenmanno/AI/MoneyPrinterTurbo/desktop/dist/Turbo Video.app/Contents/Frameworks/pyarrow/libarrow_flight.2300.dylib: replacing existing signature
/Users/jaydenmanno/AI/MoneyPrinterTurbo/desktop/dist/Turbo Video.app/Contents/Frameworks/pyarrow/libarrow_python_flight.dylib: replacing existing signature
/Users/jaydenmanno/AI/MoneyPrinterTurbo/desktop/dist/Turbo Video.app/Contents/Frameworks/pyarrow/libarrow_python_flight.2300.1.0.dylib: replacing existing signature
/Users/jaydenmanno/AI/MoneyPrinterTurbo/desktop/dist/Turbo Video.app/Contents/Frameworks/pyarrow/lib.cpython-311-darwin.so: replacing existing signature
/Users/jaydenmanno/AI/MoneyPrinterTurbo/desktop/dist/Turbo Video.app/Contents/Frameworks/pyarrow/_orc.cpython-311-darwin.so: replacing existing signature
/Users/jaydenmanno/AI/MoneyPrinterTurbo/desktop/dist/Turbo Video.app/Contents/Frameworks/pyarrow/libarrow_python_parquet_encryption.2300.1.0.dylib: replacing existing signature
/Users/jaydenmanno/AI/MoneyPrinterTurbo/desktop/dist/Turbo Video.app/Contents/Frameworks/pyarrow/_parquet.cpython-311-darwin.so: replacing existing signature
/Users/jaydenmanno/AI/MoneyPrinterTurbo/desktop/dist/Turbo Video.app/Contents/Frameworks/pyarrow/libarrow_acero.2300.dylib: replacing existing signature
/Users/jaydenmanno/AI/MoneyPrinterTurbo/desktop/dist/Turbo Video.app/Contents/Frameworks/pyarrow/_azurefs.cpython-311-darwin.so: replacing existing signature
/Users/jaydenmanno/AI/MoneyPrinterTurbo/desktop/dist/Turbo Video.app/Contents/Frameworks/pyarrow/_acero.cpython-311-darwin.so: replacing existing signature
/Users/jaydenmanno/AI/MoneyPrinterTurbo/desktop/dist/Turbo Video.app/Contents/Frameworks/pyarrow/_dataset_orc.cpython-311-darwin.so: replacing existing signature
/Users/jaydenmanno/AI/MoneyPrinterTurbo/desktop/dist/Turbo Video.app/Contents/Frameworks/pyarrow/_s3fs.cpython-311-darwin.so: replacing existing signature
/Users/jaydenmanno/AI/MoneyPrinterTurbo/desktop/dist/Turbo Video.app/Contents/Frameworks/pyarrow/libarrow_python.dylib: replacing existing signature
/Users/jaydenmanno/AI/MoneyPrinterTurbo/desktop/dist/Turbo Video.app/Contents/Frameworks/pyarrow/libarrow_dataset.2300.dylib: replacing existing signature
/Users/jaydenmanno/AI/MoneyPrinterTurbo/desktop/dist/Turbo Video.app/Contents/Frameworks/pyarrow/libarrow_python_parquet_encryption.dylib: replacing existing signature
/Users/jaydenmanno/AI/MoneyPrinterTurbo/desktop/dist/Turbo Video.app/Contents/Frameworks/pyarrow/libarrow_python_parquet_encryption.2300.dylib: replacing existing signature
/Users/jaydenmanno/AI/MoneyPrinterTurbo/desktop/dist/Turbo Video.app/Contents/Frameworks/pyarrow/_fs.cpython-311-darwin.so: replacing existing signature
/Users/jaydenmanno/AI/MoneyPrinterTurbo/desktop/dist/Turbo Video.app/Contents/Frameworks/pyarrow/libarrow_python.2300.1.0.dylib: replacing existing signature
/Users/jaydenmanno/AI/MoneyPrinterTurbo/desktop/dist/Turbo Video.app/Contents/Frameworks/pyarrow/_csv.cpython-311-darwin.so: replacing existing signature
/Users/jaydenmanno/AI/MoneyPrinterTurbo/desktop/dist/Turbo Video.app/Contents/Frameworks/libavformat.63.1.101.dylib: replacing existing signature
/Users/jaydenmanno/AI/MoneyPrinterTurbo/desktop/dist/Turbo Video.app/Contents/Frameworks/libx265.216.dylib: replacing existing signature
/Users/jaydenmanno/AI/MoneyPrinterTurbo/desktop/dist/Turbo Video.app: replacing existing signature
--prepared:/Users/jaydenmanno/AI/MoneyPrinterTurbo/desktop/dist/Turbo Video.app/Contents/Frameworks/aiohttp/_http_parser.cpython-311-darwin.so
--validated:/Users/jaydenmanno/AI/MoneyPrinterTurbo/desktop/dist/Turbo Video.app/Contents/Frameworks/aiohttp/_http_parser.cpython-311-darwin.so
--prepared:/Users/jaydenmanno/AI/MoneyPrinterTurbo/desktop/dist/Turbo Video.app/Contents/Frameworks/_cffi_backend.cpython-311-darwin.so
--prepared:/Users/jaydenmanno/AI/MoneyPrinterTurbo/desktop/dist/Turbo Video.app/Contents/Frameworks/81d243bd2c585b0f4821__mypyc.cpython-311-darwin.so
--validated:/Users/jaydenmanno/AI/MoneyPrinterTurbo/desktop/dist/Turbo Video.app/Contents/Frameworks/_cffi_backend.cpython-311-darwin.so
--validated:/Users/jaydenmanno/AI/MoneyPrinterTurbo/desktop/dist/Turbo Video.app/Contents/Frameworks/81d243bd2c585b0f4821__mypyc.cpython-311-darwin.so
--prepared:/Users/jaydenmanno/AI/MoneyPrinterTurbo/desktop/dist/Turbo Video.app/Contents/Frameworks/aiohttp/_http_writer.cpython-311-darwin.so
--validated:/Users/jaydenmanno/AI/MoneyPrinterTurbo/desktop/dist/Turbo Video.app/Contents/Frameworks/aiohttp/_http_writer.cpython-311-darwin.so
--prepared:/Users/jaydenmanno/AI/MoneyPrinterTurbo/desktop/dist/Turbo Video.app/Contents/Frameworks/aiohttp/_websocket/mask.cpython-311-darwin.so
--validated:/Users/jaydenmanno/AI/MoneyPrinterTurbo/desktop/dist/Turbo Video.app/Contents/Frameworks/aiohttp/_websocket/mask.cpython-311-darwin.so
--prepared:/Users/jaydenmanno/AI/MoneyPrinterTurbo/desktop/dist/Turbo Video.app/Contents/Frameworks/aiohttp/_websocket/reader_c.cpython-311-darwin.so
--validated:/Users/jaydenmanno/AI/MoneyPrinterTurbo/desktop/dist/Turbo Video.app/Contents/Frameworks/aiohttp/_websocket/reader_c.cpython-311-darwin.so
--prepared:/Users/jaydenmanno/AI/MoneyPrinterTurbo/desktop/dist/Turbo Video.app/Contents/Frameworks/libmpg123.0.dylib
--validated:/Users/jaydenmanno/AI/MoneyPrinterTurbo/desktop/dist/Turbo Video.app/Contents/Frameworks/libmpg123.0.dylib
--prepared:/Users/jaydenmanno/AI/MoneyPrinterTurbo/desktop/dist/Turbo Video.app/Contents/Frameworks/libvmaf.3.dylib
--validated:/Users/jaydenmanno/AI/MoneyPrinterTurbo/desktop/dist/Turbo Video.app/Contents/Frameworks/libvmaf.3.dylib
--prepared:/Users/jaydenmanno/AI/MoneyPrinterTurbo/desktop/dist/Turbo Video.app/Contents/Frameworks/libtcl9.0.dylib
--validated:/Users/jaydenmanno/AI/MoneyPrinterTurbo/desktop/dist/Turbo Video.app/Contents/Frameworks/libtcl9.0.dylib
--prepared:/Users/jaydenmanno/AI/MoneyPrinterTurbo/desktop/dist/Turbo Video.app/Contents/Frameworks/WebKit/_WebKit.cpython-311-darwin.so
--validated:/Users/jaydenmanno/AI/MoneyPrinterTurbo/desktop/dist/Turbo Video.app/Contents/Frameworks/WebKit/_WebKit.cpython-311-darwin.so
--prepared:/Users/jaydenmanno/AI/MoneyPrinterTurbo/desktop/dist/Turbo Video.app/Contents/Frameworks/markupsafe/_speedups.cpython-311-darwin.so
--validated:/Users/jaydenmanno/AI/MoneyPrinterTurbo/desktop/dist/Turbo Video.app/Contents/Frameworks/markupsafe/_speedups.cpython-311-darwin.so
--prepared:/Users/jaydenmanno/AI/MoneyPrinterTurbo/desktop/dist/Turbo Video.app/Contents/Frameworks/libSvtAv1Enc.4.2.0.dylib
--validated:/Users/jaydenmanno/AI/MoneyPrinterTurbo/desktop/dist/Turbo Video.app/Contents/Frameworks/libSvtAv1Enc.4.2.0.dylib
--prepared:/Users/jaydenmanno/AI/MoneyPrinterTurbo/desktop/dist/Turbo Video.app/Contents/Frameworks/hf_xet/hf_xet.abi3.so
--validated:/Users/jaydenmanno/AI/MoneyPrinterTurbo/desktop/dist/Turbo Video.app/Contents/Frameworks/hf_xet/hf_xet.abi3.so
--prepared:/Users/jaydenmanno/AI/MoneyPrinterTurbo/desktop/dist/Turbo Video.app/Contents/Frameworks/tokenizers/tokenizers.abi3.so
--validated:/Users/jaydenmanno/AI/MoneyPrinterTurbo/desktop/dist/Turbo Video.app/Contents/Frameworks/tokenizers/tokenizers.abi3.so
--prepared:/Users/jaydenmanno/AI/MoneyPrinterTurbo/desktop/dist/Turbo Video.app/Contents/Frameworks/libavdevice.63.1.101.dylib
--prepared:/Users/jaydenmanno/AI/MoneyPrinterTurbo/desktop/dist/Turbo Video.app/Contents/Frameworks/av/video/format.abi3.so
--validated:/Users/jaydenmanno/AI/MoneyPrinterTurbo/desktop/dist/Turbo Video.app/Contents/Frameworks/libavdevice.63.1.101.dylib
--validated:/Users/jaydenmanno/AI/MoneyPrinterTurbo/desktop/dist/Turbo Video.app/Contents/Frameworks/av/video/format.abi3.so
--prepared:/Users/jaydenmanno/AI/MoneyPrinterTurbo/desktop/dist/Turbo Video.app/Contents/Frameworks/av/device.abi3.so
--prepared:/Users/jaydenmanno/AI/MoneyPrinterTurbo/desktop/dist/Turbo Video.app/Contents/Frameworks/av/video/plane.abi3.so
--prepared:/Users/jaydenmanno/AI/MoneyPrinterTurbo/desktop/dist/Turbo Video.app/Contents/Frameworks/av/buffer.abi3.so
--prepared:/Users/jaydenmanno/AI/MoneyPrinterTurbo/desktop/dist/Turbo Video.app/Contents/Frameworks/av/video/stream.abi3.so
--validated:/Users/jaydenmanno/AI/MoneyPrinterTurbo/desktop/dist/Turbo Video.app/Contents/Frameworks/av/device.abi3.so
--prepared:/Users/jaydenmanno/AI/MoneyPrinterTurbo/desktop/dist/Turbo Video.app/Contents/Frameworks/av/video/codeccontext.abi3.so
--prepared:/Users/jaydenmanno/AI/MoneyPrinterTurbo/desktop/dist/Turbo Video.app/Contents/Frameworks/av/video/frame.abi3.so
--validated:/Users/jaydenmanno/AI/MoneyPrinterTurbo/desktop/dist/Turbo Video.app/Contents/Frameworks/av/video/plane.abi3.so
--validated:/Users/jaydenmanno/AI/MoneyPrinterTurbo/desktop/dist/Turbo Video.app/Contents/Frameworks/av/buffer.abi3.so
--validated:/Users/jaydenmanno/AI/MoneyPrinterTurbo/desktop/dist/Turbo Video.app/Contents/Frameworks/av/video/stream.abi3.so
--validated:/Users/jaydenmanno/AI/MoneyPrinterTurbo/desktop/dist/Turbo Video.app/Contents/Frameworks/av/video/frame.abi3.so
--validated:/Users/jaydenmanno/AI/MoneyPrinterTurbo/desktop/dist/Turbo Video.app/Contents/Frameworks/av/video/codeccontext.abi3.so
--prepared:/Users/jaydenmanno/AI/MoneyPrinterTurbo/desktop/dist/Turbo Video.app/Contents/Frameworks/av/stream.abi3.so
--validated:/Users/jaydenmanno/AI/MoneyPrinterTurbo/desktop/dist/Turbo Video.app/Contents/Frameworks/av/stream.abi3.so
--prepared:/Users/jaydenmanno/AI/MoneyPrinterTurbo/desktop/dist/Turbo Video.app/Contents/Frameworks/av/packet.abi3.so
--prepared:/Users/jaydenmanno/AI/MoneyPrinterTurbo/desktop/dist/Turbo Video.app/Contents/Frameworks/av/video/reformatter.abi3.so
--validated:/Users/jaydenmanno/AI/MoneyPrinterTurbo/desktop/dist/Turbo Video.app/Contents/Frameworks/av/packet.abi3.so
--validated:/Users/jaydenmanno/AI/MoneyPrinterTurbo/desktop/dist/Turbo Video.app/Contents/Frameworks/av/video/reformatter.abi3.so
--prepared:/Users/jaydenmanno/AI/MoneyPrinterTurbo/desktop/dist/Turbo Video.app/Contents/Frameworks/av/__dot__dylibs/libvorbisenc.2.dylib
--validated:/Users/jaydenmanno/AI/MoneyPrinterTurbo/desktop/dist/Turbo Video.app/Contents/Frameworks/av/__dot__dylibs/libvorbisenc.2.dylib
--prepared:/Users/jaydenmanno/AI/MoneyPrinterTurbo/desktop/dist/Turbo Video.app/Contents/Frameworks/av/opaque.abi3.so
--prepared:/Users/jaydenmanno/AI/MoneyPrinterTurbo/desktop/dist/Turbo Video.app/Contents/Frameworks/av/__dot__dylibs/libwebp.7.1.10.dylib
--validated:/Users/jaydenmanno/AI/MoneyPrinterTurbo/desktop/dist/Turbo Video.app/Contents/Frameworks/av/opaque.abi3.so
--prepared:/Users/jaydenmanno/AI/MoneyPrinterTurbo/desktop/dist/Turbo Video.app/Contents/Frameworks/av/__dot__dylibs/libdav1d.7.dylib
--validated:/Users/jaydenmanno/AI/MoneyPrinterTurbo/desktop/dist/Turbo Video.app/Contents/Frameworks/av/__dot__dylibs/libwebp.7.1.10.dylib
--validated:/Users/jaydenmanno/AI/MoneyPrinterTurbo/desktop/dist/Turbo Video.app/Contents/Frameworks/av/__dot__dylibs/libdav1d.7.dylib
--prepared:/Users/jaydenmanno/AI/MoneyPrinterTurbo/desktop/dist/Turbo Video.app/Contents/Frameworks/av/__dot__dylibs/libopencore-amrnb.0.dylib
--validated:/Users/jaydenmanno/AI/MoneyPrinterTurbo/desktop/dist/Turbo Video.app/Contents/Frameworks/av/__dot__dylibs/libopencore-amrnb.0.dylib
--prepared:/Users/jaydenmanno/AI/MoneyPrinterTurbo/desktop/dist/Turbo Video.app/Contents/Frameworks/av/__dot__dylibs/libmp3lame.0.dylib
--validated:/Users/jaydenmanno/AI/MoneyPrinterTurbo/desktop/dist/Turbo Video.app/Contents/Frameworks/av/__dot__dylibs/libmp3lame.0.dylib
--prepared:/Users/jaydenmanno/AI/MoneyPrinterTurbo/desktop/dist/Turbo Video.app/Contents/Frameworks/av/__dot__dylibs/libswresample.6.1.100.dylib
--validated:/Users/jaydenmanno/AI/MoneyPrinterTurbo/desktop/dist/Turbo Video.app/Contents/Frameworks/av/__dot__dylibs/libswresample.6.1.100.dylib
--prepared:/Users/jaydenmanno/AI/MoneyPrinterTurbo/desktop/dist/Turbo Video.app/Contents/Frameworks/av/__dot__dylibs/libvorbis.0.dylib
--prepared:/Users/jaydenmanno/AI/MoneyPrinterTurbo/desktop/dist/Turbo Video.app/Contents/Frameworks/av/__dot__dylibs/libx264.165.dylib
--validated:/Users/jaydenmanno/AI/MoneyPrinterTurbo/desktop/dist/Turbo Video.app/Contents/Frameworks/av/__dot__dylibs/libvorbis.0.dylib
--validated:/Users/jaydenmanno/AI/MoneyPrinterTurbo/desktop/dist/Turbo Video.app/Contents/Frameworks/av/__dot__dylibs/libx264.165.dylib
--prepared:/Users/jaydenmanno/AI/MoneyPrinterTurbo/desktop/dist/Turbo Video.app/Contents/Frameworks/av/__dot__dylibs/libsharpyuv.0.1.1.dylib
--prepared:/Users/jaydenmanno/AI/MoneyPrinterTurbo/desktop/dist/Turbo Video.app/Contents/Frameworks/av/__dot__dylibs/libwebpmux.3.1.1.dylib
--validated:/Users/jaydenmanno/AI/MoneyPrinterTurbo/desktop/dist/Turbo Video.app/Contents/Frameworks/av/__dot__dylibs/libwebpmux.3.1.1.dylib
--validated:/Users/jaydenmanno/AI/MoneyPrinterTurbo/desktop/dist/Turbo Video.app/Contents/Frameworks/av/__dot__dylibs/libsharpyuv.0.1.1.dylib
--prepared:/Users/jaydenmanno/AI/MoneyPrinterTurbo/desktop/dist/Turbo Video.app/Contents/Frameworks/av/__dot__dylibs/libSvtAv1Enc.3.1.2.dylib
--validated:/Users/jaydenmanno/AI/MoneyPrinterTurbo/desktop/dist/Turbo Video.app/Contents/Frameworks/av/__dot__dylibs/libSvtAv1Enc.3.1.2.dylib
--prepared:/Users/jaydenmanno/AI/MoneyPrinterTurbo/desktop/dist/Turbo Video.app/Contents/Frameworks/av/__dot__dylibs/libopenh264.7.dylib
--validated:/Users/jaydenmanno/AI/MoneyPrinterTurbo/desktop/dist/Turbo Video.app/Contents/Frameworks/av/__dot__dylibs/libopenh264.7.dylib
--prepared:/Users/jaydenmanno/AI/MoneyPrinterTurbo/desktop/dist/Turbo Video.app/Contents/Frameworks/av/__dot__dylibs/libvpx.11.dylib
--validated:/Users/jaydenmanno/AI/MoneyPrinterTurbo/desktop/dist/Turbo Video.app/Contents/Frameworks/av/__dot__dylibs/libvpx.11.dylib
--prepared:/Users/jaydenmanno/AI/MoneyPrinterTurbo/desktop/dist/Turbo Video.app/Contents/Frameworks/av/__dot__dylibs/libopencore-amrwb.0.dylib
--validated:/Users/jaydenmanno/AI/MoneyPrinterTurbo/desktop/dist/Turbo Video.app/Contents/Frameworks/av/__dot__dylibs/libopencore-amrwb.0.dylib
--prepared:/Users/jaydenmanno/AI/MoneyPrinterTurbo/desktop/dist/Turbo Video.app/Contents/Frameworks/av/__dot__dylibs/libspeex.1.dylib
--validated:/Users/jaydenmanno/AI/MoneyPrinterTurbo/desktop/dist/Turbo Video.app/Contents/Frameworks/av/__dot__dylibs/libspeex.1.dylib
--prepared:/Users/jaydenmanno/AI/MoneyPrinterTurbo/desktop/dist/Turbo Video.app/Contents/Frameworks/av/__dot__dylibs/libavdevice.62.1.100.dylib
--validated:/Users/jaydenmanno/AI/MoneyPrinterTurbo/desktop/dist/Turbo Video.app/Contents/Frameworks/av/__dot__dylibs/libavdevice.62.1.100.dylib
--prepared:/Users/jaydenmanno/AI/MoneyPrinterTurbo/desktop/dist/Turbo Video.app/Contents/Frameworks/av/__dot__dylibs/libogg.0.dylib
--validated:/Users/jaydenmanno/AI/MoneyPrinterTurbo/desktop/dist/Turbo Video.app/Contents/Frameworks/av/__dot__dylibs/libogg.0.dylib
--prepared:/Users/jaydenmanno/AI/MoneyPrinterTurbo/desktop/dist/Turbo Video.app/Contents/Frameworks/av/__dot__dylibs/libavformat.62.3.100.dylib
--validated:/Users/jaydenmanno/AI/MoneyPrinterTurbo/desktop/dist/Turbo Video.app/Contents/Frameworks/av/__dot__dylibs/libavformat.62.3.100.dylib
--prepared:/Users/jaydenmanno/AI/MoneyPrinterTurbo/desktop/dist/Turbo Video.app/Contents/Frameworks/av/__dot__dylibs/libavutil.60.8.100.dylib
--validated:/Users/jaydenmanno/AI/MoneyPrinterTurbo/desktop/dist/Turbo Video.app/Contents/Frameworks/av/__dot__dylibs/libavutil.60.8.100.dylib
--prepared:/Users/jaydenmanno/AI/MoneyPrinterTurbo/desktop/dist/Turbo Video.app/Contents/Frameworks/av/__dot__dylibs/libswscale.9.1.100.dylib
--validated:/Users/jaydenmanno/AI/MoneyPrinterTurbo/desktop/dist/Turbo Video.app/Contents/Frameworks/av/__dot__dylibs/libswscale.9.1.100.dylib
--prepared:/Users/jaydenmanno/AI/MoneyPrinterTurbo/desktop/dist/Turbo Video.app/Contents/Frameworks/av/__dot__dylibs/libavfilter.11.4.100.dylib
--validated:/Users/jaydenmanno/AI/MoneyPrinterTurbo/desktop/dist/Turbo Video.app/Contents/Frameworks/av/__dot__dylibs/libavfilter.11.4.100.dylib
--prepared:/Users/jaydenmanno/AI/MoneyPrinterTurbo/desktop/dist/Turbo Video.app/Contents/Frameworks/av/__dot__dylibs/libx265.215.dylib
--validated:/Users/jaydenmanno/AI/MoneyPrinterTurbo/desktop/dist/Turbo Video.app/Contents/Frameworks/av/__dot__dylibs/libx265.215.dylib
--prepared:/Users/jaydenmanno/AI/MoneyPrinterTurbo/desktop/dist/Turbo Video.app/Contents/Frameworks/av/plane.abi3.so
--prepared:/Users/jaydenmanno/AI/MoneyPrinterTurbo/desktop/dist/Turbo Video.app/Contents/Frameworks/av/codec/context.abi3.so
--validated:/Users/jaydenmanno/AI/MoneyPrinterTurbo/desktop/dist/Turbo Video.app/Contents/Frameworks/av/plane.abi3.so
--validated:/Users/jaydenmanno/AI/MoneyPrinterTurbo/desktop/dist/Turbo Video.app/Contents/Frameworks/av/codec/context.abi3.so
--prepared:/Users/jaydenmanno/AI/MoneyPrinterTurbo/desktop/dist/Turbo Video.app/Contents/Frameworks/av/codec/hwaccel.abi3.so
--prepared:/Users/jaydenmanno/AI/MoneyPrinterTurbo/desktop/dist/Turbo Video.app/Contents/Frameworks/av/dictionary.abi3.so
--prepared:/Users/jaydenmanno/AI/MoneyPrinterTurbo/desktop/dist/Turbo Video.app/Contents/Frameworks/av/error.abi3.so
--validated:/Users/jaydenmanno/AI/MoneyPrinterTurbo/desktop/dist/Turbo Video.app/Contents/Frameworks/av/codec/hwaccel.abi3.so
--prepared:/Users/jaydenmanno/AI/MoneyPrinterTurbo/desktop/dist/Turbo Video.app/Contents/Frameworks/av/__dot__dylibs/libopus.0.dylib
--prepared:/Users/jaydenmanno/AI/MoneyPrinterTurbo/desktop/dist/Turbo Video.app/Contents/Frameworks/av/option.abi3.so
--validated:/Users/jaydenmanno/AI/MoneyPrinterTurbo/desktop/dist/Turbo Video.app/Contents/Frameworks/av/dictionary.abi3.so
--validated:/Users/jaydenmanno/AI/MoneyPrinterTurbo/desktop/dist/Turbo Video.app/Contents/Frameworks/av/error.abi3.so
--validated:/Users/jaydenmanno/AI/MoneyPrinterTurbo/desktop/dist/Turbo Video.app/Contents/Frameworks/av/option.abi3.so
--validated:/Users/jaydenmanno/AI/MoneyPrinterTurbo/desktop/dist/Turbo Video.app/Contents/Frameworks/av/__dot__dylibs/libopus.0.dylib
--prepared:/Users/jaydenmanno/AI/MoneyPrinterTurbo/desktop/dist/Turbo Video.app/Contents/Frameworks/av/codec/codec.abi3.so
--prepared:/Users/jaydenmanno/AI/MoneyPrinterTurbo/desktop/dist/Turbo Video.app/Contents/Frameworks/av/container/output.abi3.so
--validated:/Users/jaydenmanno/AI/MoneyPrinterTurbo/desktop/dist/Turbo Video.app/Contents/Frameworks/av/codec/codec.abi3.so
--validated:/Users/jaydenmanno/AI/MoneyPrinterTurbo/desktop/dist/Turbo Video.app/Contents/Frameworks/av/container/output.abi3.so
--prepared:/Users/jaydenmanno/AI/MoneyPrinterTurbo/desktop/dist/Turbo Video.app/Contents/Frameworks/av/container/pyio.abi3.so
--prepared:/Users/jaydenmanno/AI/MoneyPrinterTurbo/desktop/dist/Turbo Video.app/Contents/Frameworks/av/container/streams.abi3.so
--validated:/Users/jaydenmanno/AI/MoneyPrinterTurbo/desktop/dist/Turbo Video.app/Contents/Frameworks/av/container/pyio.abi3.so
--validated:/Users/jaydenmanno/AI/MoneyPrinterTurbo/desktop/dist/Turbo Video.app/Contents/Frameworks/av/container/streams.abi3.so
--prepared:/Users/jaydenmanno/AI/MoneyPrinterTurbo/desktop/dist/Turbo Video.app/Contents/Frameworks/av/audio/stream.abi3.so
--prepared:/Users/jaydenmanno/AI/MoneyPrinterTurbo/desktop/dist/Turbo Video.app/Contents/Frameworks/av/container/input.abi3.so
--validated:/Users/jaydenmanno/AI/MoneyPrinterTurbo/desktop/dist/Turbo Video.app/Contents/Frameworks/av/audio/stream.abi3.so
--validated:/Users/jaydenmanno/AI/MoneyPrinterTurbo/desktop/dist/Turbo Video.app/Contents/Frameworks/av/container/input.abi3.so
--prepared:/Users/jaydenmanno/AI/MoneyPrinterTurbo/desktop/dist/Turbo Video.app/Contents/Frameworks/av/utils.abi3.so
--prepared:/Users/jaydenmanno/AI/MoneyPrinterTurbo/desktop/dist/Turbo Video.app/Contents/Frameworks/av/container/core.abi3.so--prepared:/Users/jaydenmanno/AI/MoneyPrinterTurbo/desktop/dist/Turbo Video.app/Contents/Frameworks/av/audio/layout.abi3.so
--prepared:/Users/jaydenmanno/AI/MoneyPrinterTurbo/desktop/dist/Turbo Video.app/Contents/Frameworks/av/bitstream.abi3.so
--validated:/Users/jaydenmanno/AI/MoneyPrinterTurbo/desktop/dist/Turbo Video.app/Contents/Frameworks/av/utils.abi3.so
--validated:/Users/jaydenmanno/AI/MoneyPrinterTurbo/desktop/dist/Turbo Video.app/Contents/Frameworks/av/bitstream.abi3.so

--validated:/Users/jaydenmanno/AI/MoneyPrinterTurbo/desktop/dist/Turbo Video.app/Contents/Frameworks/av/audio/layout.abi3.so
--validated:/Users/jaydenmanno/AI/MoneyPrinterTurbo/desktop/dist/Turbo Video.app/Contents/Frameworks/av/container/core.abi3.so
--prepared:/Users/jaydenmanno/AI/MoneyPrinterTurbo/desktop/dist/Turbo Video.app/Contents/Frameworks/av/audio/codeccontext.abi3.so
--validated:/Users/jaydenmanno/AI/MoneyPrinterTurbo/desktop/dist/Turbo Video.app/Contents/Frameworks/av/audio/codeccontext.abi3.so
--prepared:/Users/jaydenmanno/AI/MoneyPrinterTurbo/desktop/dist/Turbo Video.app/Contents/Frameworks/av/audio/plane.abi3.so
--validated:/Users/jaydenmanno/AI/MoneyPrinterTurbo/desktop/dist/Turbo Video.app/Contents/Frameworks/av/audio/plane.abi3.so
--prepared:/Users/jaydenmanno/AI/MoneyPrinterTurbo/desktop/dist/Turbo Video.app/Contents/Frameworks/av/__dot__dylibs/libavcodec.62.11.100.dylib
--validated:/Users/jaydenmanno/AI/MoneyPrinterTurbo/desktop/dist/Turbo Video.app/Contents/Frameworks/av/__dot__dylibs/libavcodec.62.11.100.dylib
--prepared:/Users/jaydenmanno/AI/MoneyPrinterTurbo/desktop/dist/Turbo Video.app/Contents/Frameworks/av/audio/resampler.abi3.so
--validated:/Users/jaydenmanno/AI/MoneyPrinterTurbo/desktop/dist/Turbo Video.app/Contents/Frameworks/av/audio/resampler.abi3.so
--prepared:/Users/jaydenmanno/AI/MoneyPrinterTurbo/desktop/dist/Turbo Video.app/Contents/Frameworks/av/frame.abi3.so
--prepared:/Users/jaydenmanno/AI/MoneyPrinterTurbo/desktop/dist/Turbo Video.app/Contents/Frameworks/av/audio/frame.abi3.so
--validated:/Users/jaydenmanno/AI/MoneyPrinterTurbo/desktop/dist/Turbo Video.app/Contents/Frameworks/av/frame.abi3.so
--prepared:/Users/jaydenmanno/AI/MoneyPrinterTurbo/desktop/dist/Turbo Video.app/Contents/Frameworks/av/audio/fifo.abi3.so
--validated:/Users/jaydenmanno/AI/MoneyPrinterTurbo/desktop/dist/Turbo Video.app/Contents/Frameworks/av/audio/frame.abi3.so
--validated:/Users/jaydenmanno/AI/MoneyPrinterTurbo/desktop/dist/Turbo Video.app/Contents/Frameworks/av/audio/fifo.abi3.so
--prepared:/Users/jaydenmanno/AI/MoneyPrinterTurbo/desktop/dist/Turbo Video.app/Contents/Frameworks/av/index.abi3.so
--validated:/Users/jaydenmanno/AI/MoneyPrinterTurbo/desktop/dist/Turbo Video.app/Contents/Frameworks/av/index.abi3.so
--prepared:/Users/jaydenmanno/AI/MoneyPrinterTurbo/desktop/dist/Turbo Video.app/Contents/Frameworks/av/audio/format.abi3.so
--prepared:/Users/jaydenmanno/AI/MoneyPrinterTurbo/desktop/dist/Turbo Video.app/Contents/Frameworks/av/_core.abi3.so
--validated:/Users/jaydenmanno/AI/MoneyPrinterTurbo/desktop/dist/Turbo Video.app/Contents/Frameworks/av/audio/format.abi3.so
--validated:/Users/jaydenmanno/AI/MoneyPrinterTurbo/desktop/dist/Turbo Video.app/Contents/Frameworks/av/_core.abi3.so
--prepared:/Users/jaydenmanno/AI/MoneyPrinterTurbo/desktop/dist/Turbo Video.app/Contents/Frameworks/av/filter/loudnorm.abi3.so
--validated:/Users/jaydenmanno/AI/MoneyPrinterTurbo/desktop/dist/Turbo Video.app/Contents/Frameworks/av/filter/loudnorm.abi3.so
--prepared:/Users/jaydenmanno/AI/MoneyPrinterTurbo/desktop/dist/Turbo Video.app/Contents/Frameworks/av/format.abi3.so
--prepared:/Users/jaydenmanno/AI/MoneyPrinterTurbo/desktop/dist/Turbo Video.app/Contents/Frameworks/av/subtitles/codeccontext.abi3.so
--validated:/Users/jaydenmanno/AI/MoneyPrinterTurbo/desktop/dist/Turbo Video.app/Contents/Frameworks/av/format.abi3.so
--prepared:/Users/jaydenmanno/AI/MoneyPrinterTurbo/desktop/dist/Turbo Video.app/Contents/Frameworks/av/subtitles/stream.abi3.so
--prepared:/Users/jaydenmanno/AI/MoneyPrinterTurbo/desktop/dist/Turbo Video.app/Contents/Frameworks/av/subtitles/subtitle.abi3.so
--validated:/Users/jaydenmanno/AI/MoneyPrinterTurbo/desktop/dist/Turbo Video.app/Contents/Frameworks/av/subtitles/stream.abi3.so
--validated:/Users/jaydenmanno/AI/MoneyPrinterTurbo/desktop/dist/Turbo Video.app/Contents/Frameworks/av/subtitles/codeccontext.abi3.so
--validated:/Users/jaydenmanno/AI/MoneyPrinterTurbo/desktop/dist/Turbo Video.app/Contents/Frameworks/av/subtitles/subtitle.abi3.so
--prepared:/Users/jaydenmanno/AI/MoneyPrinterTurbo/desktop/dist/Turbo Video.app/Contents/Frameworks/av/filter/context.abi3.so
--prepared:/Users/jaydenmanno/AI/MoneyPrinterTurbo/desktop/dist/Turbo Video.app/Contents/Frameworks/av/sidedata/sidedata.abi3.so
--validated:/Users/jaydenmanno/AI/MoneyPrinterTurbo/desktop/dist/Turbo Video.app/Contents/Frameworks/av/filter/context.abi3.so
--validated:/Users/jaydenmanno/AI/MoneyPrinterTurbo/desktop/dist/Turbo Video.app/Contents/Frameworks/av/sidedata/sidedata.abi3.so
--prepared:/Users/jaydenmanno/AI/MoneyPrinterTurbo/desktop/dist/Turbo Video.app/Contents/Frameworks/av/filter/filter.abi3.so
--validated:/Users/jaydenmanno/AI/MoneyPrinterTurbo/desktop/dist/Turbo Video.app/Contents/Frameworks/av/filter/filter.abi3.so
--prepared:/Users/jaydenmanno/AI/MoneyPrinterTurbo/desktop/dist/Turbo Video.app/Contents/Frameworks/av/filter/graph.abi3.so
--prepared:/Users/jaydenmanno/AI/MoneyPrinterTurbo/desktop/dist/Turbo Video.app/Contents/Frameworks/av/filter/link.abi3.so
--validated:/Users/jaydenmanno/AI/MoneyPrinterTurbo/desktop/dist/Turbo Video.app/Contents/Frameworks/av/filter/graph.abi3.so
--validated:/Users/jaydenmanno/AI/MoneyPrinterTurbo/desktop/dist/Turbo Video.app/Contents/Frameworks/av/filter/link.abi3.so
--prepared:/Users/jaydenmanno/AI/MoneyPrinterTurbo/desktop/dist/Turbo Video.app/Contents/Frameworks/av/sidedata/motionvectors.abi3.so
--validated:/Users/jaydenmanno/AI/MoneyPrinterTurbo/desktop/dist/Turbo Video.app/Contents/Frameworks/av/sidedata/motionvectors.abi3.so
--prepared:/Users/jaydenmanno/AI/MoneyPrinterTurbo/desktop/dist/Turbo Video.app/Contents/Frameworks/av/sidedata/encparams.abi3.so
--prepared:/Users/jaydenmanno/AI/MoneyPrinterTurbo/desktop/dist/Turbo Video.app/Contents/Frameworks/av/logging.abi3.so
--prepared:/Users/jaydenmanno/AI/MoneyPrinterTurbo/desktop/dist/Turbo Video.app/Contents/Frameworks/av/descriptor.abi3.so
--validated:/Users/jaydenmanno/AI/MoneyPrinterTurbo/desktop/dist/Turbo Video.app/Contents/Frameworks/av/sidedata/encparams.abi3.so
--validated:/Users/jaydenmanno/AI/MoneyPrinterTurbo/desktop/dist/Turbo Video.app/Contents/Frameworks/av/logging.abi3.so
--validated:/Users/jaydenmanno/AI/MoneyPrinterTurbo/desktop/dist/Turbo Video.app/Contents/Frameworks/av/descriptor.abi3.so
--prepared:/Users/jaydenmanno/AI/MoneyPrinterTurbo/desktop/dist/Turbo Video.app/Contents/Frameworks/libtcl9tk9.0.dylib
--validated:/Users/jaydenmanno/AI/MoneyPrinterTurbo/desktop/dist/Turbo Video.app/Contents/Frameworks/libtcl9tk9.0.dylib
--prepared:/Users/jaydenmanno/AI/MoneyPrinterTurbo/desktop/dist/Turbo Video.app/Contents/Frameworks/bin/ffprobe
--prepared:/Users/jaydenmanno/AI/MoneyPrinterTurbo/desktop/dist/Turbo Video.app/Contents/Frameworks/propcache/_helpers_c.cpython-311-darwin.so
--validated:/Users/jaydenmanno/AI/MoneyPrinterTurbo/desktop/dist/Turbo Video.app/Contents/Frameworks/bin/ffprobe
--validated:/Users/jaydenmanno/AI/MoneyPrinterTurbo/desktop/dist/Turbo Video.app/Contents/Frameworks/propcache/_helpers_c.cpython-311-darwin.so
--prepared:/Users/jaydenmanno/AI/MoneyPrinterTurbo/desktop/dist/Turbo Video.app/Contents/Frameworks/bin/ffmpeg
--validated:/Users/jaydenmanno/AI/MoneyPrinterTurbo/desktop/dist/Turbo Video.app/Contents/Frameworks/bin/ffmpeg
--prepared:/Users/jaydenmanno/AI/MoneyPrinterTurbo/desktop/dist/Turbo Video.app/Contents/Frameworks/rpds/rpds.cpython-311-darwin.so
--validated:/Users/jaydenmanno/AI/MoneyPrinterTurbo/desktop/dist/Turbo Video.app/Contents/Frameworks/rpds/rpds.cpython-311-darwin.so
--prepared:/Users/jaydenmanno/AI/MoneyPrinterTurbo/desktop/dist/Turbo Video.app/Contents/Frameworks/Security/_Security.cpython-311-darwin.so
--validated:/Users/jaydenmanno/AI/MoneyPrinterTurbo/desktop/dist/Turbo Video.app/Contents/Frameworks/Security/_Security.cpython-311-darwin.so
--prepared:/Users/jaydenmanno/AI/MoneyPrinterTurbo/desktop/dist/Turbo Video.app/Contents/Frameworks/frozenlist/_frozenlist.cpython-311-darwin.so
--validated:/Users/jaydenmanno/AI/MoneyPrinterTurbo/desktop/dist/Turbo Video.app/Contents/Frameworks/frozenlist/_frozenlist.cpython-311-darwin.so
--prepared:/Users/jaydenmanno/AI/MoneyPrinterTurbo/desktop/dist/Turbo Video.app/Contents/Frameworks/google/_upb/_message.abi3.so
--validated:/Users/jaydenmanno/AI/MoneyPrinterTurbo/desktop/dist/Turbo Video.app/Contents/Frameworks/google/_upb/_message.abi3.so
--prepared:/Users/jaydenmanno/AI/MoneyPrinterTurbo/desktop/dist/Turbo Video.app/Contents/Frameworks/libavfilter.12.1.101.dylib
--validated:/Users/jaydenmanno/AI/MoneyPrinterTurbo/desktop/dist/Turbo Video.app/Contents/Frameworks/libavfilter.12.1.101.dylib
--prepared:/Users/jaydenmanno/AI/MoneyPrinterTurbo/desktop/dist/Turbo Video.app/Contents/Frameworks/libssl.3.dylib
--validated:/Users/jaydenmanno/AI/MoneyPrinterTurbo/desktop/dist/Turbo Video.app/Contents/Frameworks/libssl.3.dylib
--prepared:/Users/jaydenmanno/AI/MoneyPrinterTurbo/desktop/dist/Turbo Video.app/Contents/Frameworks/fastuuid/fastuuid.cpython-311-darwin.so
--validated:/Users/jaydenmanno/AI/MoneyPrinterTurbo/desktop/dist/Turbo Video.app/Contents/Frameworks/fastuuid/fastuuid.cpython-311-darwin.so
--prepared:/Users/jaydenmanno/AI/MoneyPrinterTurbo/desktop/dist/Turbo Video.app/Contents/Frameworks/Foundation/_inlines.cpython-311-darwin.so
--validated:/Users/jaydenmanno/AI/MoneyPrinterTurbo/desktop/dist/Turbo Video.app/Contents/Frameworks/Foundation/_inlines.cpython-311-darwin.so
--prepared:/Users/jaydenmanno/AI/MoneyPrinterTurbo/desktop/dist/Turbo Video.app/Contents/Frameworks/Foundation/_Foundation.cpython-311-darwin.so
--validated:/Users/jaydenmanno/AI/MoneyPrinterTurbo/desktop/dist/Turbo Video.app/Contents/Frameworks/Foundation/_Foundation.cpython-311-darwin.so
--prepared:/Users/jaydenmanno/AI/MoneyPrinterTurbo/desktop/dist/Turbo Video.app/Contents/Frameworks/websockets/speedups.cpython-311-darwin.so
--validated:/Users/jaydenmanno/AI/MoneyPrinterTurbo/desktop/dist/Turbo Video.app/Contents/Frameworks/websockets/speedups.cpython-311-darwin.so
--prepared:/Users/jaydenmanno/AI/MoneyPrinterTurbo/desktop/dist/Turbo Video.app/Contents/Frameworks/imageio_ffmpeg/binaries/ffmpeg-macos-aarch64-v7.1
--validated:/Users/jaydenmanno/AI/MoneyPrinterTurbo/desktop/dist/Turbo Video.app/Contents/Frameworks/imageio_ffmpeg/binaries/ffmpeg-macos-aarch64-v7.1
--prepared:/Users/jaydenmanno/AI/MoneyPrinterTurbo/desktop/dist/Turbo Video.app/Contents/Frameworks/libswresample.7.1.101.dylib
--validated:/Users/jaydenmanno/AI/MoneyPrinterTurbo/desktop/dist/Turbo Video.app/Contents/Frameworks/libswresample.7.1.101.dylib
--prepared:/Users/jaydenmanno/AI/MoneyPrinterTurbo/desktop/dist/Turbo Video.app/Contents/Frameworks/jiter/jiter.cpython-311-darwin.so
--validated:/Users/jaydenmanno/AI/MoneyPrinterTurbo/desktop/dist/Turbo Video.app/Contents/Frameworks/jiter/jiter.cpython-311-darwin.so
--prepared:/Users/jaydenmanno/AI/MoneyPrinterTurbo/desktop/dist/Turbo Video.app/Contents/Frameworks/regex/_regex.cpython-311-darwin.so
--validated:/Users/jaydenmanno/AI/MoneyPrinterTurbo/desktop/dist/Turbo Video.app/Contents/Frameworks/regex/_regex.cpython-311-darwin.so
--prepared:/Users/jaydenmanno/AI/MoneyPrinterTurbo/desktop/dist/Turbo Video.app/Contents/Frameworks/libswscale.10.1.101.dylib
--validated:/Users/jaydenmanno/AI/MoneyPrinterTurbo/desktop/dist/Turbo Video.app/Contents/Frameworks/libswscale.10.1.101.dylib
--prepared:/Users/jaydenmanno/AI/MoneyPrinterTurbo/desktop/dist/Turbo Video.app/Contents/Frameworks/numpy/linalg/_umath_linalg.cpython-311-darwin.so
--prepared:/Users/jaydenmanno/AI/MoneyPrinterTurbo/desktop/dist/Turbo Video.app/Contents/Frameworks/numpy/_core/_multiarray_tests.cpython-311-darwin.so
--validated:/Users/jaydenmanno/AI/MoneyPrinterTurbo/desktop/dist/Turbo Video.app/Contents/Frameworks/numpy/linalg/_umath_linalg.cpython-311-darwin.so
--validated:/Users/jaydenmanno/AI/MoneyPrinterTurbo/desktop/dist/Turbo Video.app/Contents/Frameworks/numpy/_core/_multiarray_tests.cpython-311-darwin.so
--prepared:/Users/jaydenmanno/AI/MoneyPrinterTurbo/desktop/dist/Turbo Video.app/Contents/Frameworks/numpy/fft/_pocketfft_umath.cpython-311-darwin.so
--validated:/Users/jaydenmanno/AI/MoneyPrinterTurbo/desktop/dist/Turbo Video.app/Contents/Frameworks/numpy/fft/_pocketfft_umath.cpython-311-darwin.so
--prepared:/Users/jaydenmanno/AI/MoneyPrinterTurbo/desktop/dist/Turbo Video.app/Contents/Frameworks/libcrypto.3.dylib
--prepared:/Users/jaydenmanno/AI/MoneyPrinterTurbo/desktop/dist/Turbo Video.app/Contents/Frameworks/numpy/random/_generator.cpython-311-darwin.so
--validated:/Users/jaydenmanno/AI/MoneyPrinterTurbo/desktop/dist/Turbo Video.app/Contents/Frameworks/libcrypto.3.dylib
--validated:/Users/jaydenmanno/AI/MoneyPrinterTurbo/desktop/dist/Turbo Video.app/Contents/Frameworks/numpy/random/_generator.cpython-311-darwin.so
--prepared:/Users/jaydenmanno/AI/MoneyPrinterTurbo/desktop/dist/Turbo Video.app/Contents/Frameworks/numpy/random/_sfc64.cpython-311-darwin.so
--validated:/Users/jaydenmanno/AI/MoneyPrinterTurbo/desktop/dist/Turbo Video.app/Contents/Frameworks/numpy/random/_sfc64.cpython-311-darwin.so
--prepared:/Users/jaydenmanno/AI/MoneyPrinterTurbo/desktop/dist/Turbo Video.app/Contents/Frameworks/numpy/random/_philox.cpython-311-darwin.so
--validated:/Users/jaydenmanno/AI/MoneyPrinterTurbo/desktop/dist/Turbo Video.app/Contents/Frameworks/numpy/random/_philox.cpython-311-darwin.so
--prepared:/Users/jaydenmanno/AI/MoneyPrinterTurbo/desktop/dist/Turbo Video.app/Contents/Frameworks/numpy/random/_common.cpython-311-darwin.so
--validated:/Users/jaydenmanno/AI/MoneyPrinterTurbo/desktop/dist/Turbo Video.app/Contents/Frameworks/numpy/random/_common.cpython-311-darwin.so
--prepared:/Users/jaydenmanno/AI/MoneyPrinterTurbo/desktop/dist/Turbo Video.app/Contents/Frameworks/numpy/random/mtrand.cpython-311-darwin.so
--validated:/Users/jaydenmanno/AI/MoneyPrinterTurbo/desktop/dist/Turbo Video.app/Contents/Frameworks/numpy/random/mtrand.cpython-311-darwin.so
--prepared:/Users/jaydenmanno/AI/MoneyPrinterTurbo/desktop/dist/Turbo Video.app/Contents/Frameworks/numpy/random/_pcg64.cpython-311-darwin.so
--validated:/Users/jaydenmanno/AI/MoneyPrinterTurbo/desktop/dist/Turbo Video.app/Contents/Frameworks/numpy/random/_pcg64.cpython-311-darwin.so
--prepared:/Users/jaydenmanno/AI/MoneyPrinterTurbo/desktop/dist/Turbo Video.app/Contents/Frameworks/numpy/random/_mt19937.cpython-311-darwin.so
--prepared:/Users/jaydenmanno/AI/MoneyPrinterTurbo/desktop/dist/Turbo Video.app/Contents/Frameworks/numpy/random/_bounded_integers.cpython-311-darwin.so
--validated:/Users/jaydenmanno/AI/MoneyPrinterTurbo/desktop/dist/Turbo Video.app/Contents/Frameworks/numpy/random/_mt19937.cpython-311-darwin.so
--validated:/Users/jaydenmanno/AI/MoneyPrinterTurbo/desktop/dist/Turbo Video.app/Contents/Frameworks/numpy/random/_bounded_integers.cpython-311-darwin.so
--prepared:/Users/jaydenmanno/AI/MoneyPrinterTurbo/desktop/dist/Turbo Video.app/Contents/Frameworks/numpy/_core/_multiarray_umath.cpython-311-darwin.so
--prepared:/Users/jaydenmanno/AI/MoneyPrinterTurbo/desktop/dist/Turbo Video.app/Contents/Frameworks/charset_normalizer/cd.cpython-311-darwin.so
--validated:/Users/jaydenmanno/AI/MoneyPrinterTurbo/desktop/dist/Turbo Video.app/Contents/Frameworks/numpy/_core/_multiarray_umath.cpython-311-darwin.so
--prepared:/Users/jaydenmanno/AI/MoneyPrinterTurbo/desktop/dist/Turbo Video.app/Contents/Frameworks/numpy/random/bit_generator.cpython-311-darwin.so
--prepared:/Users/jaydenmanno/AI/MoneyPrinterTurbo/desktop/dist/Turbo Video.app/Contents/Frameworks/charset_normalizer/md.cpython-311-darwin.so
--validated:/Users/jaydenmanno/AI/MoneyPrinterTurbo/desktop/dist/Turbo Video.app/Contents/Frameworks/charset_normalizer/cd.cpython-311-darwin.so
--validated:/Users/jaydenmanno/AI/MoneyPrinterTurbo/desktop/dist/Turbo Video.app/Contents/Frameworks/numpy/random/bit_generator.cpython-311-darwin.so
--validated:/Users/jaydenmanno/AI/MoneyPrinterTurbo/desktop/dist/Turbo Video.app/Contents/Frameworks/charset_normalizer/md.cpython-311-darwin.so
--prepared:/Users/jaydenmanno/AI/MoneyPrinterTurbo/desktop/dist/Turbo Video.app/Contents/Frameworks/httptools/parser/url_parser.cpython-311-darwin.so
--prepared:/Users/jaydenmanno/AI/MoneyPrinterTurbo/desktop/dist/Turbo Video.app/Contents/Frameworks/cryptography/hazmat/bindings/_rust.abi3.so
--validated:/Users/jaydenmanno/AI/MoneyPrinterTurbo/desktop/dist/Turbo Video.app/Contents/Frameworks/httptools/parser/url_parser.cpython-311-darwin.so
--validated:/Users/jaydenmanno/AI/MoneyPrinterTurbo/desktop/dist/Turbo Video.app/Contents/Frameworks/cryptography/hazmat/bindings/_rust.abi3.so
--prepared:/Users/jaydenmanno/AI/MoneyPrinterTurbo/desktop/dist/Turbo Video.app/Contents/Frameworks/httptools/parser/parser.cpython-311-darwin.so
--validated:/Users/jaydenmanno/AI/MoneyPrinterTurbo/desktop/dist/Turbo Video.app/Contents/Frameworks/httptools/parser/parser.cpython-311-darwin.so
--prepared:/Users/jaydenmanno/AI/MoneyPrinterTurbo/desktop/dist/Turbo Video.app/Contents/Frameworks/PIL/__dot__dylibs/libxcb.1.1.0.dylib
--validated:/Users/jaydenmanno/AI/MoneyPrinterTurbo/desktop/dist/Turbo Video.app/Contents/Frameworks/PIL/__dot__dylibs/libxcb.1.1.0.dylib
--prepared:/Users/jaydenmanno/AI/MoneyPrinterTurbo/desktop/dist/Turbo Video.app/Contents/Frameworks/PIL/__dot__dylibs/libbrotlidec.1.1.0.dylib
--validated:/Users/jaydenmanno/AI/MoneyPrinterTurbo/desktop/dist/Turbo Video.app/Contents/Frameworks/PIL/__dot__dylibs/libbrotlidec.1.1.0.dylib
--prepared:/Users/jaydenmanno/AI/MoneyPrinterTurbo/desktop/dist/Turbo Video.app/Contents/Frameworks/PIL/__dot__dylibs/libpng16.16.dylib
--validated:/Users/jaydenmanno/AI/MoneyPrinterTurbo/desktop/dist/Turbo Video.app/Contents/Frameworks/PIL/__dot__dylibs/libpng16.16.dylib
--prepared:/Users/jaydenmanno/AI/MoneyPrinterTurbo/desktop/dist/Turbo Video.app/Contents/Frameworks/PIL/__dot__dylibs/liblcms2.2.dylib
--validated:/Users/jaydenmanno/AI/MoneyPrinterTurbo/desktop/dist/Turbo Video.app/Contents/Frameworks/PIL/__dot__dylibs/liblcms2.2.dylib
--prepared:/Users/jaydenmanno/AI/MoneyPrinterTurbo/desktop/dist/Turbo Video.app/Contents/Frameworks/PIL/__dot__dylibs/libbrotlicommon.1.1.0.dylib
--prepared:/Users/jaydenmanno/AI/MoneyPrinterTurbo/desktop/dist/Turbo Video.app/Contents/Frameworks/PIL/__dot__dylibs/libjpeg.62.4.0.dylib
--validated:/Users/jaydenmanno/AI/MoneyPrinterTurbo/desktop/dist/Turbo Video.app/Contents/Frameworks/PIL/__dot__dylibs/libbrotlicommon.1.1.0.dylib
--validated:/Users/jaydenmanno/AI/MoneyPrinterTurbo/desktop/dist/Turbo Video.app/Contents/Frameworks/PIL/__dot__dylibs/libjpeg.62.4.0.dylib
--prepared:/Users/jaydenmanno/AI/MoneyPrinterTurbo/desktop/dist/Turbo Video.app/Contents/Frameworks/PIL/__dot__dylibs/libavif.16.3.0.dylib
--validated:/Users/jaydenmanno/AI/MoneyPrinterTurbo/desktop/dist/Turbo Video.app/Contents/Frameworks/PIL/__dot__dylibs/libavif.16.3.0.dylib
--prepared:/Users/jaydenmanno/AI/MoneyPrinterTurbo/desktop/dist/Turbo Video.app/Contents/Frameworks/PIL/__dot__dylibs/libfreetype.6.dylib
--validated:/Users/jaydenmanno/AI/MoneyPrinterTurbo/desktop/dist/Turbo Video.app/Contents/Frameworks/PIL/__dot__dylibs/libfreetype.6.dylib
--prepared:/Users/jaydenmanno/AI/MoneyPrinterTurbo/desktop/dist/Turbo Video.app/Contents/Frameworks/PIL/__dot__dylibs/libharfbuzz.0.dylib
--validated:/Users/jaydenmanno/AI/MoneyPrinterTurbo/desktop/dist/Turbo Video.app/Contents/Frameworks/PIL/__dot__dylibs/libharfbuzz.0.dylib
--prepared:/Users/jaydenmanno/AI/MoneyPrinterTurbo/desktop/dist/Turbo Video.app/Contents/Frameworks/libpython3.11.dylib
--validated:/Users/jaydenmanno/AI/MoneyPrinterTurbo/desktop/dist/Turbo Video.app/Contents/Frameworks/libpython3.11.dylib
--prepared:/Users/jaydenmanno/AI/MoneyPrinterTurbo/desktop/dist/Turbo Video.app/Contents/Frameworks/PIL/__dot__dylibs/liblzma.5.dylib
--validated:/Users/jaydenmanno/AI/MoneyPrinterTurbo/desktop/dist/Turbo Video.app/Contents/Frameworks/PIL/__dot__dylibs/liblzma.5.dylib
--prepared:/Users/jaydenmanno/AI/MoneyPrinterTurbo/desktop/dist/Turbo Video.app/Contents/Frameworks/onnxruntime/capi/libonnxruntime.1.24.4.dylib
--prepared:/Users/jaydenmanno/AI/MoneyPrinterTurbo/desktop/dist/Turbo Video.app/Contents/Frameworks/PIL/__dot__dylibs/libwebpdemux.2.dylib
--prepared:/Users/jaydenmanno/AI/MoneyPrinterTurbo/desktop/dist/Turbo Video.app/Contents/Frameworks/PIL/__dot__dylibs/libwebpmux.3.dylib
--prepared:/Users/jaydenmanno/AI/MoneyPrinterTurbo/desktop/dist/Turbo Video.app/Contents/Frameworks/PIL/__dot__dylibs/libsharpyuv.0.dylib
--prepared:/Users/jaydenmanno/AI/MoneyPrinterTurbo/desktop/dist/Turbo Video.app/Contents/Frameworks/PIL/__dot__dylibs/libz.1.3.1.zlib-ng.dylib
--validated:/Users/jaydenmanno/AI/MoneyPrinterTurbo/desktop/dist/Turbo Video.app/Contents/Frameworks/PIL/__dot__dylibs/libwebpdemux.2.dylib
--prepared:/Users/jaydenmanno/AI/MoneyPrinterTurbo/desktop/dist/Turbo Video.app/Contents/Frameworks/PIL/__dot__dylibs/libXau.6.dylib
--validated:/Users/jaydenmanno/AI/MoneyPrinterTurbo/desktop/dist/Turbo Video.app/Contents/Frameworks/onnxruntime/capi/libonnxruntime.1.24.4.dylib
--validated:/Users/jaydenmanno/AI/MoneyPrinterTurbo/desktop/dist/Turbo Video.app/Contents/Frameworks/PIL/__dot__dylibs/libsharpyuv.0.dylib
--validated:/Users/jaydenmanno/AI/MoneyPrinterTurbo/desktop/dist/Turbo Video.app/Contents/Frameworks/PIL/__dot__dylibs/libwebpmux.3.dylib
--validated:/Users/jaydenmanno/AI/MoneyPrinterTurbo/desktop/dist/Turbo Video.app/Contents/Frameworks/PIL/__dot__dylibs/libXau.6.dylib
--validated:/Users/jaydenmanno/AI/MoneyPrinterTurbo/desktop/dist/Turbo Video.app/Contents/Frameworks/PIL/__dot__dylibs/libz.1.3.1.zlib-ng.dylib
--prepared:/Users/jaydenmanno/AI/MoneyPrinterTurbo/desktop/dist/Turbo Video.app/Contents/Frameworks/PIL/__dot__dylibs/libwebp.7.dylib
--validated:/Users/jaydenmanno/AI/MoneyPrinterTurbo/desktop/dist/Turbo Video.app/Contents/Frameworks/PIL/__dot__dylibs/libwebp.7.dylib
--prepared:/Users/jaydenmanno/AI/MoneyPrinterTurbo/desktop/dist/Turbo Video.app/Contents/Frameworks/PIL/__dot__dylibs/libtiff.6.dylib
--prepared:/Users/jaydenmanno/AI/MoneyPrinterTurbo/desktop/dist/Turbo Video.app/Contents/Frameworks/PIL/__dot__dylibs/libopenjp2.2.5.3.dylib
--validated:/Users/jaydenmanno/AI/MoneyPrinterTurbo/desktop/dist/Turbo Video.app/Contents/Frameworks/PIL/__dot__dylibs/libtiff.6.dylib
--validated:/Users/jaydenmanno/AI/MoneyPrinterTurbo/desktop/dist/Turbo Video.app/Contents/Frameworks/PIL/__dot__dylibs/libopenjp2.2.5.3.dylib
--prepared:/Users/jaydenmanno/AI/MoneyPrinterTurbo/desktop/dist/Turbo Video.app/Contents/Frameworks/PIL/_imagingtk.cpython-311-darwin.so
--prepared:/Users/jaydenmanno/AI/MoneyPrinterTurbo/desktop/dist/Turbo Video.app/Contents/Frameworks/PIL/_imagingcms.cpython-311-darwin.so
--validated:/Users/jaydenmanno/AI/MoneyPrinterTurbo/desktop/dist/Turbo Video.app/Contents/Frameworks/PIL/_imagingcms.cpython-311-darwin.so
--validated:/Users/jaydenmanno/AI/MoneyPrinterTurbo/desktop/dist/Turbo Video.app/Contents/Frameworks/PIL/_imagingtk.cpython-311-darwin.so
--prepared:/Users/jaydenmanno/AI/MoneyPrinterTurbo/desktop/dist/Turbo Video.app/Contents/Frameworks/PIL/_imagingft.cpython-311-darwin.so
--validated:/Users/jaydenmanno/AI/MoneyPrinterTurbo/desktop/dist/Turbo Video.app/Contents/Frameworks/PIL/_imagingft.cpython-311-darwin.so
--prepared:/Users/jaydenmanno/AI/MoneyPrinterTurbo/desktop/dist/Turbo Video.app/Contents/Frameworks/PIL/_imaging.cpython-311-darwin.so
--prepared:/Users/jaydenmanno/AI/MoneyPrinterTurbo/desktop/dist/Turbo Video.app/Contents/Frameworks/PIL/_webp.cpython-311-darwin.so
--prepared:/Users/jaydenmanno/AI/MoneyPrinterTurbo/desktop/dist/Turbo Video.app/Contents/Frameworks/multidict/_multidict.cpython-311-darwin.so
--prepared:/Users/jaydenmanno/AI/MoneyPrinterTurbo/desktop/dist/Turbo Video.app/Contents/Frameworks/PIL/_avif.cpython-311-darwin.so
--validated:/Users/jaydenmanno/AI/MoneyPrinterTurbo/desktop/dist/Turbo Video.app/Contents/Frameworks/PIL/_imaging.cpython-311-darwin.so
--validated:/Users/jaydenmanno/AI/MoneyPrinterTurbo/desktop/dist/Turbo Video.app/Contents/Frameworks/PIL/_webp.cpython-311-darwin.so
--validated:/Users/jaydenmanno/AI/MoneyPrinterTurbo/desktop/dist/Turbo Video.app/Contents/Frameworks/PIL/_avif.cpython-311-darwin.so
--validated:/Users/jaydenmanno/AI/MoneyPrinterTurbo/desktop/dist/Turbo Video.app/Contents/Frameworks/multidict/_multidict.cpython-311-darwin.so
--prepared:/Users/jaydenmanno/AI/MoneyPrinterTurbo/desktop/dist/Turbo Video.app/Contents/Frameworks/PIL/_imagingmath.cpython-311-darwin.so
--validated:/Users/jaydenmanno/AI/MoneyPrinterTurbo/desktop/dist/Turbo Video.app/Contents/Frameworks/PIL/_imagingmath.cpython-311-darwin.so
--prepared:/Users/jaydenmanno/AI/MoneyPrinterTurbo/desktop/dist/Turbo Video.app/Contents/Frameworks/python3__dot__11/lib-dynload/_tkinter.cpython-311-darwin.so
--validated:/Users/jaydenmanno/AI/MoneyPrinterTurbo/desktop/dist/Turbo Video.app/Contents/Frameworks/python3__dot__11/lib-dynload/_tkinter.cpython-311-darwin.so
--prepared:/Users/jaydenmanno/AI/MoneyPrinterTurbo/desktop/dist/Turbo Video.app/Contents/Frameworks/libavutil.61.1.101.dylib
--validated:/Users/jaydenmanno/AI/MoneyPrinterTurbo/desktop/dist/Turbo Video.app/Contents/Frameworks/libavutil.61.1.101.dylib
--prepared:/Users/jaydenmanno/AI/MoneyPrinterTurbo/desktop/dist/Turbo Video.app/Contents/Frameworks/tiktoken/_tiktoken.cpython-311-darwin.so
--validated:/Users/jaydenmanno/AI/MoneyPrinterTurbo/desktop/dist/Turbo Video.app/Contents/Frameworks/tiktoken/_tiktoken.cpython-311-darwin.so
--prepared:/Users/jaydenmanno/AI/MoneyPrinterTurbo/desktop/dist/Turbo Video.app/Contents/Frameworks/ctranslate2/_ext.cpython-311-darwin.so
--validated:/Users/jaydenmanno/AI/MoneyPrinterTurbo/desktop/dist/Turbo Video.app/Contents/Frameworks/ctranslate2/_ext.cpython-311-darwin.so
--prepared:/Users/jaydenmanno/AI/MoneyPrinterTurbo/desktop/dist/Turbo Video.app/Contents/Frameworks/lib/libmpg123.0.dylib
--validated:/Users/jaydenmanno/AI/MoneyPrinterTurbo/desktop/dist/Turbo Video.app/Contents/Frameworks/lib/libmpg123.0.dylib
--prepared:/Users/jaydenmanno/AI/MoneyPrinterTurbo/desktop/dist/Turbo Video.app/Contents/Frameworks/ctranslate2/__dot__dylibs/libctranslate2.4.7.1.dylib
--validated:/Users/jaydenmanno/AI/MoneyPrinterTurbo/desktop/dist/Turbo Video.app/Contents/Frameworks/ctranslate2/__dot__dylibs/libctranslate2.4.7.1.dylib
--prepared:/Users/jaydenmanno/AI/MoneyPrinterTurbo/desktop/dist/Turbo Video.app/Contents/Frameworks/lib/libmp3lame.0.dylib
--prepared:/Users/jaydenmanno/AI/MoneyPrinterTurbo/desktop/dist/Turbo Video.app/Contents/Frameworks/onnxruntime/capi/onnxruntime_pybind11_state.so
--validated:/Users/jaydenmanno/AI/MoneyPrinterTurbo/desktop/dist/Turbo Video.app/Contents/Frameworks/onnxruntime/capi/onnxruntime_pybind11_state.so
--validated:/Users/jaydenmanno/AI/MoneyPrinterTurbo/desktop/dist/Turbo Video.app/Contents/Frameworks/lib/libmp3lame.0.dylib
--prepared:/Users/jaydenmanno/AI/MoneyPrinterTurbo/desktop/dist/Turbo Video.app/Contents/Frameworks/lib/libavdevice.63.1.101.dylib
--validated:/Users/jaydenmanno/AI/MoneyPrinterTurbo/desktop/dist/Turbo Video.app/Contents/Frameworks/lib/libavdevice.63.1.101.dylib
--prepared:/Users/jaydenmanno/AI/MoneyPrinterTurbo/desktop/dist/Turbo Video.app/Contents/Frameworks/lib/libvmaf.3.dylib
--validated:/Users/jaydenmanno/AI/MoneyPrinterTurbo/desktop/dist/Turbo Video.app/Contents/Frameworks/lib/libvmaf.3.dylib
--prepared:/Users/jaydenmanno/AI/MoneyPrinterTurbo/desktop/dist/Turbo Video.app/Contents/Frameworks/lib/libswscale.10.1.101.dylib
--validated:/Users/jaydenmanno/AI/MoneyPrinterTurbo/desktop/dist/Turbo Video.app/Contents/Frameworks/lib/libswscale.10.1.101.dylib
--prepared:/Users/jaydenmanno/AI/MoneyPrinterTurbo/desktop/dist/Turbo Video.app/Contents/Frameworks/lib/libx264.165.dylib
--validated:/Users/jaydenmanno/AI/MoneyPrinterTurbo/desktop/dist/Turbo Video.app/Contents/Frameworks/lib/libx264.165.dylib
--prepared:/Users/jaydenmanno/AI/MoneyPrinterTurbo/desktop/dist/Turbo Video.app/Contents/Frameworks/lib/libdav1d.7.dylib
--validated:/Users/jaydenmanno/AI/MoneyPrinterTurbo/desktop/dist/Turbo Video.app/Contents/Frameworks/lib/libdav1d.7.dylib
--prepared:/Users/jaydenmanno/AI/MoneyPrinterTurbo/desktop/dist/Turbo Video.app/Contents/Frameworks/lib/liblzma.5.dylib
--validated:/Users/jaydenmanno/AI/MoneyPrinterTurbo/desktop/dist/Turbo Video.app/Contents/Frameworks/lib/liblzma.5.dylib
--prepared:/Users/jaydenmanno/AI/MoneyPrinterTurbo/desktop/dist/Turbo Video.app/Contents/Frameworks/lib/libssl.3.dylib
--prepared:/Users/jaydenmanno/AI/MoneyPrinterTurbo/desktop/dist/Turbo Video.app/Contents/Frameworks/lib/libswresample.7.1.101.dylib
--validated:/Users/jaydenmanno/AI/MoneyPrinterTurbo/desktop/dist/Turbo Video.app/Contents/Frameworks/lib/libssl.3.dylib
--validated:/Users/jaydenmanno/AI/MoneyPrinterTurbo/desktop/dist/Turbo Video.app/Contents/Frameworks/lib/libswresample.7.1.101.dylib
--prepared:/Users/jaydenmanno/AI/MoneyPrinterTurbo/desktop/dist/Turbo Video.app/Contents/Frameworks/lib/libavutil.61.1.101.dylib
--validated:/Users/jaydenmanno/AI/MoneyPrinterTurbo/desktop/dist/Turbo Video.app/Contents/Frameworks/lib/libavutil.61.1.101.dylib
--prepared:/Users/jaydenmanno/AI/MoneyPrinterTurbo/desktop/dist/Turbo Video.app/Contents/Frameworks/lib/libavfilter.12.1.101.dylib
--validated:/Users/jaydenmanno/AI/MoneyPrinterTurbo/desktop/dist/Turbo Video.app/Contents/Frameworks/lib/libavfilter.12.1.101.dylib
--prepared:/Users/jaydenmanno/AI/MoneyPrinterTurbo/desktop/dist/Turbo Video.app/Contents/Frameworks/lib/libvpx.12.dylib
--validated:/Users/jaydenmanno/AI/MoneyPrinterTurbo/desktop/dist/Turbo Video.app/Contents/Frameworks/lib/libvpx.12.dylib
--prepared:/Users/jaydenmanno/AI/MoneyPrinterTurbo/desktop/dist/Turbo Video.app/Contents/Frameworks/lib/libSvtAv1Enc.4.2.0.dylib
--validated:/Users/jaydenmanno/AI/MoneyPrinterTurbo/desktop/dist/Turbo Video.app/Contents/Frameworks/lib/libSvtAv1Enc.4.2.0.dylib
--prepared:/Users/jaydenmanno/AI/MoneyPrinterTurbo/desktop/dist/Turbo Video.app/Contents/Frameworks/lib/libcrypto.3.dylib
--validated:/Users/jaydenmanno/AI/MoneyPrinterTurbo/desktop/dist/Turbo Video.app/Contents/Frameworks/lib/libcrypto.3.dylib
--prepared:/Users/jaydenmanno/AI/MoneyPrinterTurbo/desktop/dist/Turbo Video.app/Contents/Frameworks/lib/libavformat.63.1.101.dylib
--validated:/Users/jaydenmanno/AI/MoneyPrinterTurbo/desktop/dist/Turbo Video.app/Contents/Frameworks/lib/libavformat.63.1.101.dylib
--prepared:/Users/jaydenmanno/AI/MoneyPrinterTurbo/desktop/dist/Turbo Video.app/Contents/Frameworks/lib/libx265.216.dylib
--validated:/Users/jaydenmanno/AI/MoneyPrinterTurbo/desktop/dist/Turbo Video.app/Contents/Frameworks/lib/libx265.216.dylib
--prepared:/Users/jaydenmanno/AI/MoneyPrinterTurbo/desktop/dist/Turbo Video.app/Contents/Frameworks/AppKit/_AppKit.cpython-311-darwin.so
--validated:/Users/jaydenmanno/AI/MoneyPrinterTurbo/desktop/dist/Turbo Video.app/Contents/Frameworks/AppKit/_AppKit.cpython-311-darwin.so
--prepared:/Users/jaydenmanno/AI/MoneyPrinterTurbo/desktop/dist/Turbo Video.app/Contents/Frameworks/AppKit/_inlines.cpython-311-darwin.so
--prepared:/Users/jaydenmanno/AI/MoneyPrinterTurbo/desktop/dist/Turbo Video.app/Contents/Frameworks/lib/libavcodec.63.1.101.dylib
--validated:/Users/jaydenmanno/AI/MoneyPrinterTurbo/desktop/dist/Turbo Video.app/Contents/Frameworks/AppKit/_inlines.cpython-311-darwin.so
--prepared:/Users/jaydenmanno/AI/MoneyPrinterTurbo/desktop/dist/Turbo Video.app/Contents/Frameworks/yaml/_yaml.cpython-311-darwin.so
--prepared:/Users/jaydenmanno/AI/MoneyPrinterTurbo/desktop/dist/Turbo Video.app/Contents/Frameworks/lib/libopus.0.dylib
--validated:/Users/jaydenmanno/AI/MoneyPrinterTurbo/desktop/dist/Turbo Video.app/Contents/Frameworks/lib/libavcodec.63.1.101.dylib
--validated:/Users/jaydenmanno/AI/MoneyPrinterTurbo/desktop/dist/Turbo Video.app/Contents/Frameworks/yaml/_yaml.cpython-311-darwin.so
--validated:/Users/jaydenmanno/AI/MoneyPrinterTurbo/desktop/dist/Turbo Video.app/Contents/Frameworks/lib/libopus.0.dylib
--prepared:/Users/jaydenmanno/AI/MoneyPrinterTurbo/desktop/dist/Turbo Video.app/Contents/Frameworks/libavcodec.63.1.101.dylib
--validated:/Users/jaydenmanno/AI/MoneyPrinterTurbo/desktop/dist/Turbo Video.app/Contents/Frameworks/libavcodec.63.1.101.dylib
--prepared:/Users/jaydenmanno/AI/MoneyPrinterTurbo/desktop/dist/Turbo Video.app/Contents/Frameworks/objc/_machsignals.cpython-311-darwin.so
--validated:/Users/jaydenmanno/AI/MoneyPrinterTurbo/desktop/dist/Turbo Video.app/Contents/Frameworks/objc/_machsignals.cpython-311-darwin.so
--prepared:/Users/jaydenmanno/AI/MoneyPrinterTurbo/desktop/dist/Turbo Video.app/Contents/Frameworks/objc/_objc.cpython-311-darwin.so
--prepared:/Users/jaydenmanno/AI/MoneyPrinterTurbo/desktop/dist/Turbo Video.app/Contents/Frameworks/yarl/_quoting_c.cpython-311-darwin.so
--validated:/Users/jaydenmanno/AI/MoneyPrinterTurbo/desktop/dist/Turbo Video.app/Contents/Frameworks/objc/_objc.cpython-311-darwin.so
--validated:/Users/jaydenmanno/AI/MoneyPrinterTurbo/desktop/dist/Turbo Video.app/Contents/Frameworks/yarl/_quoting_c.cpython-311-darwin.so
--prepared:/Users/jaydenmanno/AI/MoneyPrinterTurbo/desktop/dist/Turbo Video.app/Contents/Frameworks/CoreFoundation/_inlines.cpython-311-darwin.so
--validated:/Users/jaydenmanno/AI/MoneyPrinterTurbo/desktop/dist/Turbo Video.app/Contents/Frameworks/CoreFoundation/_inlines.cpython-311-darwin.so
--prepared:/Users/jaydenmanno/AI/MoneyPrinterTurbo/desktop/dist/Turbo Video.app/Contents/Frameworks/CoreFoundation/_CoreFoundation.cpython-311-darwin.so
--validated:/Users/jaydenmanno/AI/MoneyPrinterTurbo/desktop/dist/Turbo Video.app/Contents/Frameworks/CoreFoundation/_CoreFoundation.cpython-311-darwin.so
--prepared:/Users/jaydenmanno/AI/MoneyPrinterTurbo/desktop/dist/Turbo Video.app/Contents/Frameworks/pandas/_libs/tslib.cpython-311-darwin.so
--validated:/Users/jaydenmanno/AI/MoneyPrinterTurbo/desktop/dist/Turbo Video.app/Contents/Frameworks/pandas/_libs/tslib.cpython-311-darwin.so
--prepared:/Users/jaydenmanno/AI/MoneyPrinterTurbo/desktop/dist/Turbo Video.app/Contents/Frameworks/pandas/_libs/index.cpython-311-darwin.so
--validated:/Users/jaydenmanno/AI/MoneyPrinterTurbo/desktop/dist/Turbo Video.app/Contents/Frameworks/pandas/_libs/index.cpython-311-darwin.so
--prepared:/Users/jaydenmanno/AI/MoneyPrinterTurbo/desktop/dist/Turbo Video.app/Contents/Frameworks/pandas/_libs/algos.cpython-311-darwin.so
--validated:/Users/jaydenmanno/AI/MoneyPrinterTurbo/desktop/dist/Turbo Video.app/Contents/Frameworks/pandas/_libs/algos.cpython-311-darwin.so
--prepared:/Users/jaydenmanno/AI/MoneyPrinterTurbo/desktop/dist/Turbo Video.app/Contents/Frameworks/pandas/_libs/missing.cpython-311-darwin.so
--validated:/Users/jaydenmanno/AI/MoneyPrinterTurbo/desktop/dist/Turbo Video.app/Contents/Frameworks/pandas/_libs/missing.cpython-311-darwin.so
--prepared:/Users/jaydenmanno/AI/MoneyPrinterTurbo/desktop/dist/Turbo Video.app/Contents/Frameworks/pandas/_libs/json.cpython-311-darwin.so
--prepared:/Users/jaydenmanno/AI/MoneyPrinterTurbo/desktop/dist/Turbo Video.app/Contents/Frameworks/pandas/_libs/ops.cpython-311-darwin.so
--validated:/Users/jaydenmanno/AI/MoneyPrinterTurbo/desktop/dist/Turbo Video.app/Contents/Frameworks/pandas/_libs/json.cpython-311-darwin.so
--validated:/Users/jaydenmanno/AI/MoneyPrinterTurbo/desktop/dist/Turbo Video.app/Contents/Frameworks/pandas/_libs/ops.cpython-311-darwin.so
--prepared:/Users/jaydenmanno/AI/MoneyPrinterTurbo/desktop/dist/Turbo Video.app/Contents/Frameworks/pandas/_libs/parsers.cpython-311-darwin.so
--prepared:/Users/jaydenmanno/AI/MoneyPrinterTurbo/desktop/dist/Turbo Video.app/Contents/Frameworks/pydantic_core/_pydantic_core.cpython-311-darwin.so
--prepared:/Users/jaydenmanno/AI/MoneyPrinterTurbo/desktop/dist/Turbo Video.app/Contents/Frameworks/pandas/_libs/indexing.cpython-311-darwin.so
--validated:/Users/jaydenmanno/AI/MoneyPrinterTurbo/desktop/dist/Turbo Video.app/Contents/Frameworks/pandas/_libs/parsers.cpython-311-darwin.so
--validated:/Users/jaydenmanno/AI/MoneyPrinterTurbo/desktop/dist/Turbo Video.app/Contents/Frameworks/pydantic_core/_pydantic_core.cpython-311-darwin.so
--validated:/Users/jaydenmanno/AI/MoneyPrinterTurbo/desktop/dist/Turbo Video.app/Contents/Frameworks/pandas/_libs/indexing.cpython-311-darwin.so
--prepared:/Users/jaydenmanno/AI/MoneyPrinterTurbo/desktop/dist/Turbo Video.app/Contents/Frameworks/pandas/_libs/hashing.cpython-311-darwin.so
--validated:/Users/jaydenmanno/AI/MoneyPrinterTurbo/desktop/dist/Turbo Video.app/Contents/Frameworks/pandas/_libs/hashing.cpython-311-darwin.so
--prepared:/Users/jaydenmanno/AI/MoneyPrinterTurbo/desktop/dist/Turbo Video.app/Contents/Frameworks/pandas/_libs/arrays.cpython-311-darwin.so
--validated:/Users/jaydenmanno/AI/MoneyPrinterTurbo/desktop/dist/Turbo Video.app/Contents/Frameworks/pandas/_libs/arrays.cpython-311-darwin.so
--prepared:/Users/jaydenmanno/AI/MoneyPrinterTurbo/desktop/dist/Turbo Video.app/Contents/Frameworks/pandas/_libs/groupby.cpython-311-darwin.so
--prepared:/Users/jaydenmanno/AI/MoneyPrinterTurbo/desktop/dist/Turbo Video.app/Contents/Frameworks/pandas/_libs/hashtable.cpython-311-darwin.so
--prepared:/Users/jaydenmanno/AI/MoneyPrinterTurbo/desktop/dist/Turbo Video.app/Contents/Frameworks/pandas/_libs/sparse.cpython-311-darwin.so
--validated:/Users/jaydenmanno/AI/MoneyPrinterTurbo/desktop/dist/Turbo Video.app/Contents/Frameworks/pandas/_libs/groupby.cpython-311-darwin.so
--validated:/Users/jaydenmanno/AI/MoneyPrinterTurbo/desktop/dist/Turbo Video.app/Contents/Frameworks/pandas/_libs/hashtable.cpython-311-darwin.so
--validated:/Users/jaydenmanno/AI/MoneyPrinterTurbo/desktop/dist/Turbo Video.app/Contents/Frameworks/pandas/_libs/sparse.cpython-311-darwin.so
--prepared:/Users/jaydenmanno/AI/MoneyPrinterTurbo/desktop/dist/Turbo Video.app/Contents/Frameworks/pandas/_libs/window/aggregations.cpython-311-darwin.so
--validated:/Users/jaydenmanno/AI/MoneyPrinterTurbo/desktop/dist/Turbo Video.app/Contents/Frameworks/pandas/_libs/window/aggregations.cpython-311-darwin.so
--prepared:/Users/jaydenmanno/AI/MoneyPrinterTurbo/desktop/dist/Turbo Video.app/Contents/Frameworks/pandas/_libs/sas.cpython-311-darwin.so
--prepared:/Users/jaydenmanno/AI/MoneyPrinterTurbo/desktop/dist/Turbo Video.app/Contents/Frameworks/pandas/_libs/testing.cpython-311-darwin.so
--prepared:/Users/jaydenmanno/AI/MoneyPrinterTurbo/desktop/dist/Turbo Video.app/Contents/Frameworks/pandas/_libs/window/indexers.cpython-311-darwin.so
--validated:/Users/jaydenmanno/AI/MoneyPrinterTurbo/desktop/dist/Turbo Video.app/Contents/Frameworks/pandas/_libs/sas.cpython-311-darwin.so
--validated:/Users/jaydenmanno/AI/MoneyPrinterTurbo/desktop/dist/Turbo Video.app/Contents/Frameworks/pandas/_libs/testing.cpython-311-darwin.so
--validated:/Users/jaydenmanno/AI/MoneyPrinterTurbo/desktop/dist/Turbo Video.app/Contents/Frameworks/pandas/_libs/window/indexers.cpython-311-darwin.so
--prepared:/Users/jaydenmanno/AI/MoneyPrinterTurbo/desktop/dist/Turbo Video.app/Contents/Frameworks/pandas/_libs/reshape.cpython-311-darwin.so
--prepared:/Users/jaydenmanno/AI/MoneyPrinterTurbo/desktop/dist/Turbo Video.app/Contents/Frameworks/pandas/_libs/lib.cpython-311-darwin.so
--validated:/Users/jaydenmanno/AI/MoneyPrinterTurbo/desktop/dist/Turbo Video.app/Contents/Frameworks/pandas/_libs/lib.cpython-311-darwin.so
--validated:/Users/jaydenmanno/AI/MoneyPrinterTurbo/desktop/dist/Turbo Video.app/Contents/Frameworks/pandas/_libs/reshape.cpython-311-darwin.so
--prepared:/Users/jaydenmanno/AI/MoneyPrinterTurbo/desktop/dist/Turbo Video.app/Contents/Frameworks/pandas/_libs/tslibs/strptime.cpython-311-darwin.so
--prepared:/Users/jaydenmanno/AI/MoneyPrinterTurbo/desktop/dist/Turbo Video.app/Contents/Frameworks/pandas/_libs/join.cpython-311-darwin.so
--prepared:/Users/jaydenmanno/AI/MoneyPrinterTurbo/desktop/dist/Turbo Video.app/Contents/Frameworks/pandas/_libs/byteswap.cpython-311-darwin.so
--prepared:/Users/jaydenmanno/AI/MoneyPrinterTurbo/desktop/dist/Turbo Video.app/Contents/Frameworks/pandas/_libs/pandas_parser.cpython-311-darwin.so
--validated:/Users/jaydenmanno/AI/MoneyPrinterTurbo/desktop/dist/Turbo Video.app/Contents/Frameworks/pandas/_libs/join.cpython-311-darwin.so
--validated:/Users/jaydenmanno/AI/MoneyPrinterTurbo/desktop/dist/Turbo Video.app/Contents/Frameworks/pandas/_libs/byteswap.cpython-311-darwin.so
--validated:/Users/jaydenmanno/AI/MoneyPrinterTurbo/desktop/dist/Turbo Video.app/Contents/Frameworks/pandas/_libs/pandas_parser.cpython-311-darwin.so
--validated:/Users/jaydenmanno/AI/MoneyPrinterTurbo/desktop/dist/Turbo Video.app/Contents/Frameworks/pandas/_libs/tslibs/strptime.cpython-311-darwin.so
--prepared:/Users/jaydenmanno/AI/MoneyPrinterTurbo/desktop/dist/Turbo Video.app/Contents/Frameworks/pandas/_libs/internals.cpython-311-darwin.so
--validated:/Users/jaydenmanno/AI/MoneyPrinterTurbo/desktop/dist/Turbo Video.app/Contents/Frameworks/pandas/_libs/internals.cpython-311-darwin.so
--prepared:/Users/jaydenmanno/AI/MoneyPrinterTurbo/desktop/dist/Turbo Video.app/Contents/Frameworks/pandas/_libs/tslibs/dtypes.cpython-311-darwin.so
--prepared:/Users/jaydenmanno/AI/MoneyPrinterTurbo/desktop/dist/Turbo Video.app/Contents/Frameworks/pandas/_libs/tslibs/vectorized.cpython-311-darwin.so
--prepared:/Users/jaydenmanno/AI/MoneyPrinterTurbo/desktop/dist/Turbo Video.app/Contents/Frameworks/pandas/_libs/tslibs/conversion.cpython-311-darwin.so
--validated:/Users/jaydenmanno/AI/MoneyPrinterTurbo/desktop/dist/Turbo Video.app/Contents/Frameworks/pandas/_libs/tslibs/dtypes.cpython-311-darwin.so
--validated:/Users/jaydenmanno/AI/MoneyPrinterTurbo/desktop/dist/Turbo Video.app/Contents/Frameworks/pandas/_libs/tslibs/conversion.cpython-311-darwin.so
--validated:/Users/jaydenmanno/AI/MoneyPrinterTurbo/desktop/dist/Turbo Video.app/Contents/Frameworks/pandas/_libs/tslibs/vectorized.cpython-311-darwin.so
--prepared:/Users/jaydenmanno/AI/MoneyPrinterTurbo/desktop/dist/Turbo Video.app/Contents/Frameworks/pandas/_libs/tslibs/base.cpython-311-darwin.so
--validated:/Users/jaydenmanno/AI/MoneyPrinterTurbo/desktop/dist/Turbo Video.app/Contents/Frameworks/pandas/_libs/tslibs/base.cpython-311-darwin.so
--prepared:/Users/jaydenmanno/AI/MoneyPrinterTurbo/desktop/dist/Turbo Video.app/Contents/Frameworks/pandas/_libs/tslibs/period.cpython-311-darwin.so
--prepared:/Users/jaydenmanno/AI/MoneyPrinterTurbo/desktop/dist/Turbo Video.app/Contents/Frameworks/pandas/_libs/tslibs/timezones.cpython-311-darwin.so
--prepared:/Users/jaydenmanno/AI/MoneyPrinterTurbo/desktop/dist/Turbo Video.app/Contents/Frameworks/pandas/_libs/tslibs/np_datetime.cpython-311-darwin.so
--prepared:/Users/jaydenmanno/AI/MoneyPrinterTurbo/desktop/dist/Turbo Video.app/Contents/Frameworks/pandas/_libs/tslibs/timestamps.cpython-311-darwin.so
--prepared:/Users/jaydenmanno/AI/MoneyPrinterTurbo/desktop/dist/Turbo Video.app/Contents/Frameworks/pandas/_libs/tslibs/parsing.cpython-311-darwin.so
--validated:/Users/jaydenmanno/AI/MoneyPrinterTurbo/desktop/dist/Turbo Video.app/Contents/Frameworks/pandas/_libs/tslibs/period.cpython-311-darwin.so
--validated:/Users/jaydenmanno/AI/MoneyPrinterTurbo/desktop/dist/Turbo Video.app/Contents/Frameworks/pandas/_libs/tslibs/timezones.cpython-311-darwin.so
--validated:/Users/jaydenmanno/AI/MoneyPrinterTurbo/desktop/dist/Turbo Video.app/Contents/Frameworks/pandas/_libs/tslibs/np_datetime.cpython-311-darwin.so
--validated:/Users/jaydenmanno/AI/MoneyPrinterTurbo/desktop/dist/Turbo Video.app/Contents/Frameworks/pandas/_libs/tslibs/parsing.cpython-311-darwin.so
--validated:/Users/jaydenmanno/AI/MoneyPrinterTurbo/desktop/dist/Turbo Video.app/Contents/Frameworks/pandas/_libs/tslibs/timestamps.cpython-311-darwin.so
--prepared:/Users/jaydenmanno/AI/MoneyPrinterTurbo/desktop/dist/Turbo Video.app/Contents/Frameworks/pandas/_libs/tslibs/nattype.cpython-311-darwin.so
--validated:/Users/jaydenmanno/AI/MoneyPrinterTurbo/desktop/dist/Turbo Video.app/Contents/Frameworks/pandas/_libs/tslibs/nattype.cpython-311-darwin.so
--prepared:/Users/jaydenmanno/AI/MoneyPrinterTurbo/desktop/dist/Turbo Video.app/Contents/Frameworks/pandas/_libs/tslibs/fields.cpython-311-darwin.so
--prepared:/Users/jaydenmanno/AI/MoneyPrinterTurbo/desktop/dist/Turbo Video.app/Contents/Frameworks/pandas/_libs/tslibs/tzconversion.cpython-311-darwin.so
--validated:/Users/jaydenmanno/AI/MoneyPrinterTurbo/desktop/dist/Turbo Video.app/Contents/Frameworks/pandas/_libs/tslibs/fields.cpython-311-darwin.so
--validated:/Users/jaydenmanno/AI/MoneyPrinterTurbo/desktop/dist/Turbo Video.app/Contents/Frameworks/pandas/_libs/tslibs/tzconversion.cpython-311-darwin.so
--prepared:/Users/jaydenmanno/AI/MoneyPrinterTurbo/desktop/dist/Turbo Video.app/Contents/Frameworks/pandas/_libs/tslibs/offsets.cpython-311-darwin.so
--validated:/Users/jaydenmanno/AI/MoneyPrinterTurbo/desktop/dist/Turbo Video.app/Contents/Frameworks/pandas/_libs/tslibs/offsets.cpython-311-darwin.so
--prepared:/Users/jaydenmanno/AI/MoneyPrinterTurbo/desktop/dist/Turbo Video.app/Contents/Frameworks/pandas/_libs/tslibs/ccalendar.cpython-311-darwin.so
--validated:/Users/jaydenmanno/AI/MoneyPrinterTurbo/desktop/dist/Turbo Video.app/Contents/Frameworks/pandas/_libs/tslibs/ccalendar.cpython-311-darwin.so
--prepared:/Users/jaydenmanno/AI/MoneyPrinterTurbo/desktop/dist/Turbo Video.app/Contents/Frameworks/pandas/_libs/properties.cpython-311-darwin.so
--validated:/Users/jaydenmanno/AI/MoneyPrinterTurbo/desktop/dist/Turbo Video.app/Contents/Frameworks/pandas/_libs/properties.cpython-311-darwin.so
--prepared:/Users/jaydenmanno/AI/MoneyPrinterTurbo/desktop/dist/Turbo Video.app/Contents/Frameworks/pandas/_libs/tslibs/timedeltas.cpython-311-darwin.so
--prepared:/Users/jaydenmanno/AI/MoneyPrinterTurbo/desktop/dist/Turbo Video.app/Contents/Frameworks/pandas/_libs/ops_dispatch.cpython-311-darwin.so
--validated:/Users/jaydenmanno/AI/MoneyPrinterTurbo/desktop/dist/Turbo Video.app/Contents/Frameworks/pandas/_libs/ops_dispatch.cpython-311-darwin.so
--validated:/Users/jaydenmanno/AI/MoneyPrinterTurbo/desktop/dist/Turbo Video.app/Contents/Frameworks/pandas/_libs/tslibs/timedeltas.cpython-311-darwin.so
--prepared:/Users/jaydenmanno/AI/MoneyPrinterTurbo/desktop/dist/Turbo Video.app/Contents/Frameworks/pandas/_libs/pandas_datetime.cpython-311-darwin.so
--validated:/Users/jaydenmanno/AI/MoneyPrinterTurbo/desktop/dist/Turbo Video.app/Contents/Frameworks/pandas/_libs/pandas_datetime.cpython-311-darwin.so
--prepared:/Users/jaydenmanno/AI/MoneyPrinterTurbo/desktop/dist/Turbo Video.app/Contents/Frameworks/pandas/_libs/writers.cpython-311-darwin.so
--validated:/Users/jaydenmanno/AI/MoneyPrinterTurbo/desktop/dist/Turbo Video.app/Contents/Frameworks/pandas/_libs/writers.cpython-311-darwin.so
--prepared:/Users/jaydenmanno/AI/MoneyPrinterTurbo/desktop/dist/Turbo Video.app/Contents/Frameworks/pandas/_libs/interval.cpython-311-darwin.so
--validated:/Users/jaydenmanno/AI/MoneyPrinterTurbo/desktop/dist/Turbo Video.app/Contents/Frameworks/pandas/_libs/interval.cpython-311-darwin.so
--prepared:/Users/jaydenmanno/AI/MoneyPrinterTurbo/desktop/dist/Turbo Video.app/Contents/Frameworks/libvpx.12.dylib
--validated:/Users/jaydenmanno/AI/MoneyPrinterTurbo/desktop/dist/Turbo Video.app/Contents/Frameworks/libvpx.12.dylib
--prepared:/Users/jaydenmanno/AI/MoneyPrinterTurbo/desktop/dist/Turbo Video.app/Contents/Frameworks/pyarrow/libarrow.2300.dylib
--validated:/Users/jaydenmanno/AI/MoneyPrinterTurbo/desktop/dist/Turbo Video.app/Contents/Frameworks/pyarrow/libarrow.2300.dylib
--prepared:/Users/jaydenmanno/AI/MoneyPrinterTurbo/desktop/dist/Turbo Video.app/Contents/Frameworks/pyarrow/libarrow_python_flight.2300.dylib
--validated:/Users/jaydenmanno/AI/MoneyPrinterTurbo/desktop/dist/Turbo Video.app/Contents/Frameworks/pyarrow/libarrow_python_flight.2300.dylib
--prepared:/Users/jaydenmanno/AI/MoneyPrinterTurbo/desktop/dist/Turbo Video.app/Contents/Frameworks/pyarrow/_dataset_parquet_encryption.cpython-311-darwin.so
--validated:/Users/jaydenmanno/AI/MoneyPrinterTurbo/desktop/dist/Turbo Video.app/Contents/Frameworks/pyarrow/_dataset_parquet_encryption.cpython-311-darwin.so
--prepared:/Users/jaydenmanno/AI/MoneyPrinterTurbo/desktop/dist/Turbo Video.app/Contents/Frameworks/pyarrow/_parquet_encryption.cpython-311-darwin.so
--validated:/Users/jaydenmanno/AI/MoneyPrinterTurbo/desktop/dist/Turbo Video.app/Contents/Frameworks/pyarrow/_parquet_encryption.cpython-311-darwin.so
--prepared:/Users/jaydenmanno/AI/MoneyPrinterTurbo/desktop/dist/Turbo Video.app/Contents/Frameworks/pyarrow/_json.cpython-311-darwin.so
--prepared:/Users/jaydenmanno/AI/MoneyPrinterTurbo/desktop/dist/Turbo Video.app/Contents/Frameworks/pyarrow/_substrait.cpython-311-darwin.so
--validated:/Users/jaydenmanno/AI/MoneyPrinterTurbo/desktop/dist/Turbo Video.app/Contents/Frameworks/pyarrow/_json.cpython-311-darwin.so
--validated:/Users/jaydenmanno/AI/MoneyPrinterTurbo/desktop/dist/Turbo Video.app/Contents/Frameworks/pyarrow/_substrait.cpython-311-darwin.so
--prepared:/Users/jaydenmanno/AI/MoneyPrinterTurbo/desktop/dist/Turbo Video.app/Contents/Frameworks/pyarrow/_feather.cpython-311-darwin.so
--validated:/Users/jaydenmanno/AI/MoneyPrinterTurbo/desktop/dist/Turbo Video.app/Contents/Frameworks/pyarrow/_feather.cpython-311-darwin.so
--prepared:/Users/jaydenmanno/AI/MoneyPrinterTurbo/desktop/dist/Turbo Video.app/Contents/Frameworks/pyarrow/_flight.cpython-311-darwin.so
--validated:/Users/jaydenmanno/AI/MoneyPrinterTurbo/desktop/dist/Turbo Video.app/Contents/Frameworks/pyarrow/_flight.cpython-311-darwin.so
--prepared:/Users/jaydenmanno/AI/MoneyPrinterTurbo/desktop/dist/Turbo Video.app/Contents/Frameworks/pyarrow/_compute.cpython-311-darwin.so
--validated:/Users/jaydenmanno/AI/MoneyPrinterTurbo/desktop/dist/Turbo Video.app/Contents/Frameworks/pyarrow/_compute.cpython-311-darwin.so
--prepared:/Users/jaydenmanno/AI/MoneyPrinterTurbo/desktop/dist/Turbo Video.app/Contents/Frameworks/pyarrow/_dataset.cpython-311-darwin.so
--validated:/Users/jaydenmanno/AI/MoneyPrinterTurbo/desktop/dist/Turbo Video.app/Contents/Frameworks/pyarrow/_dataset.cpython-311-darwin.so
--prepared:/Users/jaydenmanno/AI/MoneyPrinterTurbo/desktop/dist/Turbo Video.app/Contents/Frameworks/pyarrow/_hdfs.cpython-311-darwin.so
--validated:/Users/jaydenmanno/AI/MoneyPrinterTurbo/desktop/dist/Turbo Video.app/Contents/Frameworks/pyarrow/_hdfs.cpython-311-darwin.so
--prepared:/Users/jaydenmanno/AI/MoneyPrinterTurbo/desktop/dist/Turbo Video.app/Contents/Frameworks/pyarrow/_gcsfs.cpython-311-darwin.so
--validated:/Users/jaydenmanno/AI/MoneyPrinterTurbo/desktop/dist/Turbo Video.app/Contents/Frameworks/pyarrow/_gcsfs.cpython-311-darwin.so
--prepared:/Users/jaydenmanno/AI/MoneyPrinterTurbo/desktop/dist/Turbo Video.app/Contents/Frameworks/pyarrow/libparquet.2300.dylib
--prepared:/Users/jaydenmanno/AI/MoneyPrinterTurbo/desktop/dist/Turbo Video.app/Contents/Frameworks/pyarrow/libarrow_python.2300.dylib
--validated:/Users/jaydenmanno/AI/MoneyPrinterTurbo/desktop/dist/Turbo Video.app/Contents/Frameworks/pyarrow/libparquet.2300.dylib
--validated:/Users/jaydenmanno/AI/MoneyPrinterTurbo/desktop/dist/Turbo Video.app/Contents/Frameworks/pyarrow/libarrow_python.2300.dylib
--prepared:/Users/jaydenmanno/AI/MoneyPrinterTurbo/desktop/dist/Turbo Video.app/Contents/Frameworks/pyarrow/libarrow_python_flight.2300.1.0.dylib
--prepared:/Users/jaydenmanno/AI/MoneyPrinterTurbo/desktop/dist/Turbo Video.app/Contents/Frameworks/pyarrow/libarrow_python_flight.dylib
--validated:/Users/jaydenmanno/AI/MoneyPrinterTurbo/desktop/dist/Turbo Video.app/Contents/Frameworks/pyarrow/libarrow_python_flight.2300.1.0.dylib
--validated:/Users/jaydenmanno/AI/MoneyPrinterTurbo/desktop/dist/Turbo Video.app/Contents/Frameworks/pyarrow/libarrow_python_flight.dylib
--prepared:/Users/jaydenmanno/AI/MoneyPrinterTurbo/desktop/dist/Turbo Video.app/Contents/Frameworks/pyarrow/_dataset_parquet.cpython-311-darwin.so
--validated:/Users/jaydenmanno/AI/MoneyPrinterTurbo/desktop/dist/Turbo Video.app/Contents/Frameworks/pyarrow/_dataset_parquet.cpython-311-darwin.so
--prepared:/Users/jaydenmanno/AI/MoneyPrinterTurbo/desktop/dist/Turbo Video.app/Contents/Frameworks/pyarrow/lib.cpython-311-darwin.so
--validated:/Users/jaydenmanno/AI/MoneyPrinterTurbo/desktop/dist/Turbo Video.app/Contents/Frameworks/pyarrow/lib.cpython-311-darwin.so
--prepared:/Users/jaydenmanno/AI/MoneyPrinterTurbo/desktop/dist/Turbo Video.app/Contents/Frameworks/pyarrow/libarrow_substrait.2300.dylib
--validated:/Users/jaydenmanno/AI/MoneyPrinterTurbo/desktop/dist/Turbo Video.app/Contents/Frameworks/pyarrow/libarrow_substrait.2300.dylib
--prepared:/Users/jaydenmanno/AI/MoneyPrinterTurbo/desktop/dist/Turbo Video.app/Contents/Frameworks/pyarrow/_orc.cpython-311-darwin.so
--validated:/Users/jaydenmanno/AI/MoneyPrinterTurbo/desktop/dist/Turbo Video.app/Contents/Frameworks/pyarrow/_orc.cpython-311-darwin.so
--prepared:/Users/jaydenmanno/AI/MoneyPrinterTurbo/desktop/dist/Turbo Video.app/Contents/Frameworks/pyarrow/_azurefs.cpython-311-darwin.so
--validated:/Users/jaydenmanno/AI/MoneyPrinterTurbo/desktop/dist/Turbo Video.app/Contents/Frameworks/pyarrow/_azurefs.cpython-311-darwin.so
--prepared:/Users/jaydenmanno/AI/MoneyPrinterTurbo/desktop/dist/Turbo Video.app/Contents/Frameworks/pyarrow/_acero.cpython-311-darwin.so
--validated:/Users/jaydenmanno/AI/MoneyPrinterTurbo/desktop/dist/Turbo Video.app/Contents/Frameworks/pyarrow/_acero.cpython-311-darwin.so
--prepared:/Users/jaydenmanno/AI/MoneyPrinterTurbo/desktop/dist/Turbo Video.app/Contents/Frameworks/pyarrow/libarrow_python_parquet_encryption.2300.1.0.dylib
--validated:/Users/jaydenmanno/AI/MoneyPrinterTurbo/desktop/dist/Turbo Video.app/Contents/Frameworks/pyarrow/libarrow_python_parquet_encryption.2300.1.0.dylib
--prepared:/Users/jaydenmanno/AI/MoneyPrinterTurbo/desktop/dist/Turbo Video.app/Contents/Frameworks/pyarrow/_parquet.cpython-311-darwin.so
--validated:/Users/jaydenmanno/AI/MoneyPrinterTurbo/desktop/dist/Turbo Video.app/Contents/Frameworks/pyarrow/_parquet.cpython-311-darwin.so
--prepared:/Users/jaydenmanno/AI/MoneyPrinterTurbo/desktop/dist/Turbo Video.app/Contents/Frameworks/pyarrow/_dataset_orc.cpython-311-darwin.so
--prepared:/Users/jaydenmanno/AI/MoneyPrinterTurbo/desktop/dist/Turbo Video.app/Contents/Frameworks/pyarrow/libarrow_acero.2300.dylib
--validated:/Users/jaydenmanno/AI/MoneyPrinterTurbo/desktop/dist/Turbo Video.app/Contents/Frameworks/pyarrow/libarrow_acero.2300.dylib
--validated:/Users/jaydenmanno/AI/MoneyPrinterTurbo/desktop/dist/Turbo Video.app/Contents/Frameworks/pyarrow/_dataset_orc.cpython-311-darwin.so
--prepared:/Users/jaydenmanno/AI/MoneyPrinterTurbo/desktop/dist/Turbo Video.app/Contents/Frameworks/pyarrow/_s3fs.cpython-311-darwin.so
--validated:/Users/jaydenmanno/AI/MoneyPrinterTurbo/desktop/dist/Turbo Video.app/Contents/Frameworks/pyarrow/_s3fs.cpython-311-darwin.so
--prepared:/Users/jaydenmanno/AI/MoneyPrinterTurbo/desktop/dist/Turbo Video.app/Contents/Frameworks/pyarrow/libarrow_python_parquet_encryption.dylib
--validated:/Users/jaydenmanno/AI/MoneyPrinterTurbo/desktop/dist/Turbo Video.app/Contents/Frameworks/pyarrow/libarrow_python_parquet_encryption.dylib
--prepared:/Users/jaydenmanno/AI/MoneyPrinterTurbo/desktop/dist/Turbo Video.app/Contents/Frameworks/pyarrow/_csv.cpython-311-darwin.so
--validated:/Users/jaydenmanno/AI/MoneyPrinterTurbo/desktop/dist/Turbo Video.app/Contents/Frameworks/pyarrow/_csv.cpython-311-darwin.so
--prepared:/Users/jaydenmanno/AI/MoneyPrinterTurbo/desktop/dist/Turbo Video.app/Contents/Frameworks/pyarrow/libarrow_python_parquet_encryption.2300.dylib
--validated:/Users/jaydenmanno/AI/MoneyPrinterTurbo/desktop/dist/Turbo Video.app/Contents/Frameworks/pyarrow/libarrow_python_parquet_encryption.2300.dylib
--prepared:/Users/jaydenmanno/AI/MoneyPrinterTurbo/desktop/dist/Turbo Video.app/Contents/Frameworks/pyarrow/_fs.cpython-311-darwin.so
--validated:/Users/jaydenmanno/AI/MoneyPrinterTurbo/desktop/dist/Turbo Video.app/Contents/Frameworks/pyarrow/_fs.cpython-311-darwin.so
--prepared:/Users/jaydenmanno/AI/MoneyPrinterTurbo/desktop/dist/Turbo Video.app/Contents/Frameworks/pyarrow/libarrow_python.dylib
--validated:/Users/jaydenmanno/AI/MoneyPrinterTurbo/desktop/dist/Turbo Video.app/Contents/Frameworks/pyarrow/libarrow_python.dylib
--prepared:/Users/jaydenmanno/AI/MoneyPrinterTurbo/desktop/dist/Turbo Video.app/Contents/Frameworks/pyarrow/libarrow_dataset.2300.dylib
--validated:/Users/jaydenmanno/AI/MoneyPrinterTurbo/desktop/dist/Turbo Video.app/Contents/Frameworks/pyarrow/libarrow_dataset.2300.dylib
--prepared:/Users/jaydenmanno/AI/MoneyPrinterTurbo/desktop/dist/Turbo Video.app/Contents/Frameworks/pyarrow/libarrow_python.2300.1.0.dylib
--validated:/Users/jaydenmanno/AI/MoneyPrinterTurbo/desktop/dist/Turbo Video.app/Contents/Frameworks/pyarrow/libarrow_python.2300.1.0.dylib
--prepared:/Users/jaydenmanno/AI/MoneyPrinterTurbo/desktop/dist/Turbo Video.app/Contents/Frameworks/libavformat.63.1.101.dylib
--validated:/Users/jaydenmanno/AI/MoneyPrinterTurbo/desktop/dist/Turbo Video.app/Contents/Frameworks/libavformat.63.1.101.dylib
--prepared:/Users/jaydenmanno/AI/MoneyPrinterTurbo/desktop/dist/Turbo Video.app/Contents/Frameworks/pyarrow/libarrow_compute.2300.dylib
--validated:/Users/jaydenmanno/AI/MoneyPrinterTurbo/desktop/dist/Turbo Video.app/Contents/Frameworks/pyarrow/libarrow_compute.2300.dylib
--prepared:/Users/jaydenmanno/AI/MoneyPrinterTurbo/desktop/dist/Turbo Video.app/Contents/Frameworks/pyarrow/libarrow_flight.2300.dylib
--validated:/Users/jaydenmanno/AI/MoneyPrinterTurbo/desktop/dist/Turbo Video.app/Contents/Frameworks/pyarrow/libarrow_flight.2300.dylib
--prepared:/Users/jaydenmanno/AI/MoneyPrinterTurbo/desktop/dist/Turbo Video.app/Contents/Frameworks/libx265.216.dylib
--validated:/Users/jaydenmanno/AI/MoneyPrinterTurbo/desktop/dist/Turbo Video.app/Contents/Frameworks/libx265.216.dylib
/Users/jaydenmanno/AI/MoneyPrinterTurbo/desktop/dist/Turbo Video.app: valid on disk
/Users/jaydenmanno/AI/MoneyPrinterTurbo/desktop/dist/Turbo Video.app: satisfies its Designated Requirement
2026-08-22 19:18:10.058 | INFO     | app.config.config:load_config:483 - loading application configuration
2026-08-22 19:18:10.061 | INFO     | app.config.config:<module>:597 - MoneyPrinterTurbo v1.3.4
Built application: /Users/jaydenmanno/AI/MoneyPrinterTurbo/desktop/dist/Turbo Video.app
Built disk image: /Users/jaydenmanno/AI/MoneyPrinterTurbo/desktop/dist/Turbo-Video-1.0.0-arm64.dmg
Build manifest: /Users/jaydenmanno/AI/MoneyPrinterTurbo/desktop/dist/BUILD-MANIFEST.txt
